Apimel_XP_016769858.1	LOC726469	6865381_6962813	790
Apla_XP_022088783.1	LOC110978257	461891_475115	812
Apla_XP_022111117.1	LOC110990427	37670_50226	830
Aplcal_XP_005100139.1	LOC101845699	212442_243632	800
Aplcal_XP_035828739.1	LOC101859365	107700_134788	852
Aque_XP_019848756.1	LOC100631436	228622_232300	768
Aque_XP_019850257.1	LOC100633673	164567_170282	845
Atha_NP_001326314.1	AT3G10390	3229060_3232531	936
Atha_NP_001328665.1	AT4G16310	9217988_9226280	1628
Atha_NP_176471.1	AT1G62830	23264486_23267221	844
Atha_NP_187981.1	AT3G13682	4478873_4481767	746
Atri_XP_006853193.1	LOC18442925	3930621_3933794	787
Atri_XP_011624439.1	LOC18437013	3653380_3676089	831
Atri_XP_011627240.1	LOC18444624	43879_56733	2117
Atri_XP_020521070.1	LOC18431580	8342890_8363116	752
Bdis_XP_003570612.2	LOC100821112	57885167_57888681	825
Bdis_XP_003573376.1	LOC100835742	13187532_13191621	772
Bdis_XP_003580318.2	LOC100846366	21416902_21423346	1191
Bdis_XP_010234777.1	LOC100845102	28560312_28568599	1814
Blan_XP_066268593.1	LOC136424075	4727539_4741362	820
Blan_XP_066288152.1	LOC136437437	15969514_15986669	849
Bmor_XP_037875164.1	LOC101739058	6797649_7157545	877
Bnap_XP_013655750.2	LOC106360660	10569729_10576577	1587
Bnap_XP_013661609.1	LOC106366542	9357736_9360174	698
Bnap_XP_013711309.2	LOC106415213	20085377_20092265	1593
Bnap_XP_013722644.1	LOC106426468	46038587_46041273	731
Bnap_XP_013736107.2	LOC106439248	25354656_25358094	891
Bnap_XP_048595676.1	LOC125577814	26951753_26954459	732
Bnap_XP_048626002.1	LOC106401023	13500539_13503055	701
Bnap_XP_048632321.1	LOC106353016	16570858_16574330	898
Cbra_GBG75206.1	CBR_g19719	2244438_2259418	1317
Cbra_GBG78364.1	CBR_g26393	1711594_1713458	587
Ccri_XP_005714032.1	CHC_T00002808001	165349_169014	1009
Ccri_XP_005714352.1	CHC_T00010075001	20091_22403	770
Cint_XP_002131150.1	LOC100187100	5920848_5927303	705
Cint_XP_026695851.1	LOC100180474	6612299_6640144	1071
Cofcan_CDO99787.1	GSCOC_T00029478001	8872128_8876593	1061
Cofcan_CDP00597.1	GSCOC_T00032587001	27771355_27773877	840
Cofcan_CDP07432.1	GSCOC_T00024697001	1512753_1524322	1960
Cofcan_CDP11982.1	GSCOC_T00035322001	23038770_23042452	755
Crei_XP_001694551.2	CHLRE_09g389250v5	2753401_2757653	453
Crei_XP_042922500.1	CHLRE_07g318651v5	870885_882470	1182
Cscu_XP_023231104.1	LOC111631135	100108_148955	820
Cscu_XP_023231112.1	LOC111631143	84479_96864	379
Cscu_XP_023240468.1	LOC111638896	488265_707379	782
Dmel_NP_649194.1	Dmel_CG17149	20226381_20230250	890
Dpul_XP_046461903.1	LOC124208192	6839921_6861903	795
Drer_NP_001229924.1	kdm1a	28084395_28101982	833
Drer_XP_068071447.1	LOC100331367	2495_10849	672
Ecur_TVU02431.1	EJB05_52073	99905_106642	798
Ecur_TVU14903.1	EJB05_38400	14436723_14439806	802
Ecur_TVU28580.1	EJB05_20102	7123947_7126529	860
Ecur_TVU43376.1	EJB05_09842	16250456_16256836	798
Ecur_TVU47064.1	EJB05_06644	31974363_31982745	1841
Ggal_XP_025003413.1	KDM1B	60074038_60102671	896
Ggal_XP_417719.6	KDM1A	2062620_2092723	846
Hrob_XP_009012395.1	HELRODRAFT_190449	1066333_1075939	893
Hrob_XP_009031024.1	HELRODRAFT_90753	90918_99328	799
Hsap_NP_001351543.1	KDM1B	18155422_18223854	822
Hsap_NP_001397691.1	KDM1A	23019468_23083689	878
Lana_XP_013396905.1	LOC106163772	43774_49512	382
Lana_XP_013396909.1	LOC106163775	50026_53478	234
Lana_XP_013400926.1	LOC106166816	30519_153554	715
Lana_XP_013406438.1	LOC106170923	284797_294596	854
Lsat_XP_023745295.1	LOC111893474	218384121_218391124	1686
Lsat_XP_023750685.1	LOC111899036	212842610_212845036	702
Lsat_XP_023756338.2	LOC111904861	191935072_191938207	775
Lsat_XP_023764694.1	LOC111913207	28094198_28097416	937
Lsat_XP_042753303.2	LOC111915269	206708308_206709243	311
Mesc_XP_021607529.1	LOC110611468	24142405_24153353	751
Mesc_XP_021613084.1	LOC110615513	26099531_26112312	1997
Mesc_XP_021625457.1	LOC110624568	5599924_5614626	924
Mesc_XP_021628610.1	LOC110626809	21201853_21204877	815
Mesc_XP_043808846.1	LOC110606803	1744253_1755706	2064
Mlei_ML06333a-PA	ML06333a	8183_24455	1211
Mlei_ML095310a-PA	ML095310a	126806_136083	807
Mpol_BFI33003.1	MPTK2_4g11370	14647441_14652931	627
Mpol_BFI35077.1	MPTK2_5g05960	7935344_7939732	1028
Mpol_BFI42748.1	MPTK2_8g11530	14892239_14898801	812
Mpol_BFI42826.1	MPTK2_8g12270	16218739_16223544	512
Mtru_XP_003589373.2	LOC11416384	7606149_7618339	1935
Mtru_XP_003600175.1	LOC11423713	24871657_24874614	748
Mtru_XP_013445563.1	LOC25502558	25020763_25024439	753
Mtru_XP_013453023.1	LOC25496860	39234367_39237013	812
Mtru_XP_013462192.1	LOC11426826	56294540_56304032	1930
Mtru_XP_013467388.1	LOC25483267	20141274_20146483	886
Osat_NP_001403836.1	LOC4330771	32268673_32271753	849
Osat_NP_001406702.1	LOC4336650	28572686_28575665	811
Osat_NP_001409836.1	LOC4344644	2397832_2401706	763
Osat_XP_015614418.1	LOC4349214	21372254_21380764	1832
Otau_XP_003084447.2	OT_ostta20g00680	113179_115038	619
Otau_XP_022838542.1	OT_ostta03g03600	599564_603130	1188
Ppat_XP_024364204.1	LOC112276767	24007017_24018474	1743
Ppat_XP_024379417.1	LOC112284092	4942967_4956349	1792
Ppat_XP_024386317.1	LOC112287502	10832444_10837538	946
Ppat_XP_024394477.1	LOC112291380	11239377_11245718	947
Ppat_XP_024399269.1	LOC112293730	16438631_16442235	506
Ppat_XP_024400580.1	LOC112294318	767280_777776	1784
Ppur_KAA8495468.1	FVE85_1623	553823_556078	751
Psat_XP_050872869.1	LOC127075451	353641687_353645716	753
Psat_XP_050885066.1	LOC127088192	36060843_36071476	1937
Psat_XP_050886749.1	LOC127092017	235381868_235388254	916
Psat_XP_050891663.1	LOC127097200	3765008_3774891	1874
Psat_XP_050903252.1	LOC127115864	70830035_70832617	787
Pvan_XP_027214242.1	Su(var)3-3	6423743_6436765	761
Qlob_XP_030929184.1	LOC115955253	54297360_54303223	935
Qlob_XP_030930266.1	LOC115955976	18744438_18747830	751
Qlob_XP_030950677.1	LOC115974445	10820274_10833606	2063
Qlob_XP_030950882.1	LOC115974603	13758103_13760947	808
Rchi_XP_024159815.1	LOC112167082	29036024_29039268	748
Rchi_XP_024163081.1	LOC112170141	63510822_63513562	801
Rchi_XP_024165771.1	LOC112172601	62347198_62355686	1913
Rchi_XP_024176573.1	LOC112182329	54177226_54182371	908
Scil_XP_065176492.1	LOC135806261	88857660_88878118	994
Scil_XP_065184780.1	LOC135815415	27689438_27707921	1194
Scil_XP_065184846.1	LOC135815472	28559721_28569461	560
Scil_XP_065193469.1	LOC135824685	38695508_38712133	670
Skow_XP_006824583.1	LOC100373836	6108_28778	823
Skow_XP_006825544.1	LOC100370932	196480_234587	825
Smed_h1SMcT0002450.1	h1SMcG0002450	89230729_89233838	790
Smed_h1SMcT0005170.1	h1SMcG0005170	206317310_206322817	594
Smed_h1SMcT0010915.1	h1SMcG0010915	64717453_64726914	615
Smed_h1SMcT0021871.3	h1SMcG0021871	36347918_36360391	922
Smoe_XP_002963523.2	LOC9643732	393746_396409	806
Smoe_XP_002964157.1	LOC9654715	2280121_2284820	1292
Smoe_XP_002981558.2	LOC9647924	1221992_1224644	805
Smoe_XP_002987114.2	LOC9656737	175191_178726	751
Smoe_XP_024522564.1	LOC9652571	30973_37709	1292
Smoe_XP_024537108.1	LOC9646375	63079_64904	484
Sollyc_XP_004244362.3	LOC101245271	68409660_68413102	759
Sollyc_XP_010320415.2	LOC101247522	67019056_67031698	2078
Sollyc_XP_010327494.1	LOC104649682	39095118_39097782	812
Sollyc_XP_019066654.1	LOC101267859	3108033_3113625	1009
Sollyc_XP_069143641.1	LOC101245565	68368783_68373916	763
Sollyc_XP_069154735.1	LOC101261714	68399539_68409024	635
Spur_XP_030830284.1	LOC577549	555464_573908	853
Spur_XP_030850350.1	LOC575875	30654158_30666673	844
Tadh_XP_002118392.1	TRIADDRAFT_34137	19761_24963	761
Tura_XP_048536031.1	LOC125514725	516197623_516200517	822
Tura_XP_048537005.1	LOC125515555	569611694_569622038	1852
Tura_XP_048540688.1	LOC125519949	416628769_416635082	759
Tura_XP_048558867.1	LOC125539454	652875052_652882471	1191
Xtro_XP_002932724.1	kdm1b	92671570_92693920	821
Xtro_XP_002936640.1	kdm1a	89279753_89309651	833
Zmay_NP_001148070.2	LOC100281678	19415594_19418702	808
Zmay_XP_008646288.1	LOC103627761	216769022_216771845	849
Zmay_XP_008657823.1	LOC103637393	82824766_82834428	1803
Zmay_XP_008662882.1	LOC103641305	83874968_83879410	763
