Smed_h1SMcT0005170.1	AOD.HG12.0:like:FLD/LDL1/LDL2	90.0	NA	NA
Smed_h1SMcT0010915.1	AOD.HG12.0:like:FLD/LDL1/LDL2	90.0	NA	NA
Mtru_XP_003600175.1	AOD.HG12.1:FLD/LDL1/LDL2	90.0	LDL2	69.0
Atri_XP_011624439.1	AOD.HG12.1:FLD/LDL1/LDL2	90.0	FLD	100.0
Cofcan_CDP00597.1	AOD.HG12.1:FLD/LDL1/LDL2	90.0	LDL1	100.0
Tura_XP_048540688.1	AOD.HG12.1:FLD/LDL1/LDL2	90.0	LDL2	78.0
Ppat_XP_024386317.1	AOD.HG12.1:FLD/LDL1/LDL2	90.0	FLD/LDL1/LDL2	36.0/36.0/36.0
Osat_NP_001409836.1	AOD.HG12.1:FLD/LDL1/LDL2	90.0	LDL2	78.0
Sollyc_XP_019066654.1	AOD.HG12.1:FLD/LDL1/LDL2	90.0	FLD	97.0
Zmay_XP_008662882.1	AOD.HG12.1:FLD/LDL1/LDL2	90.0	LDL2	78.0
Cofcan_CDP11982.1	AOD.HG12.1:FLD/LDL1/LDL2	90.0	LDL2	97.0
Qlob_XP_030930266.1	AOD.HG12.1:FLD/LDL1/LDL2	90.0	LDL2	84.0
Lsat_XP_023756338.2	AOD.HG12.1:FLD/LDL1/LDL2	90.0	LDL2	97.0
Atri_XP_020521070.1	AOD.HG12.1:FLD/LDL1/LDL2	90.0	LDL2	72.0
Bdis_XP_003573376.1	AOD.HG12.1:FLD/LDL1/LDL2	90.0	LDL2	78.0
Qlob_XP_030929184.1	AOD.HG12.1:FLD/LDL1/LDL2	90.0	FLD	70.0
Psat_XP_050903252.1	AOD.HG12.1:FLD/LDL1/LDL2	90.0	LDL1	95.0
Psat_XP_050872869.1	AOD.HG12.1:FLD/LDL1/LDL2	90.0	LDL2	69.0
Sollyc_XP_010327494.1	AOD.HG12.1:FLD/LDL1/LDL2	90.0	LDL1	100.0
Tura_XP_048536031.1	AOD.HG12.1:FLD/LDL1/LDL2	90.0	LDL1	100.0
Mpol_BFI35077.1	AOD.HG12.1:FLD/LDL1/LDL2	90.0	NA	NA
Sollyc_XP_069154735.1	AOD.HG12.1:FLD/LDL1/LDL2	90.0	FLD	97.0
Mesc_XP_021607529.1	AOD.HG12.1:FLD/LDL1/LDL2	90.0	LDL2	91.0
Bnap_XP_013736107.2	AOD.HG12.1:FLD/LDL1/LDL2	90.0	FLD	100.0
Mtru_XP_013445563.1	AOD.HG12.1:FLD/LDL1/LDL2	90.0	LDL2	69.0
Mesc_XP_021625457.1	AOD.HG12.1:FLD/LDL1/LDL2	90.0	FLD	70.0
Mtru_XP_013467388.1	AOD.HG12.1:FLD/LDL1/LDL2	90.0	FLD	70.0
Zmay_NP_001148070.2	AOD.HG12.1:FLD/LDL1/LDL2	90.0	FLD	87.0
Bnap_XP_048626002.1	AOD.HG12.1:FLD/LDL1/LDL2	90.0	LDL1	100.0
Sollyc_XP_004244362.3	AOD.HG12.1:FLD/LDL1/LDL2	90.0	LDL2	97.0
Mesc_XP_021628610.1	AOD.HG12.1:FLD/LDL1/LDL2	90.0	LDL1	84.0
Ppat_XP_024394477.1	AOD.HG12.1:FLD/LDL1/LDL2	90.0	FLD/LDL1/LDL2	36.0/36.0/36.0
Ppur_KAA8495468.1	AOD.HG12.1:FLD/LDL1/LDL2	90.0	FLD/LDL1/LDL2	80.0/80.0/80.0
Rchi_XP_024163081.1	AOD.HG12.1:FLD/LDL1/LDL2	90.0	LDL1	84.0
Atri_XP_006853193.1	AOD.HG12.1:FLD/LDL1/LDL2	90.0	LDL1	100.0
Ecur_TVU28580.1	AOD.HG12.1:FLD/LDL1/LDL2	90.0	LDL1	100.0
Ecur_TVU14903.1	AOD.HG12.1:FLD/LDL1/LDL2	90.0	FLD	87.0
Lsat_XP_042753303.2	AOD.HG12.1:FLD/LDL1/LDL2	90.0	LDL1	100.0
Bdis_XP_003570612.2	AOD.HG12.1:FLD/LDL1/LDL2	90.0	LDL1	100.0
Ecur_TVU43376.1	AOD.HG12.1:FLD/LDL1/LDL2	90.0	LDL2	78.0
Sollyc_XP_069143641.1	AOD.HG12.1:FLD/LDL1/LDL2	90.0	LDL2	97.0
Cofcan_CDO99787.1	AOD.HG12.1:FLD/LDL1/LDL2	90.0	FLD	97.0
Bdis_XP_003580318.2	AOD.HG12.1:FLD/LDL1/LDL2	90.0	FLD	87.0
Rchi_XP_024159815.1	AOD.HG12.1:FLD/LDL1/LDL2	90.0	LDL2	67.0
Lsat_XP_023750685.1	AOD.HG12.1:FLD/LDL1/LDL2	90.0	LDL1	100.0
Bnap_XP_048632321.1	AOD.HG12.1:FLD/LDL1/LDL2	90.0	FLD	100.0
Rchi_XP_024176573.1	AOD.HG12.1:FLD/LDL1/LDL2	90.0	FLD	70.0
Bnap_XP_013722644.1	AOD.HG12.1:FLD/LDL1/LDL2	90.0	LDL2	100.0
Zmay_XP_008646288.1	AOD.HG12.1:FLD/LDL1/LDL2	90.0	LDL1	100.0
Crei_XP_042922500.1	AOD.HG12.1:FLD/LDL1/LDL2	90.0	FLD/LDL1/LDL2	95.0/95.0/95.0
Bnap_XP_048595676.1	AOD.HG12.1:FLD/LDL1/LDL2	90.0	LDL2	100.0
Mpol_BFI42748.1	AOD.HG12.1:FLD/LDL1/LDL2	90.0	FLD/LDL1/LDL2	51.0/51.0/51.0
Psat_XP_050886749.1	AOD.HG12.1:FLD/LDL1/LDL2	90.0	FLD	70.0
Qlob_XP_030950882.1	AOD.HG12.1:FLD/LDL1/LDL2	90.0	LDL1	84.0
Lsat_XP_023764694.1	AOD.HG12.1:FLD/LDL1/LDL2	90.0	FLD	97.0
Bnap_XP_013661609.1	AOD.HG12.1:FLD/LDL1/LDL2	90.0	LDL1	100.0
Smoe_XP_002963523.2	AOD.HG12.1:FLD/LDL1/LDL2	90.0	FLD/LDL1/LDL2	51.0/51.0/51.0
Osat_NP_001406702.1	AOD.HG12.1:FLD/LDL1/LDL2	90.0	FLD	87.0
Ecur_TVU02431.1	AOD.HG12.1:FLD/LDL1/LDL2	90.0	LDL2	78.0
Cbra_GBG75206.1	AOD.HG12.1:FLD/LDL1/LDL2	90.0	FLD/LDL1/LDL2	31.0/31.0/31.0
Osat_NP_001403836.1	AOD.HG12.1:FLD/LDL1/LDL2	90.0	LDL1	100.0
Atha_NP_001326314.1	AOD.HG12.1:FLD/LDL1/LDL2	90.0	FLD	81.0
Atha_NP_176471.1	AOD.HG12.1:FLD/LDL1/LDL2	90.0	LDL1	100.0
Smoe_XP_002981558.2	AOD.HG12.1:FLD/LDL1/LDL2	90.0	FLD/LDL1/LDL2	51.0/51.0/51.0
Otau_XP_003084447.2	AOD.HG12.1:FLD/LDL1/LDL2	90.0	FLD/LDL1/LDL2	99.0/99.0/99.0
Mtru_XP_013453023.1	AOD.HG12.1:FLD/LDL1/LDL2	90.0	LDL1	95.0
Atha_NP_187981.1	AOD.HG12.1:FLD/LDL1/LDL2	90.0	LDL2	100.0
Tura_XP_048558867.1	AOD.HG12.1:FLD/LDL1/LDL2	90.0	FLD	87.0
Ccri_XP_005714032.1	AOD.HG3.0:like:KDM1A/LDL3	92.0	NA	NA
Bnap_XP_013655750.2	AOD.HG3.1:KDM1A/LDL3	92.0	KDM1A/LDL3	45.0/100.0
Osat_XP_015614418.1	AOD.HG3.1:KDM1A/LDL3	92.0	KDM1A/LDL3	45.0/99.0
Mesc_XP_043808846.1	AOD.HG3.1:KDM1A/LDL3	92.0	KDM1A/LDL3	45.0/100.0
Psat_XP_050885066.1	AOD.HG3.1:KDM1A/LDL3	92.0	KDM1A/LDL3	45.0/100.0
Mesc_XP_021613084.1	AOD.HG3.1:KDM1A/LDL3	92.0	KDM1A/LDL3	45.0/100.0
Atha_NP_001328665.1	AOD.HG3.1:KDM1A/LDL3	92.0	KDM1A/LDL3	45.0/1.0
Spur_XP_030850350.1	AOD.HG3.1:KDM1A/LDL3	92.0	KDM1A/LDL3	99.0/45.0
Otau_XP_022838542.1	AOD.HG3.1:KDM1A/LDL3	92.0	KDM1A/LDL3	45.0/100.0
Skow_XP_006824583.1	AOD.HG3.1:KDM1A/LDL3	92.0	KDM1A/LDL3	99.0/45.0
Drer_NP_001229924.1	AOD.HG3.1:KDM1A/LDL3	92.0	KDM1A/LDL3	63.0/45.0
Cint_XP_002131150.1	AOD.HG3.1:KDM1A/LDL3	92.0	KDM1A/LDL3	74.0/45.0
Mpol_BFI33003.1	AOD.HG3.1:KDM1A/LDL3	92.0	NA	NA
Aplcal_XP_005100139.1	AOD.HG3.1:KDM1A/LDL3	92.0	KDM1A/LDL3	99.0/45.0
Rchi_XP_024165771.1	AOD.HG3.1:KDM1A/LDL3	92.0	KDM1A/LDL3	45.0/100.0
Hsap_NP_001397691.1	AOD.HG3.1:KDM1A/LDL3	92.0	KDM1A/LDL3	86.0/45.0
Ggal_XP_417719.6	AOD.HG3.1:KDM1A/LDL3	92.0	KDM1A/LDL3	98.0/45.0
Hrob_XP_009031024.1	AOD.HG3.1:KDM1A/LDL3	92.0	KDM1A/LDL3	99.0/45.0
Ppat_XP_024364204.1	AOD.HG3.1:KDM1A/LDL3	92.0	KDM1A/LDL3	45.0/100.0
Lana_XP_013406438.1	AOD.HG3.1:KDM1A/LDL3	92.0	KDM1A/LDL3	99.0/45.0
Ppat_XP_024400580.1	AOD.HG3.1:KDM1A/LDL3	92.0	KDM1A/LDL3	45.0/100.0
Xtro_XP_002936640.1	AOD.HG3.1:KDM1A/LDL3	92.0	KDM1A/LDL3	100.0/45.0
Mtru_XP_003589373.2	AOD.HG3.1:KDM1A/LDL3	92.0	KDM1A/LDL3	45.0/100.0
Tura_XP_048537005.1	AOD.HG3.1:KDM1A/LDL3	92.0	KDM1A/LDL3	45.0/99.0
Tadh_XP_002118392.1	AOD.HG3.1:KDM1A/LDL3	92.0	KDM1A/LDL3	72.0/45.0
Qlob_XP_030950677.1	AOD.HG3.1:KDM1A/LDL3	92.0	KDM1A/LDL3	45.0/100.0
Mtru_XP_013462192.1	AOD.HG3.1:KDM1A/LDL3	92.0	KDM1A/LDL3	45.0/100.0
Bnap_XP_013711309.2	AOD.HG3.1:KDM1A/LDL3	92.0	KDM1A/LDL3	45.0/100.0
Apla_XP_022111117.1	AOD.HG3.1:KDM1A/LDL3	92.0	KDM1A/LDL3	99.0/45.0
Sollyc_XP_010320415.2	AOD.HG3.1:KDM1A/LDL3	92.0	KDM1A/LDL3	45.0/100.0
Smoe_XP_024522564.1	AOD.HG3.1:KDM1A/LDL3	92.0	KDM1A/LDL3	45.0/100.0
Bmor_XP_037875164.1	AOD.HG3.1:KDM1A/LDL3	92.0	KDM1A/LDL3	99.0/45.0
Psat_XP_050891663.1	AOD.HG3.1:KDM1A/LDL3	92.0	KDM1A/LDL3	45.0/100.0
Blan_XP_066288152.1	AOD.HG3.1:KDM1A/LDL3	92.0	KDM1A/LDL3	96.0/45.0
Atri_XP_011627240.1	AOD.HG3.1:KDM1A/LDL3	92.0	KDM1A/LDL3	45.0/100.0
Dmel_NP_649194.1	AOD.HG3.1:KDM1A/LDL3	92.0	KDM1A/LDL3	99.0/45.0
Ccri_XP_005714352.1	AOD.HG3.1:KDM1A/LDL3	92.0	KDM1A/LDL3	45.0/100.0
Scil_XP_065176492.1	AOD.HG3.1:KDM1A/LDL3	92.0	KDM1A/LDL3	72.0/45.0
Cofcan_CDP07432.1	AOD.HG3.1:KDM1A/LDL3	92.0	KDM1A/LDL3	45.0/100.0
Apimel_XP_016769858.1	AOD.HG3.1:KDM1A/LDL3	92.0	KDM1A/LDL3	99.0/45.0
Pvan_XP_027214242.1	AOD.HG3.1:KDM1A/LDL3	92.0	KDM1A/LDL3	99.0/45.0
Bdis_XP_010234777.1	AOD.HG3.1:KDM1A/LDL3	92.0	KDM1A/LDL3	45.0/99.0
Dpul_XP_046461903.1	AOD.HG3.1:KDM1A/LDL3	92.0	KDM1A/LDL3	99.0/45.0
Smed_h1SMcT0021871.3	AOD.HG3.1:KDM1A/LDL3	92.0	KDM1A/LDL3	58.0/45.0
Ecur_TVU47064.1	AOD.HG3.1:KDM1A/LDL3	92.0	KDM1A/LDL3	45.0/99.0
Lsat_XP_023745295.1	AOD.HG3.1:KDM1A/LDL3	92.0	KDM1A/LDL3	45.0/100.0
Aque_XP_019848756.1	AOD.HG3.1:KDM1A/LDL3	92.0	KDM1A/LDL3	72.0/45.0
Smoe_XP_002964157.1	AOD.HG3.1:KDM1A/LDL3	92.0	KDM1A/LDL3	45.0/100.0
Zmay_XP_008657823.1	AOD.HG3.1:KDM1A/LDL3	92.0	KDM1A/LDL3	45.0/99.0
Mlei_ML06333a-PA	AOD.HG3.1:KDM1A/LDL3	92.0	KDM1A/LDL3	72.0/45.0
Ppat_XP_024379417.1	AOD.HG3.1:KDM1A/LDL3	92.0	KDM1A/LDL3	45.0/100.0
Cscu_XP_023240468.1	AOD.HG3.1:KDM1A/LDL3	92.0	KDM1A/LDL3	99.0/45.0
Smoe_XP_024537108.1	AOD.HG8.0:like:KDM1B	99.0	NA	NA
Scil_XP_065193469.1	AOD.HG8.0:like:KDM1B	99.0	NA	NA
Crei_XP_001694551.2	AOD.HG8.0:like:KDM1B	99.0	NA	NA
Mpol_BFI42826.1	AOD.HG8.0:like:KDM1B	99.0	NA	NA
Cbra_GBG78364.1	AOD.HG8.0:like:KDM1B	99.0	NA	NA
Ppat_XP_024399269.1	AOD.HG8.0:like:KDM1B	99.0	NA	NA
Scil_XP_065184846.1	AOD.HG8.0:like:KDM1B	99.0	NA	NA
Smoe_XP_002987114.2	AOD.HG8.0:like:KDM1B	99.0	NA	NA
Lana_XP_013396905.1	AOD.HG8.1:KDM1B	99.0	KDM1B	56.0
Skow_XP_006825544.1	AOD.HG8.1:KDM1B	99.0	KDM1B	57.0
Drer_XP_068071447.1	AOD.HG8.1:KDM1B	99.0	KDM1B	100.0
Cscu_XP_023231112.1	AOD.HG8.1:KDM1B	99.0	KDM1B	33.0
Spur_XP_030830284.1	AOD.HG8.1:KDM1B	99.0	KDM1B	93.0
Aplcal_XP_035828739.1	AOD.HG8.1:KDM1B	99.0	KDM1B	56.0
Hsap_NP_001351543.1	AOD.HG8.1:KDM1B	99.0	KDM1B	55.0
Mlei_ML095310a-PA	AOD.HG8.1:KDM1B	99.0	KDM1B	57.0
Hrob_XP_009012395.1	AOD.HG8.1:KDM1B	99.0	KDM1B	56.0
Apla_XP_022088783.1	AOD.HG8.1:KDM1B	99.0	KDM1B	93.0
Ggal_XP_025003413.1	AOD.HG8.1:KDM1B	99.0	KDM1B	100.0
Lana_XP_013396909.1	AOD.HG8.1:KDM1B	99.0	KDM1B	56.0
Cscu_XP_023231104.1	AOD.HG8.1:KDM1B	99.0	KDM1B	33.0
Cint_XP_026695851.1	AOD.HG8.1:KDM1B	99.0	KDM1B	91.0
Blan_XP_066268593.1	AOD.HG8.1:KDM1B	99.0	KDM1B	84.0
Scil_XP_065184780.1	AOD.HG8.1:KDM1B	99.0	KDM1B	57.0
Smed_h1SMcT0002450.1	AOD.HG8.1:KDM1B	99.0	KDM1B	100.0
Aque_XP_019850257.1	AOD.HG8.1:KDM1B	99.0	KDM1B	57.0
Lana_XP_013400926.1	AOD.HG8.1:KDM1B	99.0	KDM1B	56.0
Xtro_XP_002932724.1	AOD.HG8.1:KDM1B	99.0	KDM1B	98.0
