Otau_XP_022838559.1	JmjC.HG1.15:JMJ22	89.0	JMJ22	89.0
Crei_XP_042918101.1	JmjC.HG1.15:JMJ22	89.0	JMJ22	89.0
Bnap_XP_013715519.2	JmjC.HG1.15:JMJ22	89.0	JMJ22	100.0
Atha_NP_196273.3	JmjC.HG1.15:JMJ22	89.0	JMJ22	100.0
Ecur_TVU24916.1	JmjC.HG1.15:JMJ22	89.0	JMJ22	100.0
Qlob_XP_030927547.1	JmjC.HG1.15:JMJ22	89.0	JMJ22	100.0
Bnap_XP_013670835.1	JmjC.HG1.15:JMJ22	89.0	JMJ22	100.0
Ccri_XP_005717028.1	JmjC.HG1.15:JMJ22	89.0	JMJ22	75.0
Cbra_GBG79440.1	JmjC.HG1.15:JMJ22	89.0	JMJ22	98.0
Sollyc_XP_004249386.1	JmjC.HG1.15:JMJ22	89.0	JMJ22	100.0
Mtru_XP_013450272.2	JmjC.HG1.15:JMJ22	89.0	JMJ22	100.0
Rchi_XP_024190914.1	JmjC.HG1.15:JMJ22	89.0	JMJ22	100.0
Mpol_BFI25858.1	JmjC.HG1.15:JMJ22	89.0	JMJ22	75.0
Mesc_XP_021619270.1	JmjC.HG1.15:JMJ22	89.0	JMJ22	100.0
Lsat_XP_023752942.1	JmjC.HG1.15:JMJ22	89.0	JMJ22	100.0
Zmay_NP_001147915.1	JmjC.HG1.15:JMJ22	89.0	JMJ22	100.0
Ppat_XP_024361962.1	JmjC.HG1.15:JMJ22	89.0	JMJ22	75.0
Osat_XP_015617023.1	JmjC.HG1.15:JMJ22	89.0	JMJ22	100.0
Smoe_XP_002980245.1	JmjC.HG1.15:JMJ22	89.0	JMJ22	77.0
Ecur_TVT96865.1	JmjC.HG1.15:JMJ22	89.0	JMJ22	100.0
Ppur_KAA8497916.1	JmjC.HG1.15:JMJ22	89.0	JMJ22	75.0
Atri_XP_006826400.1	JmjC.HG1.15:JMJ22	89.0	JMJ22	100.0
Tura_XP_048542804.1	JmjC.HG1.15:JMJ22	89.0	JMJ22	100.0
Smoe_XP_024519406.1	JmjC.HG1.15:JMJ22	89.0	JMJ22	77.0
Bdis_XP_003577439.1	JmjC.HG1.15:JMJ22	89.0	JMJ22	100.0
Cofcan_CDP10557.1	JmjC.HG1.15:JMJ22	89.0	JMJ22	100.0
Psat_XP_050910243.1	JmjC.HG1.15:JMJ22	89.0	JMJ22	100.0
Ppat_XP_024381425.1	JmjC.HG1.16:JMJ21	100.0	JMJ21	100.0
Rchi_XP_024168585.1	JmjC.HG1.16:JMJ21	100.0	JMJ21	97.0
Cofcan_CDP01095.1	JmjC.HG1.16:JMJ21	100.0	JMJ21	97.0
Bnap_XP_013649982.1	JmjC.HG1.16:JMJ21	100.0	JMJ21	100.0
Ppat_XP_024388877.1	JmjC.HG1.16:JMJ21	100.0	JMJ21	100.0
Mtru_XP_003602822.2	JmjC.HG1.16:JMJ21	100.0	JMJ21	88.0
Atri_XP_006853278.1	JmjC.HG1.16:JMJ21	100.0	JMJ21	97.0
Tura_XP_048529630.1	JmjC.HG1.16:JMJ21	100.0	JMJ21	100.0
Bdis_XP_003557787.1	JmjC.HG1.16:JMJ21	100.0	JMJ21	100.0
Bnap_XP_013650163.1	JmjC.HG1.16:JMJ21	100.0	JMJ21	100.0
Smoe_XP_024526086.1	JmjC.HG1.16:JMJ21	100.0	JMJ21	100.0
Tura_XP_048548281.1	JmjC.HG1.16:JMJ21	100.0	JMJ21	100.0
Atha_NP_177951.6	JmjC.HG1.16:JMJ21	100.0	JMJ21	100.0
Psat_XP_050874756.1	JmjC.HG1.16:JMJ21	100.0	JMJ21	88.0
Lsat_XP_023763630.1	JmjC.HG1.16:JMJ21	100.0	JMJ21	97.0
Sollyc_XP_004237935.2	JmjC.HG1.16:JMJ21	100.0	JMJ21	97.0
Mesc_XP_021601203.1	JmjC.HG1.16:JMJ21	100.0	JMJ21	97.0
Tura_XP_048558192.1	JmjC.HG1.16:JMJ21	100.0	JMJ21	100.0
Crei_XP_042922680.1	JmjC.HG1.16:JMJ21	100.0	JMJ21	100.0
Qlob_XP_030947080.1	JmjC.HG1.16:JMJ21	100.0	JMJ21	97.0
Ecur_TVU46770.1	JmjC.HG1.16:JMJ21	100.0	JMJ21	100.0
Zmay_NP_001169561.1	JmjC.HG1.16:JMJ21	100.0	JMJ21	100.0
Mpol_BFI35090.1	JmjC.HG1.16:JMJ21	100.0	JMJ21	100.0
Qlob_XP_030947099.1	JmjC.HG1.16:JMJ21	100.0	JMJ21	97.0
Smoe_XP_024543826.1	JmjC.HG1.16:JMJ21	100.0	JMJ21	100.0
Osat_XP_015630376.1	JmjC.HG1.16:JMJ21	100.0	JMJ21	100.0
Otau_XP_022840576.1	JmjC.HG1.19:JMJD6	82.0	JMJD6	82.0
Crei_XP_042921376.1	JmjC.HG1.19:JMJD6	82.0	JMJD6	82.0
Dpul_XP_046437539.1	JmjC.HG1.19:JMJD6	82.0	JMJD6	92.0
Bmor_XP_004923869.1	JmjC.HG1.19:JMJD6	82.0	JMJD6	92.0
Drer_NP_739567.3	JmjC.HG1.19:JMJD6	82.0	JMJD6	50.0
Ppur_KAA8497144.1	JmjC.HG1.19:JMJD6	82.0	JMJD6	65.0
Dmel_NP_001262832.1	JmjC.HG1.19:JMJD6	82.0	JMJD6	92.0
Tadh_XP_002107811.1	JmjC.HG1.19:JMJD6	82.0	JMJD6	79.0
Lana_XP_013391904.1	JmjC.HG1.19:JMJD6	82.0	JMJD6	65.0
Smed_h1SMcT0022834.1	JmjC.HG1.19:JMJD6	82.0	JMJD6	73.0
Cscu_XP_023221812.1	JmjC.HG1.19:JMJD6	82.0	JMJD6	92.0
Xtro_NP_001016203.1	JmjC.HG1.19:JMJD6	82.0	JMJD6	100.0
Apla_XP_022091878.1	JmjC.HG1.19:JMJD6	82.0	JMJD6	65.0
Hrob_XP_009023436.1	JmjC.HG1.19:JMJD6	82.0	JMJD6	73.0
Apimel_XP_394543.3	JmjC.HG1.19:JMJD6	82.0	JMJD6	92.0
Cint_XP_002127949.1	JmjC.HG1.19:JMJD6	82.0	JMJD6	100.0
Skow_XP_002734916.1	JmjC.HG1.19:JMJD6	82.0	JMJD6	65.0
Lana_XP_013411786.1	JmjC.HG1.19:JMJD6	82.0	JMJD6	65.0
Hsap_NP_001074930.1	JmjC.HG1.19:JMJD6	82.0	JMJD6	93.0
Spur_XP_030849206.1	JmjC.HG1.19:JMJD6	82.0	JMJD6	65.0
Blan_XP_066266676.1	JmjC.HG1.19:JMJD6	82.0	JMJD6	96.0
Aplcal_XP_005109011.1	JmjC.HG1.19:JMJD6	82.0	JMJD6	65.0
Aque_XP_003382573.1	JmjC.HG1.19:JMJD6	82.0	JMJD6	41.0
Ggal_NP_001025874.2	JmjC.HG1.19:JMJD6	82.0	JMJD6	100.0
Spur_XP_030849191.1	JmjC.HG1.19:JMJD6	82.0	JMJD6	65.0
Smed_h1SMcT0014445.1	JmjC.HG1.19:JMJD6	82.0	JMJD6	73.0
Pvan_XP_027230014.1	JmjC.HG1.19:JMJD6	82.0	JMJD6	92.0
Mlei_ML04335a-PA	JmjC.HG1.19:JMJD6	82.0	JMJD6	99.0
Scil_XP_065186832.1	JmjC.HG1.19:JMJD6	82.0	JMJD6	76.0
Tadh_XP_002108617.1	JmjC.HG1.7:like:JMJ21/JMJ22/JMJD6	100.0	NA	NA
Lana_XP_013383727.1	JmjC.HG1.7:like:JMJ21/JMJ22/JMJD6	100.0	NA	NA
Blan_XP_066274365.1	JmjC.HG1.7:like:JMJ21/JMJ22/JMJD6	100.0	NA	NA
Smed_h1SMcT0005056.3	JmjC.HG1.7:like:JMJ21/JMJ22/JMJD6	100.0	NA	NA
Lana_XP_013384460.1	JmjC.HG1.7:like:JMJ21/JMJ22/JMJD6	100.0	NA	NA
Skow_XP_002741887.1	JmjC.HG1.7:like:JMJ21/JMJ22/JMJD6	100.0	NA	NA
Apla_XP_022082616.1	JmjC.HG1.7:like:JMJ21/JMJ22/JMJD6	100.0	NA	NA
Aplcal_XP_005099656.1	JmjC.HG1.7:like:JMJ21/JMJ22/JMJD6	100.0	NA	NA
Spur_XP_030844946.1	JmjC.HG1.7:like:JMJ21/JMJ22/JMJD6	100.0	NA	NA
Otau_XP_022840238.1	JmjC.HG1.8:like:JMJ21/JMJ22/JMJD6	100.0	NA	NA
Scil_XP_065186999.1	JmjC.HG1.8:like:JMJ21/JMJ22/JMJD6	100.0	NA	NA
Aque_XP_019849210.1	JmjC.HG1.8:like:JMJ21/JMJ22/JMJD6	100.0	NA	NA
Aplcal_XP_005105773.1	JmjC.HG1.8:like:JMJ21/JMJ22/JMJD6	100.0	NA	NA
Tadh_XP_002109902.1	JmjC.HG1.8:like:JMJ21/JMJ22/JMJD6	100.0	NA	NA
Blan_XP_066299717.1	JmjC.HG1.8:like:JMJ21/JMJ22/JMJD6	100.0	NA	NA
Drer_XP_021323145.1	JmjC.HG10.0:HR/JMJD1C/KDM3A/KDM3B	1.0	JMJD1C	100.0
Cscu_XP_023243623.1	JmjC.HG10.0:HR/JMJD1C/KDM3A/KDM3B	1.0	HR/JMJD1C/KDM3A/KDM3B	71.0/71.0/71.0/71.0
Ggal_NP_001012909.2	JmjC.HG10.0:HR/JMJD1C/KDM3A/KDM3B	1.0	KDM3A	99.0
Ggal_XP_015149526.2	JmjC.HG10.0:HR/JMJD1C/KDM3A/KDM3B	1.0	KDM3B	100.0
Apla_XP_022094435.1	JmjC.HG10.0:HR/JMJD1C/KDM3A/KDM3B	1.0	HR/JMJD1C/KDM3A/KDM3B	71.0/71.0/71.0/71.0
Hsap_NP_057688.3	JmjC.HG10.0:HR/JMJD1C/KDM3A/KDM3B	1.0	KDM3B	100.0
Xtro_XP_002936894.1	JmjC.HG10.0:HR/JMJD1C/KDM3A/KDM3B	1.0	KDM3B	100.0
Smed_h1SMcT0009561.1	JmjC.HG10.0:HR/JMJD1C/KDM3A/KDM3B	1.0	HR/JMJD1C/KDM3A/KDM3B	76.0/76.0/76.0/76.0
Lana_XP_013403538.1	JmjC.HG10.0:HR/JMJD1C/KDM3A/KDM3B	1.0	HR/JMJD1C/KDM3A/KDM3B	71.0/71.0/71.0/71.0
Hsap_NP_060903.2	JmjC.HG10.0:HR/JMJD1C/KDM3A/KDM3B	1.0	KDM3A	85.0
Lana_XP_013402774.1	JmjC.HG10.0:HR/JMJD1C/KDM3A/KDM3B	1.0	HR/JMJD1C/KDM3A/KDM3B	71.0/71.0/71.0/71.0
Drer_XP_021328444.1	JmjC.HG10.0:HR/JMJD1C/KDM3A/KDM3B	1.0	KDM3B	100.0
Cscu_XP_023237107.1	JmjC.HG10.0:HR/JMJD1C/KDM3A/KDM3B	1.0	HR/JMJD1C/KDM3A/KDM3B	71.0/71.0/71.0/71.0
Skow_XP_006825941.1	JmjC.HG10.0:HR/JMJD1C/KDM3A/KDM3B	1.0	HR/JMJD1C/KDM3A/KDM3B	71.0/71.0/71.0/71.0
Pvan_XP_027238100.2	JmjC.HG10.0:HR/JMJD1C/KDM3A/KDM3B	1.0	HR/JMJD1C/KDM3A/KDM3B	71.0/71.0/71.0/71.0
Dmel_NP_788611.1	JmjC.HG10.0:HR/JMJD1C/KDM3A/KDM3B	1.0	HR/JMJD1C/KDM3A/KDM3B	71.0/71.0/71.0/71.0
Scil_XP_065187051.1	JmjC.HG10.0:HR/JMJD1C/KDM3A/KDM3B	1.0	NA	NA
Hrob_XP_009019543.1	JmjC.HG10.0:HR/JMJD1C/KDM3A/KDM3B	1.0	HR/JMJD1C/KDM3A/KDM3B	71.0/71.0/71.0/71.0
Aplcal_XP_005091148.2	JmjC.HG10.0:HR/JMJD1C/KDM3A/KDM3B	1.0	HR/JMJD1C/KDM3A/KDM3B	71.0/71.0/71.0/71.0
Dpul_XP_046441411.1	JmjC.HG10.0:HR/JMJD1C/KDM3A/KDM3B	1.0	HR/JMJD1C/KDM3A/KDM3B	71.0/71.0/71.0/71.0
Spur_XP_030842094.1	JmjC.HG10.0:HR/JMJD1C/KDM3A/KDM3B	1.0	HR/JMJD1C/KDM3A/KDM3B	71.0/71.0/71.0/71.0
Blan_XP_066278769.1	JmjC.HG10.0:HR/JMJD1C/KDM3A/KDM3B	1.0	HR/JMJD1C/KDM3A/KDM3B	71.0/71.0/71.0/71.0
Xtro_XP_031761210.1	JmjC.HG10.0:HR/JMJD1C/KDM3A/KDM3B	1.0	JMJD1C	100.0
Apimel_XP_006560193.2	JmjC.HG10.0:HR/JMJD1C/KDM3A/KDM3B	1.0	HR/JMJD1C/KDM3A/KDM3B	71.0/71.0/71.0/71.0
Tadh_XP_002117485.1	JmjC.HG10.0:HR/JMJD1C/KDM3A/KDM3B	1.0	NA	NA
Cint_XP_002122286.3	JmjC.HG10.0:HR/JMJD1C/KDM3A/KDM3B	1.0	HR/JMJD1C/KDM3A/KDM3B	70.0/70.0/70.0/70.0
Drer_XP_005173195.1	JmjC.HG10.0:HR/JMJD1C/KDM3A/KDM3B	1.0	KDM3B	100.0
Hsap_NP_005135.2	JmjC.HG10.0:HR/JMJD1C/KDM3A/KDM3B	1.0	HR	100.0
Scil_XP_065185344.1	JmjC.HG10.0:HR/JMJD1C/KDM3A/KDM3B	1.0	NA	NA
Hsap_NP_116165.1	JmjC.HG10.0:HR/JMJD1C/KDM3A/KDM3B	1.0	JMJD1C	59.0
Ggal_NP_001186475.3	JmjC.HG10.0:HR/JMJD1C/KDM3A/KDM3B	1.0	JMJD1C	100.0
Bmor_XP_004932682.2	JmjC.HG10.0:HR/JMJD1C/KDM3A/KDM3B	1.0	HR/JMJD1C/KDM3A/KDM3B	71.0/71.0/71.0/71.0
Dpul_XP_046441855.1	JmjC.HG10.0:HR/JMJD1C/KDM3A/KDM3B	1.0	HR/JMJD1C/KDM3A/KDM3B	71.0/71.0/71.0/71.0
Xtro_XP_004911336.2	JmjC.HG10.0:HR/JMJD1C/KDM3A/KDM3B	1.0	KDM3A	100.0
Aque_XP_019850041.1	JmjC.HG10.0:HR/JMJD1C/KDM3A/KDM3B	1.0	NA	NA
Drer_XP_009304785.1	JmjC.HG10.0:HR/JMJD1C/KDM3A/KDM3B	1.0	JMJD1C	100.0
Osat_NP_001410040.1	JmjC.HG11.0:ELF6/JMJ13/REF6	1.0	JMJ13	100.0
Atha_NP_199502.2	JmjC.HG11.0:ELF6/JMJ13/REF6	1.0	JMJ13	100.0
Sollyc_XP_010325573.1	JmjC.HG11.0:ELF6/JMJ13/REF6	1.0	JMJ13	99.0
Psat_XP_050892498.1	JmjC.HG11.0:ELF6/JMJ13/REF6	1.0	ELF6	100.0
Smoe_XP_002986768.1	JmjC.HG11.0:ELF6/JMJ13/REF6	1.0	ELF6/REF6	66.0/66.0
Sollyc_XP_010319604.2	JmjC.HG11.0:ELF6/JMJ13/REF6	1.0	ELF6	100.0
Zmay_XP_020402036.1	JmjC.HG11.0:ELF6/JMJ13/REF6	1.0	JMJ13	100.0
Zmay_XP_008656966.1	JmjC.HG11.0:ELF6/JMJ13/REF6	1.0	REF6	98.0
Tura_XP_048572622.1	JmjC.HG11.0:ELF6/JMJ13/REF6	1.0	ELF6	94.0
Mtru_XP_003612815.1	JmjC.HG11.0:ELF6/JMJ13/REF6	1.0	JMJ13	98.0
Ccri_XP_005716080.1	JmjC.HG11.0:ELF6/JMJ13/REF6	1.0	JMJ13	96.0
Psat_XP_050871236.1	JmjC.HG11.0:ELF6/JMJ13/REF6	1.0	REF6	97.0
Mesc_XP_021617256.1	JmjC.HG11.0:ELF6/JMJ13/REF6	1.0	ELF6	100.0
Lsat_XP_023733586.2	JmjC.HG11.0:ELF6/JMJ13/REF6	1.0	REF6	100.0
Sollyc_XP_010324469.2	JmjC.HG11.0:ELF6/JMJ13/REF6	1.0	JMJ13	99.0
Qlob_XP_030936123.1	JmjC.HG11.0:ELF6/JMJ13/REF6	1.0	NA	NA
Bnap_XP_013677287.2	JmjC.HG11.0:ELF6/JMJ13/REF6	1.0	JMJ13	100.0
Osat_XP_015626607.1	JmjC.HG11.0:ELF6/JMJ13/REF6	1.0	JMJ13	100.0
Osat_NP_001383803.1	JmjC.HG11.0:ELF6/JMJ13/REF6	1.0	REF6	98.0
Bnap_XP_048618369.1	JmjC.HG11.0:ELF6/JMJ13/REF6	1.0	JMJ13	100.0
Bdis_XP_010238558.1	JmjC.HG11.0:ELF6/JMJ13/REF6	1.0	REF6	98.0
Tura_XP_048565599.1	JmjC.HG11.0:ELF6/JMJ13/REF6	1.0	REF6	98.0
Atri_XP_020527617.1	JmjC.HG11.0:ELF6/JMJ13/REF6	1.0	REF6	100.0
Ecur_TVU48357.1	JmjC.HG11.0:ELF6/JMJ13/REF6	1.0	ELF6	94.0
Lsat_XP_023769563.1	JmjC.HG11.0:ELF6/JMJ13/REF6	1.0	JMJ13	99.0
Ecur_TVU28090.1	JmjC.HG11.0:ELF6/JMJ13/REF6	1.0	JMJ13	100.0
Zmay_XP_020393912.1	JmjC.HG11.0:ELF6/JMJ13/REF6	1.0	JMJ13	100.0
Cofcan_CDO99756.1	JmjC.HG11.0:ELF6/JMJ13/REF6	1.0	ELF6	100.0
Smoe_XP_024544679.1	JmjC.HG11.0:ELF6/JMJ13/REF6	1.0	NA	NA
Mesc_XP_021614573.1	JmjC.HG11.0:ELF6/JMJ13/REF6	1.0	REF6	97.0
Sollyc_XP_004236313.2	JmjC.HG11.0:ELF6/JMJ13/REF6	1.0	REF6	100.0
Ecur_TVU03373.1	JmjC.HG11.0:ELF6/JMJ13/REF6	1.0	JMJ13	100.0
Bnap_XP_013724852.1	JmjC.HG11.0:ELF6/JMJ13/REF6	1.0	REF6	100.0
Bnap_XP_022544214.2	JmjC.HG11.0:ELF6/JMJ13/REF6	1.0	REF6	100.0
Rchi_XP_024170153.1	JmjC.HG11.0:ELF6/JMJ13/REF6	1.0	REF6	97.0
Atri_XP_020525113.1	JmjC.HG11.0:ELF6/JMJ13/REF6	1.0	ELF6	100.0
Ecur_TVU36121.1	JmjC.HG11.0:ELF6/JMJ13/REF6	1.0	REF6	98.0
Ccri_XP_005712655.1	JmjC.HG11.0:ELF6/JMJ13/REF6	1.0	JMJ13	96.0
Mtru_XP_024630513.2	JmjC.HG11.0:ELF6/JMJ13/REF6	1.0	NA	NA
Bnap_XP_013695909.1	JmjC.HG11.0:ELF6/JMJ13/REF6	1.0	JMJ13	100.0
Psat_XP_050880640.1	JmjC.HG11.0:ELF6/JMJ13/REF6	1.0	REF6	97.0
Tura_XP_048535503.1	JmjC.HG11.0:ELF6/JMJ13/REF6	1.0	JMJ13	100.0
Ccri_XP_005712309.1	JmjC.HG11.0:ELF6/JMJ13/REF6	1.0	JMJ13	96.0
Smoe_XP_002993156.2	JmjC.HG11.0:ELF6/JMJ13/REF6	1.0	JMJ13	100.0
Tura_XP_048528831.1	JmjC.HG11.0:ELF6/JMJ13/REF6	1.0	REF6	98.0
Smoe_XP_002969518.1	JmjC.HG11.0:ELF6/JMJ13/REF6	1.0	ELF6/REF6	66.0/66.0
Bnap_XP_048623063.1	JmjC.HG11.0:ELF6/JMJ13/REF6	1.0	ELF6	100.0
Mtru_XP_024635912.1	JmjC.HG11.0:ELF6/JMJ13/REF6	1.0	REF6	97.0
Lsat_XP_042756887.2	JmjC.HG11.0:ELF6/JMJ13/REF6	1.0	NA	NA
Bdis_XP_010229202.1	JmjC.HG11.0:ELF6/JMJ13/REF6	1.0	ELF6	94.0
Tura_XP_048533120.1	JmjC.HG11.0:ELF6/JMJ13/REF6	1.0	JMJ13	100.0
Rchi_XP_024176619.1	JmjC.HG11.0:ELF6/JMJ13/REF6	1.0	ELF6	100.0
Cofcan_CDP15069.1	JmjC.HG11.0:ELF6/JMJ13/REF6	1.0	REF6	100.0
Bnap_XP_048624426.1	JmjC.HG11.0:ELF6/JMJ13/REF6	1.0	JMJ13	100.0
Psat_XP_050906055.1	JmjC.HG11.0:ELF6/JMJ13/REF6	1.0	JMJ13	98.0
Zmay_NP_001348374.1	JmjC.HG11.0:ELF6/JMJ13/REF6	1.0	ELF6	94.0
Rchi_XP_024170181.1	JmjC.HG11.0:ELF6/JMJ13/REF6	1.0	JMJ13	94.0
Mtru_XP_003589715.1	JmjC.HG11.0:ELF6/JMJ13/REF6	1.0	NA	NA
Bnap_XP_048596631.1	JmjC.HG11.0:ELF6/JMJ13/REF6	1.0	JMJ13	100.0
Lsat_XP_023733592.1	JmjC.HG11.0:ELF6/JMJ13/REF6	1.0	REF6	100.0
Qlob_XP_030937521.1	JmjC.HG11.0:ELF6/JMJ13/REF6	1.0	REF6	97.0
Qlob_XP_030932241.1	JmjC.HG11.0:ELF6/JMJ13/REF6	1.0	ELF6	100.0
Mtru_XP_003591873.2	JmjC.HG11.0:ELF6/JMJ13/REF6	1.0	ELF6	100.0
Smoe_XP_024524853.1	JmjC.HG11.0:ELF6/JMJ13/REF6	1.0	JMJ13	100.0
Sollyc_XP_004235293.1	JmjC.HG11.0:ELF6/JMJ13/REF6	1.0	NA	NA
Ecur_TVU31537.1	JmjC.HG11.0:ELF6/JMJ13/REF6	1.0	JMJ13	100.0
Ecur_TVU51698.1	JmjC.HG11.0:ELF6/JMJ13/REF6	1.0	REF6	98.0
Cofcan_CDP18547.1	JmjC.HG11.0:ELF6/JMJ13/REF6	1.0	JMJ13	99.0
Qlob_XP_030947610.1	JmjC.HG11.0:ELF6/JMJ13/REF6	1.0	JMJ13	98.0
Bdis_XP_024316791.1	JmjC.HG11.0:ELF6/JMJ13/REF6	1.0	JMJ13	100.0
Lsat_XP_023736216.1	JmjC.HG11.0:ELF6/JMJ13/REF6	1.0	JMJ13	99.0
Bdis_XP_010232711.2	JmjC.HG11.0:ELF6/JMJ13/REF6	1.0	REF6	98.0
Mesc_XP_021599201.1	JmjC.HG11.0:ELF6/JMJ13/REF6	1.0	JMJ13	88.0
Tura_XP_048572587.1	JmjC.HG11.0:ELF6/JMJ13/REF6	1.0	ELF6	94.0
Smoe_XP_002962475.1	JmjC.HG11.0:ELF6/JMJ13/REF6	1.0	NA	NA
Zmay_XP_020401162.1	JmjC.HG11.0:ELF6/JMJ13/REF6	1.0	REF6	98.0
Ppat_XP_024388695.1	JmjC.HG11.0:ELF6/JMJ13/REF6	1.0	ELF6/REF6	66.0/66.0
Psat_XP_050889753.1	JmjC.HG11.0:ELF6/JMJ13/REF6	1.0	NA	NA
Mpol_BFI29960.1	JmjC.HG11.0:ELF6/JMJ13/REF6	1.0	ELF6/REF6	66.0/66.0
Osat_XP_066162624.1	JmjC.HG11.0:ELF6/JMJ13/REF6	1.0	REF6	98.0
Lsat_XP_023734699.3	JmjC.HG11.0:ELF6/JMJ13/REF6	1.0	ELF6	100.0
Zmay_NP_001349496.1	JmjC.HG11.0:ELF6/JMJ13/REF6	1.0	JMJ13	100.0
Bnap_XP_013668398.2	JmjC.HG11.0:ELF6/JMJ13/REF6	1.0	ELF6	100.0
Ppat_XP_024380325.1	JmjC.HG11.0:ELF6/JMJ13/REF6	1.0	ELF6/REF6	66.0/66.0
Mesc_XP_043806207.1	JmjC.HG11.0:ELF6/JMJ13/REF6	1.0	REF6	97.0
Atha_NP_680116.2	JmjC.HG11.0:ELF6/JMJ13/REF6	1.0	REF6	100.0
Osat_XP_015630480.1	JmjC.HG11.0:ELF6/JMJ13/REF6	1.0	ELF6	94.0
Atri_XP_011626998.2	JmjC.HG11.0:ELF6/JMJ13/REF6	1.0	JMJ13	100.0
Cofcan_CDP04929.1	JmjC.HG11.0:ELF6/JMJ13/REF6	1.0	NA	NA
Atha_NP_196044.2	JmjC.HG11.0:ELF6/JMJ13/REF6	1.0	ELF6	100.0
Lana_XP_023932416.1	JmjC.HG13.0:KDM7A/PHF2/PHF8	1.0	KDM7A/PHF2/PHF8	1.0/1.0/1.0
Scil_XP_065178623.1	JmjC.HG13.0:KDM7A/PHF2/PHF8	1.0	KDM7A/PHF2/PHF8	1.0/1.0/1.0
Hrob_XP_009022276.1	JmjC.HG13.0:KDM7A/PHF2/PHF8	1.0	KDM7A/PHF2/PHF8	1.0/1.0/1.0
Spur_XP_030856400.1	JmjC.HG13.0:KDM7A/PHF2/PHF8	1.0	KDM7A/PHF2/PHF8	1.0/1.0/1.0
Hrob_XP_009028336.1	JmjC.HG13.0:KDM7A/PHF2/PHF8	1.0	KDM7A/PHF2/PHF8	1.0/1.0/1.0
Tadh_XP_002108928.1	JmjC.HG13.0:KDM7A/PHF2/PHF8	1.0	KDM7A/PHF2/PHF8	1.0/1.0/1.0
Aplcal_XP_012941200.1	JmjC.HG13.0:KDM7A/PHF2/PHF8	1.0	KDM7A/PHF2/PHF8	1.0/1.0/1.0
Apla_XP_022081439.1	JmjC.HG13.0:KDM7A/PHF2/PHF8	1.0	KDM7A/PHF2/PHF8	1.0/1.0/1.0
Blan_XP_066284103.1	JmjC.HG13.0:KDM7A/PHF2/PHF8	1.0	KDM7A/PHF2/PHF8	1.0/1.0/1.0
Scil_XP_065178289.1	JmjC.HG13.0:KDM7A/PHF2/PHF8	1.0	KDM7A/PHF2/PHF8	1.0/1.0/1.0
Aque_XP_019851976.1	JmjC.HG13.0:KDM7A/PHF2/PHF8	1.0	KDM7A/PHF2/PHF8	1.0/1.0/1.0
Hsap_NP_001171825.1	JmjC.HG13.0:KDM7A/PHF2/PHF8	1.0	PHF8	50.0
Pvan_XP_070000953.1	JmjC.HG13.0:KDM7A/PHF2/PHF8	1.0	KDM7A/PHF2/PHF8	58.0/58.0/58.0
Hsap_NP_085150.1	JmjC.HG13.0:KDM7A/PHF2/PHF8	1.0	KDM7A	100.0
Xtro_NP_001072664.1	JmjC.HG13.0:KDM7A/PHF2/PHF8	1.0	KDM7A	100.0
Drer_NP_001189347.1	JmjC.HG13.0:KDM7A/PHF2/PHF8	1.0	PHF2	100.0
Bmor_XP_037876785.1	JmjC.HG13.0:KDM7A/PHF2/PHF8	1.0	KDM7A/PHF2/PHF8	58.0/58.0/58.0
Drer_NP_001189376.1	JmjC.HG13.0:KDM7A/PHF2/PHF8	1.0	PHF8	100.0
Hsap_NP_005383.3	JmjC.HG13.0:KDM7A/PHF2/PHF8	1.0	PHF2	16.0
Xtro_XP_031757142.1	JmjC.HG13.0:KDM7A/PHF2/PHF8	1.0	PHF2	100.0
Ppur_KAA8496554.1	JmjC.HG13.0:KDM7A/PHF2/PHF8	1.0	KDM7A/PHF2/PHF8	58.0/58.0/58.0
Xtro_XP_017952180.1	JmjC.HG13.0:KDM7A/PHF2/PHF8	1.0	PHF8	87.0
Cscu_XP_023230315.1	JmjC.HG13.0:KDM7A/PHF2/PHF8	1.0	KDM7A/PHF2/PHF8	58.0/58.0/58.0
Apimel_XP_026302302.1	JmjC.HG13.0:KDM7A/PHF2/PHF8	1.0	KDM7A/PHF2/PHF8	58.0/58.0/58.0
Drer_NP_001189348.1	JmjC.HG13.0:KDM7A/PHF2/PHF8	1.0	KDM7A	100.0
Ggal_XP_040502633.1	JmjC.HG13.0:KDM7A/PHF2/PHF8	1.0	PHF2	96.0
Smed_h1SMcT0013145.1	JmjC.HG13.0:KDM7A/PHF2/PHF8	1.0	KDM7A/PHF2/PHF8	58.0/58.0/58.0
Dpul_XP_046457070.1	JmjC.HG13.0:KDM7A/PHF2/PHF8	1.0	KDM7A/PHF2/PHF8	58.0/58.0/58.0
Ggal_XP_015142945.2	JmjC.HG13.0:KDM7A/PHF2/PHF8	1.0	KDM7A	100.0
Drer_NP_001333080.1	JmjC.HG13.0:KDM7A/PHF2/PHF8	1.0	KDM7A	100.0
Otau_XP_022839048.1	JmjC.HG14.0:like:JMJ32/JMJD7/JMJD7-PLA2G4B	100.0	NA	NA
Hrob_XP_009015675.1	JmjC.HG14.0:like:JMJ32/JMJD7/JMJD7-PLA2G4B	100.0	NA	NA
Ppur_KAA8495831.1	JmjC.HG14.0:like:JMJ32/JMJD7/JMJD7-PLA2G4B	100.0	NA	NA
Crei_XP_042915300.1	JmjC.HG14.0:like:JMJ32/JMJD7/JMJD7-PLA2G4B	100.0	NA	NA
Ccri_XP_005713882.1	JmjC.HG14.1:JMJ32/JMJD7/JMJD7-PLA2G4B	99.0	JMJ32/JMJD7/JMJD7-PLA2G4B	99.0/99.0/99.0
Ppur_KAA8497372.1	JmjC.HG14.1:JMJ32/JMJD7/JMJD7-PLA2G4B	99.0	JMJ32/JMJD7/JMJD7-PLA2G4B	99.0/99.0/99.0
Otau_XP_003075129.1	JmjC.HG14.1:JMJ32/JMJD7/JMJD7-PLA2G4B	99.0	JMJ32/JMJD7/JMJD7-PLA2G4B	99.0/99.0/99.0
Cint_XP_026691491.1	JmjC.HG14.1:JMJ32/JMJD7/JMJD7-PLA2G4B	99.0	JMJ32/JMJD7/JMJD7-PLA2G4B	81.0/79.0/79.0
Cofcan_CDP08570.1	JmjC.HG14.1:JMJ32/JMJD7/JMJD7-PLA2G4B	99.0	JMJ32/JMJD7/JMJD7-PLA2G4B	100.0/81.0/81.0
Drer_NP_001017615.1	JmjC.HG14.1:JMJ32/JMJD7/JMJD7-PLA2G4B	99.0	JMJ32/JMJD7/JMJD7-PLA2G4B	81.0/100.0/100.0
Bmor_XP_004927524.2	JmjC.HG14.1:JMJ32/JMJD7/JMJD7-PLA2G4B	99.0	JMJ32/JMJD7/JMJD7-PLA2G4B	81.0/37.0/37.0
Smoe_XP_024525051.1	JmjC.HG14.1:JMJ32/JMJD7/JMJD7-PLA2G4B	99.0	JMJ32/JMJD7/JMJD7-PLA2G4B	100.0/81.0/81.0
Blan_XP_066273986.1	JmjC.HG14.1:JMJ32/JMJD7/JMJD7-PLA2G4B	99.0	JMJ32/JMJD7/JMJD7-PLA2G4B	81.0/86.0/86.0
Bnap_XP_013702573.1	JmjC.HG14.1:JMJ32/JMJD7/JMJD7-PLA2G4B	99.0	JMJ32/JMJD7/JMJD7-PLA2G4B	100.0/81.0/81.0
Tura_XP_048530686.1	JmjC.HG14.1:JMJ32/JMJD7/JMJD7-PLA2G4B	99.0	JMJ32/JMJD7/JMJD7-PLA2G4B	100.0/81.0/81.0
Sollyc_XP_004246003.2	JmjC.HG14.1:JMJ32/JMJD7/JMJD7-PLA2G4B	99.0	JMJ32/JMJD7/JMJD7-PLA2G4B	100.0/81.0/81.0
Hrob_XP_009014715.1	JmjC.HG14.1:JMJ32/JMJD7/JMJD7-PLA2G4B	99.0	JMJ32/JMJD7/JMJD7-PLA2G4B	81.0/37.0/37.0
Mesc_XP_043809631.1	JmjC.HG14.1:JMJ32/JMJD7/JMJD7-PLA2G4B	99.0	JMJ32/JMJD7/JMJD7-PLA2G4B	100.0/81.0/81.0
Qlob_XP_030948747.1	JmjC.HG14.1:JMJ32/JMJD7/JMJD7-PLA2G4B	99.0	JMJ32/JMJD7/JMJD7-PLA2G4B	100.0/81.0/81.0
Lana_XP_013379747.1	JmjC.HG14.1:JMJ32/JMJD7/JMJD7-PLA2G4B	99.0	JMJ32/JMJD7/JMJD7-PLA2G4B	81.0/37.0/37.0
Ggal_NP_001108131.2	JmjC.HG14.1:JMJ32/JMJD7/JMJD7-PLA2G4B	99.0	JMJ32/JMJD7/JMJD7-PLA2G4B	81.0/91.0/91.0
Atri_XP_020522844.1	JmjC.HG14.1:JMJ32/JMJD7/JMJD7-PLA2G4B	99.0	JMJ32/JMJD7/JMJD7-PLA2G4B	100.0/81.0/81.0
Smoe_XP_024544700.1	JmjC.HG14.1:JMJ32/JMJD7/JMJD7-PLA2G4B	99.0	JMJ32/JMJD7/JMJD7-PLA2G4B	100.0/81.0/81.0
Mlei_ML05732a-PA	JmjC.HG14.1:JMJ32/JMJD7/JMJD7-PLA2G4B	99.0	JMJ32/JMJD7/JMJD7-PLA2G4B	81.0/71.0/71.0
Dpul_XP_046440732.1	JmjC.HG14.1:JMJ32/JMJD7/JMJD7-PLA2G4B	99.0	JMJ32/JMJD7/JMJD7-PLA2G4B	81.0/37.0/37.0
Scil_XP_065195925.1	JmjC.HG14.1:JMJ32/JMJD7/JMJD7-PLA2G4B	99.0	JMJ32/JMJD7/JMJD7-PLA2G4B	81.0/79.0/79.0
Dmel_NP_648651.1	JmjC.HG14.1:JMJ32/JMJD7/JMJD7-PLA2G4B	99.0	JMJ32/JMJD7/JMJD7-PLA2G4B	81.0/37.0/37.0
Rchi_XP_040363050.1	JmjC.HG14.1:JMJ32/JMJD7/JMJD7-PLA2G4B	99.0	JMJ32/JMJD7/JMJD7-PLA2G4B	100.0/81.0/81.0
Atha_NP_190174.2	JmjC.HG14.1:JMJ32/JMJD7/JMJD7-PLA2G4B	99.0	JMJ32/JMJD7/JMJD7-PLA2G4B	100.0/81.0/81.0
Hsap_NP_005081.1	JmjC.HG14.1:JMJ32/JMJD7/JMJD7-PLA2G4B	99.0	JMJ32/JMJD7/JMJD7-PLA2G4B	81.0/100.0/100.0
Zmay_NP_001147606.1	JmjC.HG14.1:JMJ32/JMJD7/JMJD7-PLA2G4B	99.0	JMJ32/JMJD7/JMJD7-PLA2G4B	100.0/81.0/81.0
Dpul_XP_046440730.1	JmjC.HG14.1:JMJ32/JMJD7/JMJD7-PLA2G4B	99.0	JMJ32/JMJD7/JMJD7-PLA2G4B	81.0/37.0/37.0
Pvan_XP_027211147.1	JmjC.HG14.1:JMJ32/JMJD7/JMJD7-PLA2G4B	99.0	JMJ32/JMJD7/JMJD7-PLA2G4B	81.0/37.0/37.0
Spur_XP_011662092.2	JmjC.HG14.1:JMJ32/JMJD7/JMJD7-PLA2G4B	99.0	JMJ32/JMJD7/JMJD7-PLA2G4B	81.0/73.0/73.0
Pvan_XP_069980168.1	JmjC.HG14.1:JMJ32/JMJD7/JMJD7-PLA2G4B	99.0	JMJ32/JMJD7/JMJD7-PLA2G4B	81.0/37.0/37.0
Cofcan_CDP07169.1	JmjC.HG14.1:JMJ32/JMJD7/JMJD7-PLA2G4B	99.0	JMJ32/JMJD7/JMJD7-PLA2G4B	100.0/81.0/81.0
Xtro_NP_001011279.1	JmjC.HG14.1:JMJ32/JMJD7/JMJD7-PLA2G4B	99.0	JMJ32/JMJD7/JMJD7-PLA2G4B	81.0/100.0/100.0
Psat_XP_050906267.1	JmjC.HG14.1:JMJ32/JMJD7/JMJD7-PLA2G4B	99.0	JMJ32/JMJD7/JMJD7-PLA2G4B	100.0/81.0/81.0
Osat_XP_015611921.1	JmjC.HG14.1:JMJ32/JMJD7/JMJD7-PLA2G4B	99.0	JMJ32/JMJD7/JMJD7-PLA2G4B	100.0/81.0/81.0
Crei_XP_042926085.1	JmjC.HG14.1:JMJ32/JMJD7/JMJD7-PLA2G4B	99.0	JMJ32/JMJD7/JMJD7-PLA2G4B	75.0/81.0/81.0
Hsap_NP_001108104.1	JmjC.HG14.1:JMJ32/JMJD7/JMJD7-PLA2G4B	99.0	JMJ32/JMJD7/JMJD7-PLA2G4B	81.0/100.0/100.0
Bnap_XP_013642534.1	JmjC.HG14.1:JMJ32/JMJD7/JMJD7-PLA2G4B	99.0	JMJ32/JMJD7/JMJD7-PLA2G4B	100.0/81.0/81.0
Skow_XP_002731421.1	JmjC.HG14.1:JMJ32/JMJD7/JMJD7-PLA2G4B	99.0	JMJ32/JMJD7/JMJD7-PLA2G4B	81.0/86.0/86.0
Ppat_XP_024403668.1	JmjC.HG14.1:JMJ32/JMJD7/JMJD7-PLA2G4B	99.0	JMJ32/JMJD7/JMJD7-PLA2G4B	92.0/81.0/81.0
Lsat_XP_023751667.1	JmjC.HG14.1:JMJ32/JMJD7/JMJD7-PLA2G4B	99.0	JMJ32/JMJD7/JMJD7-PLA2G4B	100.0/81.0/81.0
Apla_XP_022097445.1	JmjC.HG14.1:JMJ32/JMJD7/JMJD7-PLA2G4B	99.0	JMJ32/JMJD7/JMJD7-PLA2G4B	81.0/73.0/73.0
Mtru_XP_003612456.1	JmjC.HG14.1:JMJ32/JMJD7/JMJD7-PLA2G4B	99.0	JMJ32/JMJD7/JMJD7-PLA2G4B	100.0/81.0/81.0
Aplcal_XP_005105261.1	JmjC.HG14.1:JMJ32/JMJD7/JMJD7-PLA2G4B	99.0	JMJ32/JMJD7/JMJD7-PLA2G4B	81.0/37.0/37.0
Scil_XP_065177489.1	JmjC.HG14.2:like:JMJ32/JMJD7/JMJD7-PLA2G4B	100.0	NA	NA
Aque_XP_003387667.2	JmjC.HG14.3:like:JMJ32/JMJD7/JMJD7-PLA2G4B	88.0	NA	NA
Blan_XP_066275807.1	JmjC.HG14.3:like:JMJ32/JMJD7/JMJD7-PLA2G4B	88.0	NA	NA
Blan_XP_066275806.1	JmjC.HG14.3:like:JMJ32/JMJD7/JMJD7-PLA2G4B	88.0	NA	NA
Lana_XP_013409522.1	JmjC.HG14.3:like:JMJ32/JMJD7/JMJD7-PLA2G4B	88.0	NA	NA
Scil_XP_065185446.1	JmjC.HG14.3:like:JMJ32/JMJD7/JMJD7-PLA2G4B	88.0	NA	NA
Blan_XP_066275167.1	JmjC.HG14.3:like:JMJ32/JMJD7/JMJD7-PLA2G4B	88.0	NA	NA
Lana_XP_023931467.1	JmjC.HG14.3:like:JMJ32/JMJD7/JMJD7-PLA2G4B	88.0	NA	NA
Skow_XP_006818312.1	JmjC.HG14.3:like:JMJ32/JMJD7/JMJD7-PLA2G4B	88.0	NA	NA
Apla_XP_022083573.1	JmjC.HG14.3:like:JMJ32/JMJD7/JMJD7-PLA2G4B	88.0	NA	NA
Spur_XP_003728283.2	JmjC.HG14.3:like:JMJ32/JMJD7/JMJD7-PLA2G4B	88.0	NA	NA
Tadh_XP_002114207.1	JmjC.HG14.3:like:JMJ32/JMJD7/JMJD7-PLA2G4B	88.0	NA	NA
Smoe_XP_024527750.1	JmjC.HG16.0:KDM2A/KDM2B	1.0	KDM2A/KDM2B	64.0/64.0
Lana_XP_013394792.1	JmjC.HG16.0:KDM2A/KDM2B	1.0	KDM2A/KDM2B	68.0/68.0
Drer_NP_001410477.1	JmjC.HG16.0:KDM2A/KDM2B	1.0	KDM2B	100.0
Bmor_XP_004928906.1	JmjC.HG16.0:KDM2A/KDM2B	1.0	KDM2A/KDM2B	68.0/68.0
Aque_XP_011404618.2	JmjC.HG16.0:KDM2A/KDM2B	1.0	KDM2A/KDM2B	96.0/96.0
Apla_XP_022085616.1	JmjC.HG16.0:KDM2A/KDM2B	1.0	KDM2A/KDM2B	52.0/52.0
Smed_h1SMcT0005069.1	JmjC.HG16.0:KDM2A/KDM2B	1.0	KDM2A/KDM2B	87.0/87.0
Hrob_XP_009031639.1	JmjC.HG16.0:KDM2A/KDM2B	1.0	KDM2A/KDM2B	68.0/68.0
Cint_NP_001071898.1	JmjC.HG16.0:KDM2A/KDM2B	1.0	KDM2A/KDM2B	75.0/75.0
Scil_XP_065189801.1	JmjC.HG16.0:KDM2A/KDM2B	1.0	KDM2A/KDM2B	68.0/68.0
Dpul_XP_046452221.1	JmjC.HG16.0:KDM2A/KDM2B	1.0	KDM2A/KDM2B	68.0/68.0
Ggal_XP_004945610.1	JmjC.HG16.0:KDM2A/KDM2B	1.0	KDM2B	100.0
Apimel_XP_026294963.1	JmjC.HG16.0:KDM2A/KDM2B	1.0	KDM2A/KDM2B	68.0/68.0
Xtro_NP_001011176.1	JmjC.HG16.0:KDM2A/KDM2B	1.0	KDM2A	100.0
Mpol_BFI28825.1	JmjC.HG16.0:KDM2A/KDM2B	1.0	KDM2A/KDM2B	64.0/64.0
Hsap_NP_115979.3	JmjC.HG16.0:KDM2A/KDM2B	1.0	KDM2B	71.0
Smoe_XP_024528476.1	JmjC.HG16.0:KDM2A/KDM2B	1.0	KDM2A/KDM2B	64.0/64.0
Xtro_XP_031748490.1	JmjC.HG16.0:KDM2A/KDM2B	1.0	KDM2B	100.0
Pvan_XP_069969648.1	JmjC.HG16.0:KDM2A/KDM2B	1.0	KDM2A/KDM2B	68.0/68.0
Tadh_XP_002108337.1	JmjC.HG16.0:KDM2A/KDM2B	1.0	KDM2A/KDM2B	52.0/52.0
Hsap_XP_047282579.1	JmjC.HG16.0:KDM2A/KDM2B	1.0	KDM2A	100.0
Lsat_XP_023742173.1	JmjC.HG2.0:JMJD5/KDM8	88.0	JMJD5	93.0
Qlob_XP_030953153.1	JmjC.HG2.0:JMJD5/KDM8	88.0	JMJD5	93.0
Mesc_XP_043805952.1	JmjC.HG2.0:JMJD5/KDM8	88.0	JMJD5	93.0
Ecur_TVU05222.1	JmjC.HG2.0:JMJD5/KDM8	88.0	JMJD5	90.0
Atha_NP_850617.1	JmjC.HG2.0:JMJD5/KDM8	88.0	JMJD5	100.0
Ppat_XP_024376209.1	JmjC.HG2.0:JMJD5/KDM8	88.0	KDM8	86.0
Osat_XP_015648710.1	JmjC.HG2.0:JMJD5/KDM8	88.0	JMJD5	90.0
Bnap_XP_048605489.1	JmjC.HG2.0:JMJD5/KDM8	88.0	NA	NA
Otau_XP_022839388.1	JmjC.HG2.0:JMJD5/KDM8	88.0	NA	NA
Sollyc_NP_001306150.1	JmjC.HG2.0:JMJD5/KDM8	88.0	JMJD5	93.0
Xtro_NP_001121525.1	JmjC.HG2.0:JMJD5/KDM8	88.0	KDM8	100.0
Bmor_XP_021207491.2	JmjC.HG2.0:JMJD5/KDM8	88.0	KDM8	30.0
Ecur_TVU10016.1	JmjC.HG2.0:JMJD5/KDM8	88.0	JMJD5	90.0
Mpol_BFI24177.1	JmjC.HG2.0:JMJD5/KDM8	88.0	JMJD5	99.0
Tadh_XP_002109881.1	JmjC.HG2.0:JMJD5/KDM8	88.0	KDM8	63.0
Apla_XP_022085202.1	JmjC.HG2.0:JMJD5/KDM8	88.0	KDM8	93.0
Bdis_XP_014758878.1	JmjC.HG2.0:JMJD5/KDM8	88.0	JMJD5	90.0
Zmay_XP_008665874.1	JmjC.HG2.0:JMJD5/KDM8	88.0	JMJD5	90.0
Zmay_XP_035823398.1	JmjC.HG2.0:JMJD5/KDM8	88.0	JMJD5	90.0
Hsap_NP_001138820.1	JmjC.HG2.0:JMJD5/KDM8	88.0	KDM8	90.0
Spur_XP_030839602.1	JmjC.HG2.0:JMJD5/KDM8	88.0	KDM8	93.0
Ppur_KAA8493682.1	JmjC.HG2.0:JMJD5/KDM8	88.0	NA	NA
Ggal_XP_414883.4	JmjC.HG2.0:JMJD5/KDM8	88.0	KDM8	95.0
Crei_XP_042919519.1	JmjC.HG2.0:JMJD5/KDM8	88.0	JMJD5	97.0
Cbra_GBG93401.1	JmjC.HG2.0:JMJD5/KDM8	88.0	JMJD5	97.0
Hrob_XP_009019477.1	JmjC.HG2.0:JMJD5/KDM8	88.0	KDM8	78.0
Qlob_XP_030958989.1	JmjC.HG2.0:JMJD5/KDM8	88.0	JMJD5	93.0
Tura_XP_048530838.1	JmjC.HG2.0:JMJD5/KDM8	88.0	JMJD5	90.0
Psat_XP_050893429.1	JmjC.HG2.0:JMJD5/KDM8	88.0	JMJD5	93.0
Otau_XP_003074529.2	JmjC.HG2.0:JMJD5/KDM8	88.0	NA	NA
Tura_XP_048543124.1	JmjC.HG2.0:JMJD5/KDM8	88.0	JMJD5	90.0
Scil_XP_065185214.1	JmjC.HG2.0:JMJD5/KDM8	88.0	KDM8	91.0
Aque_XP_019853293.1	JmjC.HG2.0:JMJD5/KDM8	88.0	KDM8	63.0
Atri_XP_020526473.1	JmjC.HG2.0:JMJD5/KDM8	88.0	JMJD5	99.0
Dmel_NP_612063.2	JmjC.HG2.0:JMJD5/KDM8	88.0	KDM8	30.0
Drer_NP_001103339.2	JmjC.HG2.0:JMJD5/KDM8	88.0	KDM8	100.0
Ppat_XP_024399957.1	JmjC.HG2.0:JMJD5/KDM8	88.0	JMJD5	99.0
Bnap_XP_013697929.1	JmjC.HG2.0:JMJD5/KDM8	88.0	JMJD5	95.0
Hrob_XP_009019479.1	JmjC.HG2.0:JMJD5/KDM8	88.0	KDM8	78.0
Cscu_XP_023216044.1	JmjC.HG2.0:JMJD5/KDM8	88.0	KDM8	93.0
Rchi_XP_024158191.1	JmjC.HG2.0:JMJD5/KDM8	88.0	JMJD5	93.0
Cofcan_CDP14099.1	JmjC.HG2.0:JMJD5/KDM8	88.0	JMJD5	93.0
Aplcal_XP_005102629.2	JmjC.HG2.0:JMJD5/KDM8	88.0	KDM8	78.0
Bnap_XP_013749294.2	JmjC.HG2.0:JMJD5/KDM8	88.0	JMJD5	95.0
Cint_XP_026690226.1	JmjC.HG2.0:JMJD5/KDM8	88.0	KDM8	35.0
Skow_XP_006813260.1	JmjC.HG2.0:JMJD5/KDM8	88.0	KDM8	93.0
Osat_XP_015610619.1	JmjC.HG2.0:JMJD5/KDM8	88.0	JMJD5	90.0
Zmay_XP_008665873.1	JmjC.HG2.0:JMJD5/KDM8	88.0	JMJD5	90.0
Tura_XP_048542530.1	JmjC.HG2.0:JMJD5/KDM8	88.0	JMJD5	90.0
Zmay_XP_023157516.1	JmjC.HG2.0:JMJD5/KDM8	88.0	JMJD5	90.0
Zmay_XP_008651381.1	JmjC.HG2.0:JMJD5/KDM8	88.0	JMJD5	90.0
Lana_XP_013411836.1	JmjC.HG2.0:JMJD5/KDM8	88.0	KDM8	93.0
Zmay_NP_001140556.1	JmjC.HG2.0:JMJD5/KDM8	88.0	JMJD5	90.0
Dpul_XP_046461813.1	JmjC.HG2.0:JMJD5/KDM8	88.0	KDM8	63.0
Bnap_XP_048630333.1	JmjC.HG2.0:JMJD5/KDM8	88.0	JMJD5	95.0
Blan_XP_066295512.1	JmjC.HG2.0:JMJD5/KDM8	88.0	KDM8	89.0
Smoe_XP_024531781.1	JmjC.HG2.0:JMJD5/KDM8	88.0	JMJD5	99.0
Ecur_TVU01081.1	JmjC.HG2.0:JMJD5/KDM8	88.0	JMJD5	90.0
Pvan_XP_069991585.1	JmjC.HG2.0:JMJD5/KDM8	88.0	KDM8	63.0
Smoe_XP_024539595.1	JmjC.HG2.0:JMJD5/KDM8	88.0	JMJD5	99.0
Apimel_XP_026296208.1	JmjC.HG2.0:JMJD5/KDM8	88.0	KDM8	30.0
Otau_XP_022838309.1	JmjC.HG2.0:JMJD5/KDM8	88.0	NA	NA
Mtru_XP_013456231.1	JmjC.HG2.0:JMJD5/KDM8	88.0	JMJD5	93.0
Bdis_XP_003572365.1	JmjC.HG2.0:JMJD5/KDM8	88.0	JMJD5	90.0
Rchi_XP_024159047.1	JmjC.HG2.0:JMJD5/KDM8	88.0	JMJD5	93.0
Mesc_XP_043813759.1	JmjC.HG2.0:JMJD5/KDM8	88.0	JMJD5	93.0
Otau_XP_022838759.1	JmjC.HG2.2:JMJ31	99.0	JMJ31	99.0
Lsat_XP_023734930.1	JmjC.HG2.2:JMJ31	99.0	JMJ31	62.0
Qlob_XP_030973177.1	JmjC.HG2.2:JMJ31	99.0	JMJ31	62.0
Ecur_TVU34924.1	JmjC.HG2.2:JMJ31	99.0	JMJ31	54.0
Tura_XP_048564742.1	JmjC.HG2.2:JMJ31	99.0	JMJ31	54.0
Ppat_XP_024366925.1	JmjC.HG2.2:JMJ31	99.0	JMJ31	98.0
Smoe_XP_024527652.1	JmjC.HG2.2:JMJ31	99.0	JMJ31	98.0
Smoe_XP_024520670.1	JmjC.HG2.2:JMJ31	99.0	JMJ31	98.0
Mesc_XP_021612650.1	JmjC.HG2.2:JMJ31	99.0	JMJ31	62.0
Cofcan_CDP03676.1	JmjC.HG2.2:JMJ31	99.0	JMJ31	62.0
Smoe_XP_024532000.1	JmjC.HG2.2:JMJ31	99.0	JMJ31	98.0
Bnap_XP_013682006.3	JmjC.HG2.2:JMJ31	99.0	JMJ31	100.0
Psat_XP_050887295.1	JmjC.HG2.2:JMJ31	99.0	JMJ31	62.0
Sollyc_XP_004247201.1	JmjC.HG2.2:JMJ31	99.0	JMJ31	62.0
Bdis_XP_003569931.2	JmjC.HG2.2:JMJ31	99.0	JMJ31	54.0
Qlob_XP_030947628.1	JmjC.HG2.2:JMJ31	99.0	JMJ31	62.0
Rchi_XP_024164996.1	JmjC.HG2.2:JMJ31	99.0	JMJ31	62.0
Atha_NP_001190341.1	JmjC.HG2.2:JMJ31	99.0	JMJ31	100.0
Bnap_XP_013730750.2	JmjC.HG2.2:JMJ31	99.0	JMJ31	100.0
Mpol_BFI40533.1	JmjC.HG2.2:JMJ31	99.0	JMJ31	98.0
Osat_XP_015618169.1	JmjC.HG2.2:JMJ31	99.0	JMJ31	54.0
Atri_XP_020520100.1	JmjC.HG2.2:JMJ31	99.0	JMJ31	100.0
Crei_XP_042921493.1	JmjC.HG2.2:JMJ31	99.0	JMJ31	100.0
Ecur_TVU34937.1	JmjC.HG2.2:JMJ31	99.0	JMJ31	54.0
Mtru_XP_003590573.1	JmjC.HG2.2:JMJ31	99.0	JMJ31	62.0
Smoe_XP_024527929.1	JmjC.HG2.2:JMJ31	99.0	JMJ31	98.0
Zmay_NP_001360982.1	JmjC.HG2.2:JMJ31	99.0	JMJ31	54.0
Cofcan_CDP19768.1	JmjC.HG2.2:JMJ31	99.0	JMJ31	62.0
Crei_XP_042920294.1	JmjC.HG3.0:B160/IBM1/JMJ24/JMJ26/JMJ27/JMJ29	1.0	B160/IBM1/JMJ24/JMJ26/JMJ27/JMJ29	1.0/1.0/1.0/1.0/1.0/1.0
Bnap_XP_013735327.2	JmjC.HG3.0:B160/IBM1/JMJ24/JMJ26/JMJ27/JMJ29	1.0	NA	NA
Atha_NP_193874.2	JmjC.HG3.0:B160/IBM1/JMJ24/JMJ26/JMJ27/JMJ29	1.0	B160	100.0
Lsat_XP_042758584.2	JmjC.HG3.0:B160/IBM1/JMJ24/JMJ26/JMJ27/JMJ29	1.0	IBM1	93.0
Cbra_GBG68574.1	JmjC.HG3.0:B160/IBM1/JMJ24/JMJ26/JMJ27/JMJ29	1.0	B160/IBM1/JMJ24/JMJ26/JMJ27/JMJ29	90.0/90.0/90.0/90.0/90.0/90.0
Bdis_XP_010238028.2	JmjC.HG3.0:B160/IBM1/JMJ24/JMJ26/JMJ27/JMJ29	1.0	NA	NA
Tura_XP_048530144.1	JmjC.HG3.0:B160/IBM1/JMJ24/JMJ26/JMJ27/JMJ29	1.0	JMJ26/JMJ29	99.0/99.0
Sollyc_XP_010316711.1	JmjC.HG3.0:B160/IBM1/JMJ24/JMJ26/JMJ27/JMJ29	1.0	JMJ24	100.0
Rchi_XP_024160637.1	JmjC.HG3.0:B160/IBM1/JMJ24/JMJ26/JMJ27/JMJ29	1.0	JMJ26/JMJ29	97.0/97.0
Rchi_XP_040366412.1	JmjC.HG3.0:B160/IBM1/JMJ24/JMJ26/JMJ27/JMJ29	1.0	IBM1	93.0
Bdis_XP_024318842.1	JmjC.HG3.0:B160/IBM1/JMJ24/JMJ26/JMJ27/JMJ29	1.0	JMJ26/JMJ29	99.0/99.0
Cbra_GBG92070.1	JmjC.HG3.0:B160/IBM1/JMJ24/JMJ26/JMJ27/JMJ29	1.0	B160/IBM1/JMJ24/JMJ26/JMJ27/JMJ29	90.0/90.0/90.0/90.0/90.0/90.0
Sollyc_XP_010318017.2	JmjC.HG3.0:B160/IBM1/JMJ24/JMJ26/JMJ27/JMJ29	1.0	NA	NA
Lsat_XP_023742883.1	JmjC.HG3.0:B160/IBM1/JMJ24/JMJ26/JMJ27/JMJ29	1.0	JMJ26/JMJ29	100.0/100.0
Mtru_XP_039689161.1	JmjC.HG3.0:B160/IBM1/JMJ24/JMJ26/JMJ27/JMJ29	1.0	JMJ26/JMJ29	48.0/48.0
Mesc_XP_021597050.1	JmjC.HG3.0:B160/IBM1/JMJ24/JMJ26/JMJ27/JMJ29	1.0	JMJ26/JMJ29	96.0/96.0
Sollyc_XP_004237549.1	JmjC.HG3.0:B160/IBM1/JMJ24/JMJ26/JMJ27/JMJ29	1.0	IBM1	93.0
Bnap_XP_048595127.1	JmjC.HG3.0:B160/IBM1/JMJ24/JMJ26/JMJ27/JMJ29	1.0	NA	NA
Zmay_XP_008677146.1	JmjC.HG3.0:B160/IBM1/JMJ24/JMJ26/JMJ27/JMJ29	1.0	NA	NA
Ecur_TVU46224.1	JmjC.HG3.0:B160/IBM1/JMJ24/JMJ26/JMJ27/JMJ29	1.0	NA	NA
Lsat_XP_042751902.1	JmjC.HG3.0:B160/IBM1/JMJ24/JMJ26/JMJ27/JMJ29	1.0	JMJ26/JMJ29	100.0/100.0
Bnap_XP_022546157.1	JmjC.HG3.0:B160/IBM1/JMJ24/JMJ26/JMJ27/JMJ29	1.0	JMJ24	100.0
Lsat_XP_023758239.1	JmjC.HG3.0:B160/IBM1/JMJ24/JMJ26/JMJ27/JMJ29	1.0	JMJ24	100.0
Rchi_XP_024187509.1	JmjC.HG3.0:B160/IBM1/JMJ24/JMJ26/JMJ27/JMJ29	1.0	JMJ24	100.0
Psat_XP_050893073.1	JmjC.HG3.0:B160/IBM1/JMJ24/JMJ26/JMJ27/JMJ29	1.0	NA	NA
Bdis_XP_010233682.1	JmjC.HG3.0:B160/IBM1/JMJ24/JMJ26/JMJ27/JMJ29	1.0	NA	NA
Mtru_XP_024629672.1	JmjC.HG3.0:B160/IBM1/JMJ24/JMJ26/JMJ27/JMJ29	1.0	IBM1	93.0
Atha_NP_176421.1	JmjC.HG3.0:B160/IBM1/JMJ24/JMJ26/JMJ27/JMJ29	1.0	JMJ29	100.0
Psat_XP_050879116.1	JmjC.HG3.0:B160/IBM1/JMJ24/JMJ26/JMJ27/JMJ29	1.0	B160	100.0
Bnap_XP_048622322.1	JmjC.HG3.0:B160/IBM1/JMJ24/JMJ26/JMJ27/JMJ29	1.0	JMJ26	100.0
Mtru_XP_013462466.1	JmjC.HG3.0:B160/IBM1/JMJ24/JMJ26/JMJ27/JMJ29	1.0	B160	100.0
Psat_XP_050920722.1	JmjC.HG3.0:B160/IBM1/JMJ24/JMJ26/JMJ27/JMJ29	1.0	JMJ26/JMJ29	48.0/48.0
Bnap_XP_048625487.1	JmjC.HG3.0:B160/IBM1/JMJ24/JMJ26/JMJ27/JMJ29	1.0	NA	NA
Cofcan_CDP04436.1	JmjC.HG3.0:B160/IBM1/JMJ24/JMJ26/JMJ27/JMJ29	1.0	JMJ26/JMJ29	100.0/100.0
Tura_XP_048531966.1	JmjC.HG3.0:B160/IBM1/JMJ24/JMJ26/JMJ27/JMJ29	1.0	NA	NA
Mtru_XP_039690605.1	JmjC.HG3.0:B160/IBM1/JMJ24/JMJ26/JMJ27/JMJ29	1.0	IBM1	93.0
Qlob_XP_030969297.1	JmjC.HG3.0:B160/IBM1/JMJ24/JMJ26/JMJ27/JMJ29	1.0	B160	100.0
Lsat_XP_023749344.1	JmjC.HG3.0:B160/IBM1/JMJ24/JMJ26/JMJ27/JMJ29	1.0	IBM1	93.0
Qlob_XP_030935533.1	JmjC.HG3.0:B160/IBM1/JMJ24/JMJ26/JMJ27/JMJ29	1.0	NA	NA
Psat_XP_050892119.1	JmjC.HG3.0:B160/IBM1/JMJ24/JMJ26/JMJ27/JMJ29	1.0	JMJ24	100.0
Mtru_XP_013462889.1	JmjC.HG3.0:B160/IBM1/JMJ24/JMJ26/JMJ27/JMJ29	1.0	JMJ26/JMJ29	48.0/48.0
Cofcan_CDP11593.1	JmjC.HG3.0:B160/IBM1/JMJ24/JMJ26/JMJ27/JMJ29	1.0	IBM1	93.0
Bdis_XP_010228631.1	JmjC.HG3.0:B160/IBM1/JMJ24/JMJ26/JMJ27/JMJ29	1.0	JMJ24	100.0
Mtru_XP_024630937.1	JmjC.HG3.0:B160/IBM1/JMJ24/JMJ26/JMJ27/JMJ29	1.0	IBM1	93.0
Atri_XP_020530154.1	JmjC.HG3.0:B160/IBM1/JMJ24/JMJ26/JMJ27/JMJ29	1.0	IBM1/JMJ26/JMJ29	68.0/68.0/68.0
Tura_XP_048536205.1	JmjC.HG3.0:B160/IBM1/JMJ24/JMJ26/JMJ27/JMJ29	1.0	NA	NA
Lsat_XP_023749364.1	JmjC.HG3.0:B160/IBM1/JMJ24/JMJ26/JMJ27/JMJ29	1.0	IBM1	93.0
Atha_NP_001322575.1	JmjC.HG3.0:B160/IBM1/JMJ24/JMJ26/JMJ27/JMJ29	1.0	JMJ26	100.0
Cofcan_CDP19052.1	JmjC.HG3.0:B160/IBM1/JMJ24/JMJ26/JMJ27/JMJ29	1.0	IBM1	93.0
Mpol_BFI29758.1	JmjC.HG3.0:B160/IBM1/JMJ24/JMJ26/JMJ27/JMJ29	1.0	B160/IBM1/JMJ24/JMJ26/JMJ27/JMJ29	90.0/90.0/90.0/90.0/90.0/90.0
Mesc_XP_021596459.1	JmjC.HG3.0:B160/IBM1/JMJ24/JMJ26/JMJ27/JMJ29	1.0	B160	100.0
Rchi_XP_024177384.1	JmjC.HG3.0:B160/IBM1/JMJ24/JMJ26/JMJ27/JMJ29	1.0	NA	NA
Bdis_XP_024310303.1	JmjC.HG3.0:B160/IBM1/JMJ24/JMJ26/JMJ27/JMJ29	1.0	NA	NA
Bnap_XP_022556510.2	JmjC.HG3.0:B160/IBM1/JMJ24/JMJ26/JMJ27/JMJ29	1.0	JMJ29	100.0
Ppat_XP_024394112.1	JmjC.HG3.0:B160/IBM1/JMJ24/JMJ26/JMJ27/JMJ29	1.0	B160/IBM1/JMJ24/JMJ26/JMJ27/JMJ29	90.0/90.0/90.0/90.0/90.0/90.0
Lsat_XP_023728507.1	JmjC.HG3.0:B160/IBM1/JMJ24/JMJ26/JMJ27/JMJ29	1.0	NA	NA
Mtru_XP_013468436.1	JmjC.HG3.0:B160/IBM1/JMJ24/JMJ26/JMJ27/JMJ29	1.0	IBM1	93.0
Qlob_XP_030971851.1	JmjC.HG3.0:B160/IBM1/JMJ24/JMJ26/JMJ27/JMJ29	1.0	JMJ26/JMJ29	48.0/48.0
Bnap_XP_013750883.1	JmjC.HG3.0:B160/IBM1/JMJ24/JMJ26/JMJ27/JMJ29	1.0	JMJ24	100.0
Zmay_XP_008680032.1	JmjC.HG3.0:B160/IBM1/JMJ24/JMJ26/JMJ27/JMJ29	1.0	NA	NA
Tura_XP_048570988.1	JmjC.HG3.0:B160/IBM1/JMJ24/JMJ26/JMJ27/JMJ29	1.0	JMJ24	100.0
Ppat_XP_024373440.1	JmjC.HG3.0:B160/IBM1/JMJ24/JMJ26/JMJ27/JMJ29	1.0	B160/IBM1/JMJ24/JMJ26/JMJ27/JMJ29	90.0/90.0/90.0/90.0/90.0/90.0
Ppat_XP_024400798.1	JmjC.HG3.0:B160/IBM1/JMJ24/JMJ26/JMJ27/JMJ29	1.0	B160/IBM1/JMJ24/JMJ26/JMJ27/JMJ29	90.0/90.0/90.0/90.0/90.0/90.0
Osat_XP_025879678.1	JmjC.HG3.0:B160/IBM1/JMJ24/JMJ26/JMJ27/JMJ29	1.0	JMJ24	100.0
Cofcan_CDP19686.1	JmjC.HG3.0:B160/IBM1/JMJ24/JMJ26/JMJ27/JMJ29	1.0	JMJ24	100.0
Bnap_XP_048596265.1	JmjC.HG3.0:B160/IBM1/JMJ24/JMJ26/JMJ27/JMJ29	1.0	B160	100.0
Mesc_XP_021599326.1	JmjC.HG3.0:B160/IBM1/JMJ24/JMJ26/JMJ27/JMJ29	1.0	B160	100.0
Sollyc_XP_004233815.1	JmjC.HG3.0:B160/IBM1/JMJ24/JMJ26/JMJ27/JMJ29	1.0	B160	100.0
Psat_XP_050893775.1	JmjC.HG3.0:B160/IBM1/JMJ24/JMJ26/JMJ27/JMJ29	1.0	B160	100.0
Qlob_XP_030963218.1	JmjC.HG3.0:B160/IBM1/JMJ24/JMJ26/JMJ27/JMJ29	1.0	IBM1	93.0
Zmay_XP_008665049.1	JmjC.HG3.0:B160/IBM1/JMJ24/JMJ26/JMJ27/JMJ29	1.0	NA	NA
Rchi_XP_040362147.1	JmjC.HG3.0:B160/IBM1/JMJ24/JMJ26/JMJ27/JMJ29	1.0	B160	100.0
Cofcan_CDO99647.1	JmjC.HG3.0:B160/IBM1/JMJ24/JMJ26/JMJ27/JMJ29	1.0	B160	100.0
Smoe_XP_024532325.1	JmjC.HG3.0:B160/IBM1/JMJ24/JMJ26/JMJ27/JMJ29	1.0	B160/IBM1/JMJ24/JMJ26/JMJ27/JMJ29	90.0/90.0/90.0/90.0/90.0/90.0
Lsat_XP_023749310.1	JmjC.HG3.0:B160/IBM1/JMJ24/JMJ26/JMJ27/JMJ29	1.0	IBM1	93.0
Bnap_XP_048594197.1	JmjC.HG3.0:B160/IBM1/JMJ24/JMJ26/JMJ27/JMJ29	1.0	JMJ26	100.0
Tura_XP_048552646.1	JmjC.HG3.0:B160/IBM1/JMJ24/JMJ26/JMJ27/JMJ29	1.0	NA	NA
Smoe_XP_024526228.1	JmjC.HG3.0:B160/IBM1/JMJ24/JMJ26/JMJ27/JMJ29	1.0	B160/IBM1/JMJ24/JMJ26/JMJ27/JMJ29	90.0/90.0/90.0/90.0/90.0/90.0
Qlob_XP_030962218.1	JmjC.HG3.0:B160/IBM1/JMJ24/JMJ26/JMJ27/JMJ29	1.0	IBM1	93.0
Osat_XP_015623118.1	JmjC.HG3.0:B160/IBM1/JMJ24/JMJ26/JMJ27/JMJ29	1.0	NA	NA
Zmay_NP_001357966.1	JmjC.HG3.0:B160/IBM1/JMJ24/JMJ26/JMJ27/JMJ29	1.0	JMJ24	100.0
Lsat_XP_023758398.1	JmjC.HG3.0:B160/IBM1/JMJ24/JMJ26/JMJ27/JMJ29	1.0	B160	100.0
Lsat_XP_042756672.1	JmjC.HG3.0:B160/IBM1/JMJ24/JMJ26/JMJ27/JMJ29	1.0	IBM1	93.0
Sollyc_XP_004233782.1	JmjC.HG3.0:B160/IBM1/JMJ24/JMJ26/JMJ27/JMJ29	1.0	JMJ26/JMJ29	100.0/100.0
Rchi_XP_024169457.1	JmjC.HG3.0:B160/IBM1/JMJ24/JMJ26/JMJ27/JMJ29	1.0	IBM1	93.0
Atri_XP_020527895.1	JmjC.HG3.0:B160/IBM1/JMJ24/JMJ26/JMJ27/JMJ29	1.0	JMJ27	100.0
Lsat_XP_023748864.1	JmjC.HG3.0:B160/IBM1/JMJ24/JMJ26/JMJ27/JMJ29	1.0	B160	100.0
Ecur_TVU27615.1	JmjC.HG3.0:B160/IBM1/JMJ24/JMJ26/JMJ27/JMJ29	1.0	NA	NA
Atri_XP_020524991.1	JmjC.HG3.0:B160/IBM1/JMJ24/JMJ26/JMJ27/JMJ29	1.0	IBM1/JMJ26/JMJ29	68.0/68.0/68.0
Sollyc_XP_069144188.1	JmjC.HG3.0:B160/IBM1/JMJ24/JMJ26/JMJ27/JMJ29	1.0	IBM1	93.0
Atri_XP_020529762.1	JmjC.HG3.0:B160/IBM1/JMJ24/JMJ26/JMJ27/JMJ29	1.0	JMJ24	100.0
Mtru_XP_024628752.1	JmjC.HG3.0:B160/IBM1/JMJ24/JMJ26/JMJ27/JMJ29	1.0	JMJ26/JMJ29	48.0/48.0
Lsat_XP_042758581.1	JmjC.HG3.0:B160/IBM1/JMJ24/JMJ26/JMJ27/JMJ29	1.0	IBM1	93.0
Bnap_XP_048633161.1	JmjC.HG3.0:B160/IBM1/JMJ24/JMJ26/JMJ27/JMJ29	1.0	JMJ29	100.0
Mtru_XP_024633356.1	JmjC.HG3.0:B160/IBM1/JMJ24/JMJ26/JMJ27/JMJ29	1.0	JMJ26/JMJ29	48.0/48.0
Ecur_TVU46240.1	JmjC.HG3.0:B160/IBM1/JMJ24/JMJ26/JMJ27/JMJ29	1.0	NA	NA
Sollyc_XP_004232586.1	JmjC.HG3.0:B160/IBM1/JMJ24/JMJ26/JMJ27/JMJ29	1.0	NA	NA
Rchi_XP_024170310.1	JmjC.HG3.0:B160/IBM1/JMJ24/JMJ26/JMJ27/JMJ29	1.0	IBM1	93.0
Lsat_XP_023749326.1	JmjC.HG3.0:B160/IBM1/JMJ24/JMJ26/JMJ27/JMJ29	1.0	IBM1	93.0
Bnap_XP_022562843.1	JmjC.HG3.0:B160/IBM1/JMJ24/JMJ26/JMJ27/JMJ29	1.0	B160	100.0
Bnap_XP_013750590.2	JmjC.HG3.0:B160/IBM1/JMJ24/JMJ26/JMJ27/JMJ29	1.0	IBM1	100.0
Rchi_XP_024176218.1	JmjC.HG3.0:B160/IBM1/JMJ24/JMJ26/JMJ27/JMJ29	1.0	JMJ27	100.0
Lsat_XP_023749314.1	JmjC.HG3.0:B160/IBM1/JMJ24/JMJ26/JMJ27/JMJ29	1.0	IBM1	93.0
Zmay_NP_001357967.1	JmjC.HG3.0:B160/IBM1/JMJ24/JMJ26/JMJ27/JMJ29	1.0	JMJ26/JMJ29	99.0/99.0
Osat_XP_015611177.1	JmjC.HG3.0:B160/IBM1/JMJ24/JMJ26/JMJ27/JMJ29	1.0	JMJ26/JMJ29	99.0/99.0
Ecur_TVU47084.1	JmjC.HG3.0:B160/IBM1/JMJ24/JMJ26/JMJ27/JMJ29	1.0	JMJ24	100.0
Bnap_XP_013750219.3	JmjC.HG3.0:B160/IBM1/JMJ24/JMJ26/JMJ27/JMJ29	1.0	JMJ29	100.0
Mesc_XP_043817505.1	JmjC.HG3.0:B160/IBM1/JMJ24/JMJ26/JMJ27/JMJ29	1.0	IBM1	93.0
Mtru_XP_013469044.2	JmjC.HG3.0:B160/IBM1/JMJ24/JMJ26/JMJ27/JMJ29	1.0	JMJ24	100.0
Atha_NP_001189838.1	JmjC.HG3.0:B160/IBM1/JMJ24/JMJ26/JMJ27/JMJ29	1.0	IBM1	100.0
Bnap_XP_022548707.2	JmjC.HG3.0:B160/IBM1/JMJ24/JMJ26/JMJ27/JMJ29	1.0	JMJ27	100.0
Mtru_XP_003592704.3	JmjC.HG3.0:B160/IBM1/JMJ24/JMJ26/JMJ27/JMJ29	1.0	IBM1	93.0
Bdis_XP_010235136.2	JmjC.HG3.0:B160/IBM1/JMJ24/JMJ26/JMJ27/JMJ29	1.0	JMJ26/JMJ29	99.0/99.0
Bnap_XP_048595743.1	JmjC.HG3.0:B160/IBM1/JMJ24/JMJ26/JMJ27/JMJ29	1.0	JMJ29	100.0
Ecur_TVU33689.1	JmjC.HG3.0:B160/IBM1/JMJ24/JMJ26/JMJ27/JMJ29	1.0	NA	NA
Mesc_XP_021592811.1	JmjC.HG3.0:B160/IBM1/JMJ24/JMJ26/JMJ27/JMJ29	1.0	IBM1	93.0
Psat_XP_050916935.1	JmjC.HG3.0:B160/IBM1/JMJ24/JMJ26/JMJ27/JMJ29	1.0	JMJ27	100.0
Rchi_XP_024170218.1	JmjC.HG3.0:B160/IBM1/JMJ24/JMJ26/JMJ27/JMJ29	1.0	IBM1	93.0
Bnap_XP_022559270.2	JmjC.HG3.0:B160/IBM1/JMJ24/JMJ26/JMJ27/JMJ29	1.0	IBM1	100.0
Rchi_XP_024199074.1	JmjC.HG3.0:B160/IBM1/JMJ24/JMJ26/JMJ27/JMJ29	1.0	IBM1	93.0
Rchi_XP_024169441.1	JmjC.HG3.0:B160/IBM1/JMJ24/JMJ26/JMJ27/JMJ29	1.0	IBM1	93.0
Qlob_XP_030933855.1	JmjC.HG3.0:B160/IBM1/JMJ24/JMJ26/JMJ27/JMJ29	1.0	NA	NA
Osat_XP_015612349.2	JmjC.HG3.0:B160/IBM1/JMJ24/JMJ26/JMJ27/JMJ29	1.0	JMJ26/JMJ29	99.0/99.0
Osat_XP_015623784.1	JmjC.HG3.0:B160/IBM1/JMJ24/JMJ26/JMJ27/JMJ29	1.0	NA	NA
Mtru_XP_003588516.2	JmjC.HG3.0:B160/IBM1/JMJ24/JMJ26/JMJ27/JMJ29	1.0	NA	NA
Ppat_XP_024399461.1	JmjC.HG3.0:B160/IBM1/JMJ24/JMJ26/JMJ27/JMJ29	1.0	B160/IBM1/JMJ24/JMJ26/JMJ27/JMJ29	90.0/90.0/90.0/90.0/90.0/90.0
Bnap_XP_013717256.2	JmjC.HG3.0:B160/IBM1/JMJ24/JMJ26/JMJ27/JMJ29	1.0	B160	100.0
Atha_NP_192008.3	JmjC.HG3.0:B160/IBM1/JMJ24/JMJ26/JMJ27/JMJ29	1.0	JMJ27	100.0
Tura_XP_048547542.1	JmjC.HG3.0:B160/IBM1/JMJ24/JMJ26/JMJ27/JMJ29	1.0	NA	NA
Mtru_XP_003608271.1	JmjC.HG3.0:B160/IBM1/JMJ24/JMJ26/JMJ27/JMJ29	1.0	B160	100.0
Ecur_TVU09444.1	JmjC.HG3.0:B160/IBM1/JMJ24/JMJ26/JMJ27/JMJ29	1.0	JMJ26/JMJ29	99.0/99.0
Atha_NP_001031007.1	JmjC.HG3.0:B160/IBM1/JMJ24/JMJ26/JMJ27/JMJ29	1.0	JMJ24	100.0
Mesc_XP_021620107.1	JmjC.HG3.0:B160/IBM1/JMJ24/JMJ26/JMJ27/JMJ29	1.0	JMJ24	100.0
Lsat_XP_042758186.1	JmjC.HG3.0:B160/IBM1/JMJ24/JMJ26/JMJ27/JMJ29	1.0	IBM1	93.0
Mesc_XP_021604997.1	JmjC.HG3.0:B160/IBM1/JMJ24/JMJ26/JMJ27/JMJ29	1.0	NA	NA
Bnap_XP_048605946.1	JmjC.HG3.0:B160/IBM1/JMJ24/JMJ26/JMJ27/JMJ29	1.0	NA	NA
Psat_XP_050887664.1	JmjC.HG3.0:B160/IBM1/JMJ24/JMJ26/JMJ27/JMJ29	1.0	IBM1	93.0
Bnap_XP_022550346.2	JmjC.HG3.0:B160/IBM1/JMJ24/JMJ26/JMJ27/JMJ29	1.0	B160	100.0
Atri_XP_011620489.2	JmjC.HG3.0:B160/IBM1/JMJ24/JMJ26/JMJ27/JMJ29	1.0	B160	100.0
Mtru_XP_013450617.1	JmjC.HG3.0:B160/IBM1/JMJ24/JMJ26/JMJ27/JMJ29	1.0	JMJ27	100.0
Mtru_XP_003615216.2	JmjC.HG3.0:B160/IBM1/JMJ24/JMJ26/JMJ27/JMJ29	1.0	IBM1	93.0
Osat_XP_015631297.1	JmjC.HG3.0:B160/IBM1/JMJ24/JMJ26/JMJ27/JMJ29	1.0	NA	NA
Psat_XP_050892778.1	JmjC.HG3.0:B160/IBM1/JMJ24/JMJ26/JMJ27/JMJ29	1.0	IBM1	93.0
Qlob_XP_030957460.1	JmjC.HG3.0:B160/IBM1/JMJ24/JMJ26/JMJ27/JMJ29	1.0	JMJ24	100.0
Cofcan_CDP05058.1	JmjC.HG3.0:B160/IBM1/JMJ24/JMJ26/JMJ27/JMJ29	1.0	NA	NA
Cofcan_CDP01722.1	JmjC.HG3.0:B160/IBM1/JMJ24/JMJ26/JMJ27/JMJ29	1.0	NA	NA
Mpol_BFI36230.1	JmjC.HG3.0:B160/IBM1/JMJ24/JMJ26/JMJ27/JMJ29	1.0	B160/IBM1/JMJ24/JMJ26/JMJ27/JMJ29	90.0/90.0/90.0/90.0/90.0/90.0
Rchi_XP_040361941.1	JmjC.HG3.0:B160/IBM1/JMJ24/JMJ26/JMJ27/JMJ29	1.0	IBM1	93.0
Lsat_XP_042758580.1	JmjC.HG3.0:B160/IBM1/JMJ24/JMJ26/JMJ27/JMJ29	1.0	IBM1	93.0
Crei_XP_042920439.1	JmjC.HG3.1:like:B160/IBM1/JMJ24/JMJ26/JMJ27/JMJ29	1.0	NA	NA
Spur_XP_030837351.1	JmjC.HG4.5:KDM6A/KDM6B/UTY	69.0	KDM6A/KDM6B/UTY	97.0/97.0/97.0
Tadh_XP_002111819.1	JmjC.HG4.5:KDM6A/KDM6B/UTY	69.0	KDM6A/KDM6B/UTY	62.0/62.0/62.0
Hrob_XP_009020839.1	JmjC.HG4.5:KDM6A/KDM6B/UTY	69.0	KDM6A/KDM6B/UTY	78.0/78.0/78.0
Xtro_NP_001265685.1	JmjC.HG4.5:KDM6A/KDM6B/UTY	69.0	KDM6B	100.0
Drer_XP_005167851.1	JmjC.HG4.5:KDM6A/KDM6B/UTY	69.0	KDM6A/UTY	100.0/100.0
Apla_XP_022095085.1	JmjC.HG4.5:KDM6A/KDM6B/UTY	69.0	KDM6A/KDM6B/UTY	97.0/97.0/97.0
Hrob_XP_009017064.1	JmjC.HG4.5:KDM6A/KDM6B/UTY	69.0	NA	NA
Skow_XP_006817946.1	JmjC.HG4.5:KDM6A/KDM6B/UTY	69.0	KDM6A/KDM6B/UTY	97.0/97.0/97.0
Lana_XP_013421537.1	JmjC.HG4.5:KDM6A/KDM6B/UTY	69.0	KDM6A/KDM6B/UTY	91.0/91.0/91.0
Pvan_XP_069980254.1	JmjC.HG4.5:KDM6A/KDM6B/UTY	69.0	KDM6A/KDM6B/UTY	89.0/89.0/89.0
Drer_NP_001025349.2	JmjC.HG4.5:KDM6A/KDM6B/UTY	69.0	KDM6B	100.0
Bmor_XP_004932357.2	JmjC.HG4.5:KDM6A/KDM6B/UTY	69.0	KDM6A/KDM6B/UTY	89.0/89.0/89.0
Spur_XP_030838251.1	JmjC.HG4.5:KDM6A/KDM6B/UTY	69.0	KDM6A/KDM6B/UTY	97.0/97.0/97.0
Scil_XP_065177892.1	JmjC.HG4.5:KDM6A/KDM6B/UTY	69.0	KDM6A/KDM6B/UTY	62.0/62.0/62.0
Aplcal_XP_035825836.1	JmjC.HG4.5:KDM6A/KDM6B/UTY	69.0	KDM6A/KDM6B/UTY	91.0/91.0/91.0
Blan_XP_066267158.1	JmjC.HG4.5:KDM6A/KDM6B/UTY	69.0	KDM6A/KDM6B/UTY	57.0/57.0/57.0
Hsap_NP_001073893.1	JmjC.HG4.5:KDM6A/KDM6B/UTY	69.0	KDM6B	100.0
Aque_XP_019864243.1	JmjC.HG4.5:KDM6A/KDM6B/UTY	69.0	KDM6A/KDM6B/UTY	62.0/62.0/62.0
Hsap_NP_001406738.1	JmjC.HG4.5:KDM6A/KDM6B/UTY	69.0	KDM6A/UTY	4.0/100.0
Drer_NP_001073662.1	JmjC.HG4.5:KDM6A/KDM6B/UTY	69.0	KDM6A/UTY	100.0/100.0
Dmel_NP_609368.3	JmjC.HG4.5:KDM6A/KDM6B/UTY	69.0	KDM6A/KDM6B/UTY	89.0/89.0/89.0
Dpul_XP_046441442.1	JmjC.HG4.5:KDM6A/KDM6B/UTY	69.0	KDM6A/KDM6B/UTY	89.0/89.0/89.0
Drer_XP_009301400.1	JmjC.HG4.5:KDM6A/KDM6B/UTY	69.0	KDM6B	100.0
Apimel_XP_396315.6	JmjC.HG4.5:KDM6A/KDM6B/UTY	69.0	KDM6A/KDM6B/UTY	89.0/89.0/89.0
Cscu_XP_023229643.1	JmjC.HG4.5:KDM6A/KDM6B/UTY	69.0	KDM6A/KDM6B/UTY	89.0/89.0/89.0
Mlei_ML070265a-PA	JmjC.HG4.5:KDM6A/KDM6B/UTY	69.0	KDM6A/KDM6B/UTY	47.0/47.0/47.0
Smed_h1SMcT0017959.2	JmjC.HG4.5:KDM6A/KDM6B/UTY	69.0	KDM6A/KDM6B/UTY	78.0/78.0/78.0
Ggal_XP_040526942.1	JmjC.HG4.5:KDM6A/KDM6B/UTY	69.0	KDM6A/UTY	99.0/99.0
Cint_XP_009861476.1	JmjC.HG4.5:KDM6A/KDM6B/UTY	69.0	KDM6A/KDM6B/UTY	47.0/47.0/47.0
Hsap_NP_001387099.1	JmjC.HG4.5:KDM6A/KDM6B/UTY	69.0	KDM6A/UTY	100.0/100.0
Xtro_NP_001123807.1	JmjC.HG4.5:KDM6A/KDM6B/UTY	69.0	KDM6A/UTY	100.0/100.0
Lana_XP_013404840.1	JmjC.HG4.5:KDM6A/KDM6B/UTY	69.0	KDM6A/KDM6B/UTY	91.0/91.0/91.0
Bmor_XP_012553221.2	JmjC.HG5.0:JMJ17/KDM5A/KDM5B/KDM5C/KDM5D	1.0	JMJ17/KDM5A/KDM5B/KDM5C/KDM5D	68.0/99.0/99.0/99.0/99.0
Aque_XP_003385970.1	JmjC.HG5.0:JMJ17/KDM5A/KDM5B/KDM5C/KDM5D	1.0	JMJ17/KDM5A/KDM5B/KDM5C/KDM5D	68.0/86.0/86.0/86.0/86.0
Drer_NP_001334536.1	JmjC.HG5.0:JMJ17/KDM5A/KDM5B/KDM5C/KDM5D	1.0	JMJ17/KDM5B	68.0/100.0
Sollyc_XP_010325407.1	JmjC.HG5.0:JMJ17/KDM5A/KDM5B/KDM5C/KDM5D	1.0	JMJ17/KDM5A/KDM5B/KDM5C/KDM5D	100.0/68.0/68.0/68.0/68.0
Hrob_XP_009014129.1	JmjC.HG5.0:JMJ17/KDM5A/KDM5B/KDM5C/KDM5D	1.0	JMJ17/KDM5A/KDM5B/KDM5C/KDM5D	68.0/79.0/79.0/79.0/79.0
Cscu_XP_023233588.1	JmjC.HG5.0:JMJ17/KDM5A/KDM5B/KDM5C/KDM5D	1.0	JMJ17/KDM5A/KDM5B/KDM5C/KDM5D	68.0/99.0/99.0/99.0/99.0
Dmel_NP_001285649.1	JmjC.HG5.0:JMJ17/KDM5A/KDM5B/KDM5C/KDM5D	1.0	JMJ17/KDM5A/KDM5B/KDM5C/KDM5D	68.0/99.0/99.0/99.0/99.0
Hsap_NP_001300971.1	JmjC.HG5.0:JMJ17/KDM5A/KDM5B/KDM5C/KDM5D	1.0	JMJ17/KDM5B	68.0/79.0
Zmay_XP_020393996.1	JmjC.HG5.0:JMJ17/KDM5A/KDM5B/KDM5C/KDM5D	1.0	JMJ17/KDM5A/KDM5B/KDM5C/KDM5D	100.0/68.0/68.0/68.0/68.0
Aplcal_XP_012946957.1	JmjC.HG5.0:JMJ17/KDM5A/KDM5B/KDM5C/KDM5D	1.0	JMJ17/KDM5A/KDM5B/KDM5C/KDM5D	68.0/99.0/99.0/99.0/99.0
Atha_NP_001320899.1	JmjC.HG5.0:JMJ17/KDM5A/KDM5B/KDM5C/KDM5D	1.0	JMJ17/KDM5A/KDM5B/KDM5C/KDM5D	86.0/68.0/68.0/68.0/68.0
Smoe_XP_002987301.2	JmjC.HG5.0:JMJ17/KDM5A/KDM5B/KDM5C/KDM5D	1.0	JMJ17/KDM5A/KDM5B/KDM5C/KDM5D	100.0/68.0/68.0/68.0/68.0
Mesc_XP_043811612.1	JmjC.HG5.0:JMJ17/KDM5A/KDM5B/KDM5C/KDM5D	1.0	JMJ17/KDM5A/KDM5B/KDM5C/KDM5D	100.0/68.0/68.0/68.0/68.0
Lana_XP_013414674.1	JmjC.HG5.0:JMJ17/KDM5A/KDM5B/KDM5C/KDM5D	1.0	JMJ17/KDM5A/KDM5B/KDM5C/KDM5D	68.0/99.0/99.0/99.0/99.0
Ecur_TVU07513.1	JmjC.HG5.0:JMJ17/KDM5A/KDM5B/KDM5C/KDM5D	1.0	JMJ17/KDM5A/KDM5B/KDM5C/KDM5D	100.0/68.0/68.0/68.0/68.0
Psat_XP_050907232.1	JmjC.HG5.0:JMJ17/KDM5A/KDM5B/KDM5C/KDM5D	1.0	JMJ17/KDM5A/KDM5B/KDM5C/KDM5D	100.0/68.0/68.0/68.0/68.0
Cofcan_CDP09743.1	JmjC.HG5.0:JMJ17/KDM5A/KDM5B/KDM5C/KDM5D	1.0	JMJ17/KDM5A/KDM5B/KDM5C/KDM5D	100.0/68.0/68.0/68.0/68.0
Xtro_NP_001072719.1	JmjC.HG5.0:JMJ17/KDM5A/KDM5B/KDM5C/KDM5D	1.0	JMJ17/KDM5C/KDM5D	68.0/100.0/100.0
Drer_NP_001002166.2	JmjC.HG5.0:JMJ17/KDM5A/KDM5B/KDM5C/KDM5D	1.0	JMJ17/KDM5B	68.0/100.0
Blan_XP_066283195.1	JmjC.HG5.0:JMJ17/KDM5A/KDM5B/KDM5C/KDM5D	1.0	JMJ17/KDM5A/KDM5B/KDM5C/KDM5D	68.0/99.0/99.0/99.0/99.0
Bnap_XP_013748048.1	JmjC.HG5.0:JMJ17/KDM5A/KDM5B/KDM5C/KDM5D	1.0	JMJ17/KDM5A/KDM5B/KDM5C/KDM5D	100.0/68.0/68.0/68.0/68.0
Apla_XP_022082641.1	JmjC.HG5.0:JMJ17/KDM5A/KDM5B/KDM5C/KDM5D	1.0	JMJ17/KDM5A/KDM5B/KDM5C/KDM5D	68.0/99.0/99.0/99.0/99.0
Hsap_NP_001036068.1	JmjC.HG5.0:JMJ17/KDM5A/KDM5B/KDM5C/KDM5D	1.0	JMJ17/KDM5A	68.0/100.0
Scil_XP_065178094.1	JmjC.HG5.0:JMJ17/KDM5A/KDM5B/KDM5C/KDM5D	1.0	JMJ17/KDM5A/KDM5B/KDM5C/KDM5D	68.0/86.0/86.0/86.0/86.0
Ppat_XP_024359163.1	JmjC.HG5.0:JMJ17/KDM5A/KDM5B/KDM5C/KDM5D	1.0	JMJ17/KDM5A/KDM5B/KDM5C/KDM5D	100.0/68.0/68.0/68.0/68.0
Otau_XP_022840230.1	JmjC.HG5.0:JMJ17/KDM5A/KDM5B/KDM5C/KDM5D	1.0	JMJ17/KDM5A/KDM5B/KDM5C/KDM5D	82.0/68.0/68.0/68.0/68.0
Tura_XP_048540179.1	JmjC.HG5.0:JMJ17/KDM5A/KDM5B/KDM5C/KDM5D	1.0	JMJ17/KDM5A/KDM5B/KDM5C/KDM5D	100.0/68.0/68.0/68.0/68.0
Smed_h1SMcT0011597.1	JmjC.HG5.0:JMJ17/KDM5A/KDM5B/KDM5C/KDM5D	1.0	JMJ17/KDM5A/KDM5B/KDM5C/KDM5D	77.0/77.0/77.0/77.0/77.0
Mpol_BFI43380.1	JmjC.HG5.0:JMJ17/KDM5A/KDM5B/KDM5C/KDM5D	1.0	JMJ17/KDM5A/KDM5B/KDM5C/KDM5D	100.0/68.0/68.0/68.0/68.0
Ppat_XP_024359647.1	JmjC.HG5.0:JMJ17/KDM5A/KDM5B/KDM5C/KDM5D	1.0	JMJ17/KDM5A/KDM5B/KDM5C/KDM5D	100.0/68.0/68.0/68.0/68.0
Xtro_XP_017946994.1	JmjC.HG5.0:JMJ17/KDM5A/KDM5B/KDM5C/KDM5D	1.0	JMJ17/KDM5B	68.0/100.0
Hsap_NP_001140177.1	JmjC.HG5.0:JMJ17/KDM5A/KDM5B/KDM5C/KDM5D	1.0	JMJ17/KDM5C/KDM5D	68.0/100.0/25.0
Drer_XP_068073872.1	JmjC.HG5.0:JMJ17/KDM5A/KDM5B/KDM5C/KDM5D	1.0	JMJ17/KDM5A	68.0/100.0
Hrob_XP_009015763.1	JmjC.HG5.0:JMJ17/KDM5A/KDM5B/KDM5C/KDM5D	1.0	NA	NA
Bdis_XP_010239211.1	JmjC.HG5.0:JMJ17/KDM5A/KDM5B/KDM5C/KDM5D	1.0	JMJ17/KDM5A/KDM5B/KDM5C/KDM5D	100.0/68.0/68.0/68.0/68.0
Ggal_NP_001026200.1	JmjC.HG5.0:JMJ17/KDM5A/KDM5B/KDM5C/KDM5D	1.0	JMJ17/KDM5B	68.0/100.0
Bmor_NP_001191408.1	JmjC.HG5.0:JMJ17/KDM5A/KDM5B/KDM5C/KDM5D	1.0	JMJ17/KDM5A/KDM5B/KDM5C/KDM5D	68.0/99.0/99.0/99.0/99.0
Drer_NP_001116706.1	JmjC.HG5.0:JMJ17/KDM5A/KDM5B/KDM5C/KDM5D	1.0	JMJ17/KDM5C/KDM5D	68.0/100.0/100.0
Dpul_XP_046456516.1	JmjC.HG5.0:JMJ17/KDM5A/KDM5B/KDM5C/KDM5D	1.0	JMJ17/KDM5A/KDM5B/KDM5C/KDM5D	68.0/99.0/99.0/99.0/99.0
Hsap_NP_004178.2	JmjC.HG5.0:JMJ17/KDM5A/KDM5B/KDM5C/KDM5D	1.0	JMJ17/KDM5C/KDM5D	68.0/100.0/100.0
Pvan_XP_027231079.1	JmjC.HG5.0:JMJ17/KDM5A/KDM5B/KDM5C/KDM5D	1.0	JMJ17/KDM5A/KDM5B/KDM5C/KDM5D	68.0/99.0/99.0/99.0/99.0
Skow_XP_006815984.1	JmjC.HG5.0:JMJ17/KDM5A/KDM5B/KDM5C/KDM5D	1.0	JMJ17/KDM5A/KDM5B/KDM5C/KDM5D	68.0/99.0/99.0/99.0/99.0
Scil_XP_065185461.1	JmjC.HG5.0:JMJ17/KDM5A/KDM5B/KDM5C/KDM5D	1.0	JMJ17/KDM5A/KDM5B/KDM5C/KDM5D	68.0/86.0/86.0/86.0/86.0
Cint_XP_026693272.1	JmjC.HG5.0:JMJ17/KDM5A/KDM5B/KDM5C/KDM5D	1.0	JMJ17/KDM5A/KDM5B/KDM5C/KDM5D	68.0/100.0/100.0/100.0/100.0
Atri_XP_020527065.1	JmjC.HG5.0:JMJ17/KDM5A/KDM5B/KDM5C/KDM5D	1.0	JMJ17/KDM5A/KDM5B/KDM5C/KDM5D	93.0/68.0/68.0/68.0/68.0
Qlob_XP_030947809.1	JmjC.HG5.0:JMJ17/KDM5A/KDM5B/KDM5C/KDM5D	1.0	JMJ17/KDM5A/KDM5B/KDM5C/KDM5D	100.0/68.0/68.0/68.0/68.0
Hrob_XP_009028799.1	JmjC.HG5.0:JMJ17/KDM5A/KDM5B/KDM5C/KDM5D	1.0	JMJ17/KDM5A/KDM5B/KDM5C/KDM5D	68.0/79.0/79.0/79.0/79.0
Smoe_XP_002989181.2	JmjC.HG5.0:JMJ17/KDM5A/KDM5B/KDM5C/KDM5D	1.0	JMJ17/KDM5A/KDM5B/KDM5C/KDM5D	100.0/68.0/68.0/68.0/68.0
Spur_XP_030827947.1	JmjC.HG5.0:JMJ17/KDM5A/KDM5B/KDM5C/KDM5D	1.0	JMJ17/KDM5A/KDM5B/KDM5C/KDM5D	68.0/99.0/99.0/99.0/99.0
Lsat_XP_023772176.1	JmjC.HG5.0:JMJ17/KDM5A/KDM5B/KDM5C/KDM5D	1.0	JMJ17/KDM5A/KDM5B/KDM5C/KDM5D	100.0/68.0/68.0/68.0/68.0
Ggal_XP_004937981.3	JmjC.HG5.0:JMJ17/KDM5A/KDM5B/KDM5C/KDM5D	1.0	JMJ17/KDM5A	68.0/100.0
Smed_h1SMcT0019561.1	JmjC.HG5.0:JMJ17/KDM5A/KDM5B/KDM5C/KDM5D	1.0	JMJ17/KDM5A/KDM5B/KDM5C/KDM5D	77.0/77.0/77.0/77.0/77.0
Mtru_XP_024640134.1	JmjC.HG5.0:JMJ17/KDM5A/KDM5B/KDM5C/KDM5D	1.0	JMJ17/KDM5A/KDM5B/KDM5C/KDM5D	100.0/68.0/68.0/68.0/68.0
Bnap_XP_022550902.1	JmjC.HG5.0:JMJ17/KDM5A/KDM5B/KDM5C/KDM5D	1.0	JMJ17/KDM5A/KDM5B/KDM5C/KDM5D	100.0/68.0/68.0/68.0/68.0
Mlei_ML04276a-PA	JmjC.HG5.0:JMJ17/KDM5A/KDM5B/KDM5C/KDM5D	1.0	JMJ17/KDM5A/KDM5B/KDM5C/KDM5D	68.0/88.0/88.0/88.0/88.0
Hrob_XP_009029933.1	JmjC.HG5.0:JMJ17/KDM5A/KDM5B/KDM5C/KDM5D	1.0	JMJ17/KDM5A/KDM5B/KDM5C/KDM5D	68.0/79.0/79.0/79.0/79.0
Apimel_XP_003250774.1	JmjC.HG5.0:JMJ17/KDM5A/KDM5B/KDM5C/KDM5D	1.0	JMJ17/KDM5A/KDM5B/KDM5C/KDM5D	68.0/99.0/99.0/99.0/99.0
Smoe_XP_024525589.1	JmjC.HG5.0:JMJ17/KDM5A/KDM5B/KDM5C/KDM5D	1.0	JMJ17/KDM5A/KDM5B/KDM5C/KDM5D	100.0/68.0/68.0/68.0/68.0
Osat_XP_066167765.1	JmjC.HG5.0:JMJ17/KDM5A/KDM5B/KDM5C/KDM5D	1.0	JMJ17/KDM5A/KDM5B/KDM5C/KDM5D	100.0/68.0/68.0/68.0/68.0
Xtro_XP_031754497.1	JmjC.HG5.0:JMJ17/KDM5A/KDM5B/KDM5C/KDM5D	1.0	JMJ17/KDM5A	68.0/100.0
Crei_XP_042918372.1	JmjC.HG5.0:JMJ17/KDM5A/KDM5B/KDM5C/KDM5D	1.0	JMJ17/KDM5A/KDM5B/KDM5C/KDM5D	100.0/68.0/68.0/68.0/68.0
Rchi_XP_024175137.1	JmjC.HG5.0:JMJ17/KDM5A/KDM5B/KDM5C/KDM5D	1.0	JMJ17/KDM5A/KDM5B/KDM5C/KDM5D	100.0/68.0/68.0/68.0/68.0
Tadh_XP_002111443.1	JmjC.HG5.0:JMJ17/KDM5A/KDM5B/KDM5C/KDM5D	1.0	JMJ17/KDM5A/KDM5B/KDM5C/KDM5D	68.0/86.0/86.0/86.0/86.0
Dpul_XP_046438861.1	JmjC.HG6.1:like:KDM4A/KDM4B/KDM4C/KDM4D/KDM4E/KDM4F	51.0	NA	NA
Bmor_NP_001243917.1	JmjC.HG6.3:KDM4A/KDM4B/KDM4C/KDM4D/KDM4E/KDM4F	63.0	KDM4A/KDM4B/KDM4C/KDM4D/KDM4E/KDM4F	75.0/75.0/75.0/75.0/75.0/75.0
Crei_XP_042914509.1	JmjC.HG6.3:KDM4A/KDM4B/KDM4C/KDM4D/KDM4E/KDM4F	63.0	KDM4A/KDM4B/KDM4C/KDM4D/KDM4E/KDM4F	63.0/63.0/63.0/63.0/63.0/63.0
Crei_XP_042926830.1	JmjC.HG6.3:KDM4A/KDM4B/KDM4C/KDM4D/KDM4E/KDM4F	63.0	KDM4A/KDM4B/KDM4C/KDM4D/KDM4E/KDM4F	63.0/63.0/63.0/63.0/63.0/63.0
Scil_XP_065175051.1	JmjC.HG6.3:KDM4A/KDM4B/KDM4C/KDM4D/KDM4E/KDM4F	63.0	KDM4A/KDM4B/KDM4C/KDM4D/KDM4E/KDM4F	84.0/84.0/84.0/84.0/84.0/84.0
Hsap_NP_001398077.1	JmjC.HG6.3:KDM4A/KDM4B/KDM4C/KDM4D/KDM4E/KDM4F	63.0	KDM4B	100.0
Apla_XP_022101942.1	JmjC.HG6.3:KDM4A/KDM4B/KDM4C/KDM4D/KDM4E/KDM4F	63.0	KDM4A/KDM4B/KDM4C/KDM4D/KDM4E/KDM4F	95.0/95.0/95.0/95.0/95.0/95.0
Skow_XP_006813368.1	JmjC.HG6.3:KDM4A/KDM4B/KDM4C/KDM4D/KDM4E/KDM4F	63.0	KDM4A/KDM4B/KDM4C/KDM4D/KDM4E/KDM4F	95.0/95.0/95.0/95.0/95.0/95.0
Spur_XP_030851904.1	JmjC.HG6.3:KDM4A/KDM4B/KDM4C/KDM4D/KDM4E/KDM4F	63.0	KDM4A/KDM4B/KDM4C/KDM4D/KDM4E/KDM4F	95.0/95.0/95.0/95.0/95.0/95.0
Aplcal_XP_005110552.1	JmjC.HG6.3:KDM4A/KDM4B/KDM4C/KDM4D/KDM4E/KDM4F	63.0	KDM4A/KDM4B/KDM4C/KDM4D/KDM4E/KDM4F	75.0/75.0/75.0/75.0/75.0/75.0
Lana_XP_013378692.1	JmjC.HG6.3:KDM4A/KDM4B/KDM4C/KDM4D/KDM4E/KDM4F	63.0	KDM4A/KDM4B/KDM4C/KDM4D/KDM4E/KDM4F	75.0/75.0/75.0/75.0/75.0/75.0
Ggal_XP_046760686.1	JmjC.HG6.3:KDM4A/KDM4B/KDM4C/KDM4D/KDM4E/KDM4F	63.0	KDM4B	100.0
Drer_XP_001921829.2	JmjC.HG6.3:KDM4A/KDM4B/KDM4C/KDM4D/KDM4E/KDM4F	63.0	KDM4A	100.0
Tadh_XP_002113920.1	JmjC.HG6.3:KDM4A/KDM4B/KDM4C/KDM4D/KDM4E/KDM4F	63.0	KDM4A/KDM4B/KDM4C/KDM4D/KDM4E/KDM4F	84.0/84.0/84.0/84.0/84.0/84.0
Drer_XP_001339664.2	JmjC.HG6.3:KDM4A/KDM4B/KDM4C/KDM4D/KDM4E/KDM4F	63.0	KDM4A	100.0
Xtro_XP_012808166.1	JmjC.HG6.3:KDM4A/KDM4B/KDM4C/KDM4D/KDM4E/KDM4F	63.0	KDM4C	100.0
Hrob_XP_009016237.1	JmjC.HG6.3:KDM4A/KDM4B/KDM4C/KDM4D/KDM4E/KDM4F	63.0	NA	NA
Drer_NP_001076274.1	JmjC.HG6.3:KDM4A/KDM4B/KDM4C/KDM4D/KDM4E/KDM4F	63.0	KDM4B	100.0
Hsap_NP_001340926.1	JmjC.HG6.3:KDM4A/KDM4B/KDM4C/KDM4D/KDM4E/KDM4F	63.0	KDM4C	57.0
Cscu_XP_023237336.1	JmjC.HG6.3:KDM4A/KDM4B/KDM4C/KDM4D/KDM4E/KDM4F	63.0	KDM4A/KDM4B/KDM4C/KDM4D/KDM4E/KDM4F	75.0/75.0/75.0/75.0/75.0/75.0
Ggal_XP_015146792.1	JmjC.HG6.3:KDM4A/KDM4B/KDM4C/KDM4D/KDM4E/KDM4F	63.0	KDM4A	100.0
Dmel_NP_610331.1	JmjC.HG6.3:KDM4A/KDM4B/KDM4C/KDM4D/KDM4E/KDM4F	63.0	KDM4A/KDM4B/KDM4C/KDM4D/KDM4E/KDM4F	75.0/75.0/75.0/75.0/75.0/75.0
Drer_NP_001077320.1	JmjC.HG6.3:KDM4A/KDM4B/KDM4C/KDM4D/KDM4E/KDM4F	63.0	KDM4C	100.0
Dpul_XP_046439483.1	JmjC.HG6.3:KDM4A/KDM4B/KDM4C/KDM4D/KDM4E/KDM4F	63.0	KDM4A/KDM4B/KDM4C/KDM4D/KDM4E/KDM4F	75.0/75.0/75.0/75.0/75.0/75.0
Xtro_NP_001107498.1	JmjC.HG6.3:KDM4A/KDM4B/KDM4C/KDM4D/KDM4E/KDM4F	63.0	KDM4A	100.0
Cscu_XP_023230236.1	JmjC.HG6.3:KDM4A/KDM4B/KDM4C/KDM4D/KDM4E/KDM4F	63.0	KDM4A/KDM4B/KDM4C/KDM4D/KDM4E/KDM4F	75.0/75.0/75.0/75.0/75.0/75.0
Hsap_NP_001155102.1	JmjC.HG6.3:KDM4A/KDM4B/KDM4C/KDM4D/KDM4E/KDM4F	63.0	KDM4D/KDM4E/KDM4F	100.0/100.0/100.0
Apimel_XP_016771723.2	JmjC.HG6.3:KDM4A/KDM4B/KDM4C/KDM4D/KDM4E/KDM4F	63.0	KDM4A/KDM4B/KDM4C/KDM4D/KDM4E/KDM4F	75.0/75.0/75.0/75.0/75.0/75.0
Hsap_NP_001400684.1	JmjC.HG6.3:KDM4A/KDM4B/KDM4C/KDM4D/KDM4E/KDM4F	63.0	KDM4D/KDM4E/KDM4F	100.0/100.0/100.0
Smed_h1SMcT0017276.2	JmjC.HG6.3:KDM4A/KDM4B/KDM4C/KDM4D/KDM4E/KDM4F	63.0	KDM4A/KDM4B/KDM4C/KDM4D/KDM4E/KDM4F	55.0/55.0/55.0/55.0/55.0/55.0
Ggal_XP_040511923.1	JmjC.HG6.3:KDM4A/KDM4B/KDM4C/KDM4D/KDM4E/KDM4F	63.0	KDM4C	98.0
Cint_XP_009859394.1	JmjC.HG6.3:KDM4A/KDM4B/KDM4C/KDM4D/KDM4E/KDM4F	63.0	KDM4A/KDM4B/KDM4C/KDM4D/KDM4E/KDM4F	95.0/95.0/95.0/95.0/95.0/95.0
Xtro_NP_989064.2	JmjC.HG6.3:KDM4A/KDM4B/KDM4C/KDM4D/KDM4E/KDM4F	63.0	KDM4B	100.0
Hrob_XP_009018328.1	JmjC.HG6.3:KDM4A/KDM4B/KDM4C/KDM4D/KDM4E/KDM4F	63.0	KDM4A/KDM4B/KDM4C/KDM4D/KDM4E/KDM4F	78.0/78.0/78.0/78.0/78.0/78.0
Hsap_NP_055478.2	JmjC.HG6.3:KDM4A/KDM4B/KDM4C/KDM4D/KDM4E/KDM4F	63.0	KDM4A	100.0
Blan_XP_066299400.1	JmjC.HG6.3:KDM4A/KDM4B/KDM4C/KDM4D/KDM4E/KDM4F	63.0	KDM4A/KDM4B/KDM4C/KDM4D/KDM4E/KDM4F	95.0/95.0/95.0/95.0/95.0/95.0
Dmel_NP_001260942.1	JmjC.HG6.3:KDM4A/KDM4B/KDM4C/KDM4D/KDM4E/KDM4F	63.0	KDM4A/KDM4B/KDM4C/KDM4D/KDM4E/KDM4F	75.0/75.0/75.0/75.0/75.0/75.0
Pvan_XP_069999750.1	JmjC.HG6.3:KDM4A/KDM4B/KDM4C/KDM4D/KDM4E/KDM4F	63.0	KDM4A/KDM4B/KDM4C/KDM4D/KDM4E/KDM4F	75.0/75.0/75.0/75.0/75.0/75.0
Hrob_XP_009029034.1	JmjC.HG6.3:KDM4A/KDM4B/KDM4C/KDM4D/KDM4E/KDM4F	63.0	KDM4A/KDM4B/KDM4C/KDM4D/KDM4E/KDM4F	78.0/78.0/78.0/78.0/78.0/78.0
Aque_XP_003392033.1	JmjC.HG6.3:KDM4A/KDM4B/KDM4C/KDM4D/KDM4E/KDM4F	63.0	KDM4A/KDM4B/KDM4C/KDM4D/KDM4E/KDM4F	84.0/84.0/84.0/84.0/84.0/84.0
Cscu_XP_023230232.1	JmjC.HG6.3:KDM4A/KDM4B/KDM4C/KDM4D/KDM4E/KDM4F	63.0	KDM4A/KDM4B/KDM4C/KDM4D/KDM4E/KDM4F	75.0/75.0/75.0/75.0/75.0/75.0
Smed_h1SMcT0015695.2	JmjC.HG6.3:KDM4A/KDM4B/KDM4C/KDM4D/KDM4E/KDM4F	63.0	KDM4A/KDM4B/KDM4C/KDM4D/KDM4E/KDM4F	55.0/55.0/55.0/55.0/55.0/55.0
Hsap_NP_060509.2	JmjC.HG6.3:KDM4A/KDM4B/KDM4C/KDM4D/KDM4E/KDM4F	63.0	KDM4D/KDM4E/KDM4F	100.0/100.0/100.0
Bnap_XP_048609425.1	JmjC.HG8.0:JMJ19	80.0	JMJ19	99.0
Bnap_XP_048608543.1	JmjC.HG8.0:JMJ19	80.0	JMJ19	99.0
Bnap_XP_022574891.2	JmjC.HG8.0:JMJ19	80.0	JMJ19	99.0
Atha_NP_181429.2	JmjC.HG8.0:JMJ19	80.0	JMJ19	100.0
Qlob_XP_030937071.1	JmjC.HG8.1:like:JMJ14/JMJ18/MEE27/PKDM7D	94.0	NA	NA
Rchi_XP_040364674.1	JmjC.HG8.1:like:JMJ14/JMJ18/MEE27/PKDM7D	94.0	NA	NA
Mesc_XP_043804601.1	JmjC.HG8.1:like:JMJ14/JMJ18/MEE27/PKDM7D	94.0	NA	NA
Mtru_XP_013449908.1	JmjC.HG8.1:like:JMJ14/JMJ18/MEE27/PKDM7D	94.0	NA	NA
Psat_XP_050910851.1	JmjC.HG8.1:like:JMJ14/JMJ18/MEE27/PKDM7D	94.0	NA	NA
Cofcan_CDP03753.1	JmjC.HG8.2:like:JMJ14/JMJ18/MEE27/PKDM7D	91.0	NA	NA
Sollyc_XP_004240500.1	JmjC.HG8.2:like:JMJ14/JMJ18/MEE27/PKDM7D	91.0	NA	NA
Cofcan_CDO99990.1	JmjC.HG8.3:PKDM7D	99.0	PKDM7D	99.0
Mesc_XP_021624295.2	JmjC.HG8.3:PKDM7D	99.0	PKDM7D	92.0
Lsat_XP_023755416.1	JmjC.HG8.3:PKDM7D	99.0	PKDM7D	99.0
Lsat_XP_023769195.1	JmjC.HG8.3:PKDM7D	99.0	PKDM7D	99.0
Sollyc_XP_025886387.1	JmjC.HG8.3:PKDM7D	99.0	PKDM7D	99.0
Lsat_XP_023767761.1	JmjC.HG8.3:PKDM7D	99.0	PKDM7D	99.0
Bnap_XP_013657653.2	JmjC.HG8.3:PKDM7D	99.0	PKDM7D	100.0
Mtru_XP_039684802.1	JmjC.HG8.3:PKDM7D	99.0	PKDM7D	96.0
Bnap_XP_013678706.1	JmjC.HG8.3:PKDM7D	99.0	PKDM7D	100.0
Mesc_XP_021621607.1	JmjC.HG8.3:PKDM7D	99.0	PKDM7D	92.0
Bnap_XP_013711163.2	JmjC.HG8.3:PKDM7D	99.0	PKDM7D	100.0
Qlob_XP_030959491.1	JmjC.HG8.3:PKDM7D	99.0	PKDM7D	96.0
Psat_XP_050893161.1	JmjC.HG8.3:PKDM7D	99.0	PKDM7D	96.0
Bnap_XP_022565840.2	JmjC.HG8.3:PKDM7D	99.0	PKDM7D	100.0
Rchi_XP_024191000.1	JmjC.HG8.3:PKDM7D	99.0	PKDM7D	96.0
Atha_NP_172338.5	JmjC.HG8.3:PKDM7D	99.0	PKDM7D	1.0
Bnap_XP_013641065.2	JmjC.HG8.3:PKDM7D	99.0	PKDM7D	100.0
Tura_XP_048552025.1	JmjC.HG8.4:like:JMJ14/JMJ18/MEE27	100.0	NA	NA
Osat_NP_001407176.1	JmjC.HG8.4:like:JMJ14/JMJ18/MEE27	100.0	NA	NA
Bdis_XP_003567797.1	JmjC.HG8.4:like:JMJ14/JMJ18/MEE27	100.0	NA	NA
Zmay_XP_020408302.1	JmjC.HG8.4:like:JMJ14/JMJ18/MEE27	100.0	NA	NA
Zmay_NP_001352824.1	JmjC.HG8.4:like:JMJ14/JMJ18/MEE27	100.0	NA	NA
Ecur_TVU27776.1	JmjC.HG8.4:like:JMJ14/JMJ18/MEE27	100.0	NA	NA
Zmay_XP_035823326.1	JmjC.HG8.4:like:JMJ14/JMJ18/MEE27	100.0	NA	NA
Ecur_TVU11697.1	JmjC.HG8.4:like:JMJ14/JMJ18/MEE27	100.0	NA	NA
Ecur_TVU27786.1	JmjC.HG8.4:like:JMJ14/JMJ18/MEE27	100.0	NA	NA
Zmay_XP_020408306.1	JmjC.HG8.4:like:JMJ14/JMJ18/MEE27	100.0	NA	NA
Atri_XP_020531027.1	JmjC.HG8.6:like:JMJ14/JMJ18/MEE27	1.0	NA	NA
Crei_XP_042925985.1	JmjC.HG8.7:JMJ14/JMJ18/MEE27	70.0	JMJ14/JMJ18/MEE27	70.0/70.0/70.0
Smoe_XP_024529682.1	JmjC.HG8.7:JMJ14/JMJ18/MEE27	70.0	JMJ14/JMJ18/MEE27	70.0/70.0/70.0
Ppat_XP_024398634.1	JmjC.HG8.7:JMJ14/JMJ18/MEE27	70.0	JMJ14/JMJ18/MEE27	70.0/70.0/70.0
Smoe_XP_024533629.1	JmjC.HG8.7:JMJ14/JMJ18/MEE27	70.0	JMJ14/JMJ18/MEE27	70.0/70.0/70.0
Smoe_XP_024517662.1	JmjC.HG8.7:JMJ14/JMJ18/MEE27	70.0	JMJ14/JMJ18/MEE27	70.0/70.0/70.0
Otau_XP_022840936.1	JmjC.HG8.7:JMJ14/JMJ18/MEE27	70.0	JMJ14/JMJ18/MEE27	70.0/70.0/70.0
Ppur_KAA8491227.1	JmjC.HG8.7:JMJ14/JMJ18/MEE27	70.0	JMJ14/JMJ18/MEE27	70.0/70.0/70.0
Cbra_GBG80268.1	JmjC.HG8.7:JMJ14/JMJ18/MEE27	70.0	JMJ14/JMJ18/MEE27	70.0/70.0/70.0
Otau_XP_003081453.1	JmjC.HG8.7:JMJ14/JMJ18/MEE27	70.0	JMJ14/JMJ18/MEE27	70.0/70.0/70.0
Smoe_XP_024520256.1	JmjC.HG8.7:JMJ14/JMJ18/MEE27	70.0	JMJ14/JMJ18/MEE27	70.0/70.0/70.0
Crei_XP_042915512.1	JmjC.HG8.7:JMJ14/JMJ18/MEE27	70.0	JMJ14/JMJ18/MEE27	70.0/70.0/70.0
Otau_XP_022838532.1	JmjC.HG8.7:JMJ14/JMJ18/MEE27	70.0	JMJ14/JMJ18/MEE27	70.0/70.0/70.0
Mpol_BFI39336.1	JmjC.HG8.7:JMJ14/JMJ18/MEE27	70.0	JMJ14/JMJ18/MEE27	70.0/70.0/70.0
Atri_XP_020518635.1	JmjC.HG8.7:JMJ14/JMJ18/MEE27	70.0	JMJ14/JMJ18/MEE27	99.0/99.0/99.0
Atha_NP_181034.1	JmjC.HG8.7:JMJ14/JMJ18/MEE27	70.0	MEE27	100.0
Tura_XP_048573704.1	JmjC.HG8.7:JMJ14/JMJ18/MEE27	70.0	JMJ14/JMJ18/MEE27	100.0/100.0/100.0
Bnap_XP_013708451.2	JmjC.HG8.7:JMJ14/JMJ18/MEE27	70.0	NA	NA
Psat_XP_050872270.1	JmjC.HG8.7:JMJ14/JMJ18/MEE27	70.0	JMJ14/JMJ18/MEE27	97.0/97.0/97.0
Mtru_XP_024633149.1	JmjC.HG8.7:JMJ14/JMJ18/MEE27	70.0	JMJ14/JMJ18/MEE27	97.0/97.0/97.0
Sollyc_XP_004233887.1	JmjC.HG8.7:JMJ14/JMJ18/MEE27	70.0	JMJ14/JMJ18/MEE27	100.0/100.0/100.0
Atha_NP_193773.2	JmjC.HG8.7:JMJ14/JMJ18/MEE27	70.0	JMJ14	100.0
Bdis_XP_010231556.1	JmjC.HG8.7:JMJ14/JMJ18/MEE27	70.0	JMJ14/JMJ18/MEE27	100.0/100.0/100.0
Bnap_XP_048634430.1	JmjC.HG8.7:JMJ14/JMJ18/MEE27	70.0	MEE27	100.0
Bnap_XP_048594566.1	JmjC.HG8.7:JMJ14/JMJ18/MEE27	70.0	NA	NA
Zmay_XP_020395100.1	JmjC.HG8.7:JMJ14/JMJ18/MEE27	70.0	JMJ14/JMJ18/MEE27	100.0/100.0/100.0
Qlob_XP_030970034.1	JmjC.HG8.7:JMJ14/JMJ18/MEE27	70.0	JMJ14/JMJ18/MEE27	97.0/97.0/97.0
Bdis_XP_010235272.1	JmjC.HG8.7:JMJ14/JMJ18/MEE27	70.0	JMJ14/JMJ18/MEE27	100.0/100.0/100.0
Rchi_XP_024157095.1	JmjC.HG8.7:JMJ14/JMJ18/MEE27	70.0	JMJ14/JMJ18/MEE27	97.0/97.0/97.0
Mesc_XP_021608859.1	JmjC.HG8.7:JMJ14/JMJ18/MEE27	70.0	JMJ14/JMJ18/MEE27	97.0/97.0/97.0
Bnap_XP_048595944.1	JmjC.HG8.7:JMJ14/JMJ18/MEE27	70.0	JMJ14	100.0
Bnap_XP_048612028.1	JmjC.HG8.7:JMJ14/JMJ18/MEE27	70.0	MEE27	100.0
Atha_NP_001319118.1	JmjC.HG8.7:JMJ14/JMJ18/MEE27	70.0	JMJ18	100.0
Bnap_XP_022546667.2	JmjC.HG8.7:JMJ14/JMJ18/MEE27	70.0	JMJ18	77.0
Mtru_XP_024628887.2	JmjC.HG8.7:JMJ14/JMJ18/MEE27	70.0	JMJ14/JMJ18/MEE27	97.0/97.0/97.0
Bnap_XP_013655886.2	JmjC.HG8.7:JMJ14/JMJ18/MEE27	70.0	JMJ14	100.0
Bnap_XP_013746150.2	JmjC.HG8.7:JMJ14/JMJ18/MEE27	70.0	MEE27	100.0
Zmay_NP_001132887.1	JmjC.HG8.7:JMJ14/JMJ18/MEE27	70.0	JMJ14/JMJ18/MEE27	100.0/100.0/100.0
Osat_XP_015640426.2	JmjC.HG8.7:JMJ14/JMJ18/MEE27	70.0	JMJ14/JMJ18/MEE27	100.0/100.0/100.0
Bnap_XP_048634460.1	JmjC.HG8.7:JMJ14/JMJ18/MEE27	70.0	MEE27	100.0
Lsat_XP_023732819.1	JmjC.HG8.7:JMJ14/JMJ18/MEE27	70.0	JMJ14/JMJ18/MEE27	100.0/100.0/100.0
Mesc_XP_021597375.1	JmjC.HG8.7:JMJ14/JMJ18/MEE27	70.0	JMJ14/JMJ18/MEE27	97.0/97.0/97.0
Bnap_XP_022559014.1	JmjC.HG8.7:JMJ14/JMJ18/MEE27	70.0	JMJ18	77.0
Psat_XP_050894964.1	JmjC.HG8.7:JMJ14/JMJ18/MEE27	70.0	JMJ14/JMJ18/MEE27	97.0/97.0/97.0
Ecur_TVU18636.1	JmjC.HG8.7:JMJ14/JMJ18/MEE27	70.0	JMJ14/JMJ18/MEE27	100.0/100.0/100.0
Lsat_XP_023745545.1	JmjC.HG8.8:like:JMJ14/JMJ18/MEE27/PKDM7D	1.0	NA	NA
