Apimel_XP_003250774.1	LOC410874	10238687_10250395	1643
Apimel_XP_006560193.2	LOC408944	2679149_2933459	3103
Apimel_XP_016771723.2	LOC726918	11605325_11612024	1580
Apimel_XP_026294963.1	LOC410848	12451124_12456300	983
Apimel_XP_026296208.1	LOC113218746	10255838_10258459	415
Apimel_XP_026302302.1	LOC410796	15831502_15851823	933
Apimel_XP_394543.3	LOC411069	5485567_5488110	392
Apimel_XP_396315.6	LOC412863	4700579_4797555	1329
Apla_XP_022081439.1	LOC110974246	4011255_4036219	1072
Apla_XP_022082616.1	LOC110974936	2409096_2417283	432
Apla_XP_022082641.1	LOC110974950	542735_581326	2030
Apla_XP_022083573.1	LOC110975415	132859_136178	618
Apla_XP_022085202.1	LOC110976329	1081897_1120401	448
Apla_XP_022085616.1	LOC110976555	1471074_1492565	1208
Apla_XP_022091878.1	LOC110979968	1400647_1406779	440
Apla_XP_022094435.1	LOC110981283	455467_594466	2815
Apla_XP_022095085.1	LOC110981656	1049297_1111998	1617
Apla_XP_022097445.1	LOC110982943	692694_703526	347
Apla_XP_022101942.1	LOC110985312	621690_801951	1264
Aplcal_XP_005091148.2	LOC101861260	2389545_2492332	2815
Aplcal_XP_005099656.1	LOC101850807	694334_713648	396
Aplcal_XP_005102629.2	LOC101846975	307074_314328	501
Aplcal_XP_005105261.1	LOC101861381	591135_610097	317
Aplcal_XP_005105773.1	LOC101859122	88728_106787	522
Aplcal_XP_005109011.1	LOC101860125	67142_86666	442
Aplcal_XP_005110552.1	LOC101863626	111863_146983	2483
Aplcal_XP_012941200.1	LOC101862817	148946_201226	1108
Aplcal_XP_012946957.1	LOC101856320	719191_769808	2082
Aplcal_XP_035825836.1	LOC101851269	38_10699	879
Aque_XP_003382573.1	LOC100640981	406229_408860	382
Aque_XP_003385970.1	LOC100639023	66076_79419	1559
Aque_XP_003387667.2	LOC100637214	172578_174170	480
Aque_XP_003392033.1	LOC100631846	90_885	154
Aque_XP_011404618.2	LOC100632164	149497_156602	997
Aque_XP_019849210.1	LOC100635727	1583_4173	284
Aque_XP_019850041.1	LOC100639981	246390_261976	1415
Aque_XP_019851976.1	LOC100641804	210565_218193	624
Aque_XP_019853293.1	LOC100634736	64170_66372	424
Aque_XP_019864243.1	LOC100637155	589278_594245	813
Atha_NP_001031007.1	AT1G09060	2921064_2925826	944
Atha_NP_001189838.1	AT3G07610	2425884_2433113	1049
Atha_NP_001190341.1	AT5G19840	6705325_6709382	549
Atha_NP_001319118.1	AT1G30810	10936765_10942292	819
Atha_NP_001320899.1	AT1G63490	23544554_23553232	1462
Atha_NP_001322575.1	AT1G11950	4034479_4039065	875
Atha_NP_172338.5	AT1G08620	2736656_2743881	1223
Atha_NP_176421.1	AT1G62310	23033403_23039787	883
Atha_NP_177951.6	AT1G78280	29452555_29457373	943
Atha_NP_181034.1	AT2G34880	14711880_14716634	806
Atha_NP_181429.2	AT2G38950	16260803_16265270	708
Atha_NP_190174.2	AT3G45880	16868914_16871609	345
Atha_NP_192008.3	AT4G00990	426847_431862	840
Atha_NP_193773.2	AT4G20400	11008558_11013860	954
Atha_NP_193874.2	AT4G21430	11407804_11412279	927
Atha_NP_196044.2	AT5G04240	1169153_1174992	1340
Atha_NP_196273.3	AT5G06550	2001071_2003112	502
Atha_NP_199502.2	AT5G46910	19046339_19051379	787
Atha_NP_680116.2	AT3G48430	17935256_17940792	1360
Atha_NP_850617.1	AT3G20810	7275645_7278420	429
Atri_XP_006826400.1	LOC18421594	2212797_2218863	504
Atri_XP_006853278.1	LOC18443011	5407671_5422533	1022
Atri_XP_011620489.2	LOC18426427	1232364_1251749	851
Atri_XP_011626998.2	LOC18443818	1144183_1159547	962
Atri_XP_020518635.1	LOC18427288	2091754_2105777	1190
Atri_XP_020520100.1	LOC18429593	10214759_10226746	553
Atri_XP_020522844.1	LOC18422646	5924842_5927882	379
Atri_XP_020524991.1	LOC18437573	575101_586706	1705
Atri_XP_020525113.1	LOC18422781	1475552_1494658	1753
Atri_XP_020526473.1	LOC18439881	4537741_4551487	412
Atri_XP_020527065.1	LOC18423039	6680785_6715514	1891
Atri_XP_020527617.1	LOC18441992	3043479_3059871	1316
Atri_XP_020527895.1	LOC18442343	5044378_5093883	1270
Atri_XP_020529762.1	LOC18445315	3919604_3935430	975
Atri_XP_020530154.1	LOC18445708	2731372_2742252	1255
Atri_XP_020531027.1	LOC18447142	624208_638904	1275
Bdis_XP_003557787.1	LOC100823807	60332865_60340236	949
Bdis_XP_003567797.1	LOC100844367	13153797_13161178	1237
Bdis_XP_003569931.2	LOC100846207	50825846_50831200	605
Bdis_XP_003572365.1	LOC100835429	41944066_41951081	406
Bdis_XP_003577439.1	LOC100833736	16627650_16631101	511
Bdis_XP_010228631.1	LOC100839939	62074158_62080993	937
Bdis_XP_010229202.1	LOC100835298	72234905_72243545	1518
Bdis_XP_010231556.1	LOC100828086	30619805_30627186	1031
Bdis_XP_010232711.2	LOC100836246	55940104_55947556	1342
Bdis_XP_010233682.1	LOC100830519	631578_640057	1040
Bdis_XP_010235136.2	LOC100827690	38223336_38229767	1017
Bdis_XP_010235272.1	LOC100826668	41473886_41481907	1038
Bdis_XP_010238028.2	LOC100822574	32446411_32453980	1123
Bdis_XP_010238558.1	LOC100839458	43726781_43736385	1494
Bdis_XP_010239211.1	LOC100829070	24807962_24823160	1885
Bdis_XP_014758878.1	LOC100831374	39307258_39312055	424
Bdis_XP_024310303.1	LOC100824316	11216422_11222027	682
Bdis_XP_024316791.1	LOC100823075	36415454_36421292	854
Bdis_XP_024318842.1	LOC100840043	34994056_35004770	927
Blan_XP_066266676.1	LOC136422727	9965034_9972122	413
Blan_XP_066267158.1	LOC136423062	18954670_19041228	1516
Blan_XP_066273986.1	LOC136428412	28540569_28544684	325
Blan_XP_066274365.1	LOC136428620	31635576_31657865	449
Blan_XP_066275167.1	LOC136429193	3705765_3714821	578
Blan_XP_066275806.1	LOC136429753	3730451_3737324	621
Blan_XP_066275807.1	LOC136429754	3716792_3726723	582
Blan_XP_066278769.1	LOC136431348	29910131_29982277	2758
Blan_XP_066283195.1	LOC136434330	847436_885688	1917
Blan_XP_066284103.1	LOC136434900	9394083_9422370	973
Blan_XP_066295512.1	LOC136442515	14803690_14813208	409
Blan_XP_066299400.1	LOC136445343	4342438_4377999	1056
Blan_XP_066299717.1	LOC136445559	13348530_13350949	505
Bmor_NP_001191408.1	LOC100533205	9512520_9518083	813
Bmor_NP_001243917.1	LOC100862759	11155159_11176898	865
Bmor_XP_004923869.1	LOC101737714	18647181_18651579	386
Bmor_XP_004927524.2	LOC101736097	5968072_5980926	568
Bmor_XP_004928906.1	LOC101739693	5283869_5322624	1011
Bmor_XP_004932357.2	LOC101738100	5591883_5627024	1058
Bmor_XP_004932682.2	LOC101737516	11067707_11226445	1994
Bmor_XP_012553221.2	LOC101746976	7503221_7543123	1599
Bmor_XP_021207491.2	LOC101745348	4918399_4919738	402
Bmor_XP_037876785.1	LOC101746803	9354967_9388590	1091
Bnap_XP_013641065.2	LOC106346319	3344692_3350145	1103
Bnap_XP_013642534.1	LOC106347518	12015947_12017703	347
Bnap_XP_013649982.1	LOC106354560	47157130_47162119	941
Bnap_XP_013650163.1	LOC106354703	27472551_27477603	941
Bnap_XP_013655886.2	LOC106360768	8906028_8911605	964
Bnap_XP_013657653.2	LOC106362321	22159486_22165204	1145
Bnap_XP_013668398.2	LOC106372678	18936091_18940869	1152
Bnap_XP_013670835.1	LOC106375466	62371016_62373032	508
Bnap_XP_013677287.2	LOC106381891	45495780_45500655	771
Bnap_XP_013678706.1	LOC106383125	24454101_24459634	1146
Bnap_XP_013682006.3	LOC106386742	5026549_5030563	553
Bnap_XP_013695909.1	LOC106400035	21889477_21894319	771
Bnap_XP_013697929.1	LOC106401865	41713459_41715709	414
Bnap_XP_013702573.1	LOC106406369	52589503_52591742	382
Bnap_XP_013708451.2	LOC106412104	17840681_17844587	801
Bnap_XP_013711163.2	LOC106415091	3393052_3402926	1131
Bnap_XP_013715519.2	LOC106419303	18106996_18108972	505
Bnap_XP_013717256.2	LOC106420969	24806902_24811174	914
Bnap_XP_013724852.1	LOC106428657	32477551_32483201	1381
Bnap_XP_013730750.2	LOC106434419	3925808_3929835	540
Bnap_XP_013735327.2	LOC106438634	14579206_14586496	990
Bnap_XP_013746150.2	LOC106448869	57317934_57323289	787
Bnap_XP_013748048.1	LOC106450823	7914765_7922901	1464
Bnap_XP_013749294.2	LOC106451862	31308_33572	414
Bnap_XP_013750219.3	LOC106452609	14472075_14477879	980
Bnap_XP_013750590.2	LOC106452943	26495224_26502630	1057
Bnap_XP_013750883.1	LOC106453173	25189945_25194840	897
Bnap_XP_022544214.2	LOC111199047	10556495_10562210	1382
Bnap_XP_022546157.1	LOC106362338	22051371_22056211	909
Bnap_XP_022546667.2	LOC106349198	26801531_26806193	826
Bnap_XP_022548707.2	LOC106362564	829534_832372	193
Bnap_XP_022550346.2	LOC106440150	9521615_9526203	932
Bnap_XP_022550902.1	LOC106390274	11077888_11086058	1485
Bnap_XP_022556510.2	LOC106391149	26676944_26685045	928
Bnap_XP_022559014.1	LOC106410933	22484005_22489866	832
Bnap_XP_022559270.2	LOC106397011	53303818_53311151	975
Bnap_XP_022562843.1	LOC106420968	48247385_48251637	925
Bnap_XP_022565840.2	LOC106383280	24507289_24507931	165
Bnap_XP_022574891.2	LOC106450981	3768197_3771796	780
Bnap_XP_048594197.1	LOC106362179	21344714_21348739	853
Bnap_XP_048594566.1	LOC106396780	9620256_9624203	801
Bnap_XP_048595127.1	LOC106362531	823472_829449	891
Bnap_XP_048595743.1	LOC106417203	9879994_9889024	1029
Bnap_XP_048595944.1	LOC125575050	6030335_6035736	963
Bnap_XP_048596265.1	LOC111214041	6333682_6338212	934
Bnap_XP_048596631.1	LOC106366838	14790239_14794823	783
Bnap_XP_048605489.1	LOC125583006	30769320_30770872	172
Bnap_XP_048605946.1	LOC106384149	22478627_22486925	971
Bnap_XP_048608543.1	LOC106411265	13079809_13085471	727
Bnap_XP_048609425.1	LOC111205883	6525256_6528711	712
Bnap_XP_048612028.1	LOC106355471	57904025_57906637	564
Bnap_XP_048618369.1	LOC106416508	34844127_34848937	781
Bnap_XP_048622322.1	LOC111212007	26937673_26941721	845
Bnap_XP_048623063.1	LOC125592306	63657527_63662399	1158
Bnap_XP_048624426.1	LOC111202086	23129918_23134499	780
Bnap_XP_048625487.1	LOC106365732	646912_653546	887
Bnap_XP_048630333.1	LOC125603096	140241_142507	414
Bnap_XP_048633161.1	LOC106407809	37604123_37611741	884
Bnap_XP_048634430.1	LOC106448841	17980883_17984773	783
Bnap_XP_048634460.1	LOC106448901	18327667_18334295	599
Cbra_GBG68574.1	CBR_g3119	1488525_1788403	2675
Cbra_GBG79440.1	CBR_g29587	1139116_1170374	605
Cbra_GBG80268.1	CBR_g30634	801144_1014914	519
Cbra_GBG92070.1	CBR_g54325	206208_229665	2405
Cbra_GBG93401.1	CBR_g68529	4941_7195	677
Ccri_XP_005712309.1	CHC_T00007939001	384443_387343	901
Ccri_XP_005712655.1	CHC_T00001463001	444671_445414	237
Ccri_XP_005713882.1	CHC_T00002734001	146409_147585	368
Ccri_XP_005716080.1	CHC_T00004626001	84752_86528	185
Ccri_XP_005717028.1	CHC_T00005164001	489804_491361	501
Cint_NP_001071898.1	zf(cxxc)-1	1750703_1755072	894
Cint_XP_002122286.3	LOC100186291	16061_23945	1109
Cint_XP_002127949.1	LOC100176171	348702_353063	389
Cint_XP_009859394.1	LOC100180205	5848812_5863435	1001
Cint_XP_009861476.1	LOC100185843	873254_893657	1376
Cint_XP_026690226.1	LOC100181325	4898776_4900660	411
Cint_XP_026691491.1	LOC100181237	751482_752756	308
Cint_XP_026693272.1	LOC778759	1431300_1452676	1769
Cofcan_CDO99647.1	GSCOC_T00029301001	10346916_10356302	1032
Cofcan_CDO99756.1	GSCOC_T00029441001	9131071_9138974	1371
Cofcan_CDO99990.1	GSCOC_T00029739001	7177230_7185597	1264
Cofcan_CDP01095.1	GSCOC_T00034608001	5619416_5628793	977
Cofcan_CDP01722.1	GSCOC_T00036862001	9273804_9286608	1503
Cofcan_CDP03676.1	GSCOC_T00016116001	35987830_35995376	528
Cofcan_CDP03753.1	GSCOC_T00016230001	35349819_35359188	773
Cofcan_CDP04436.1	GSCOC_T00017827001	1014936_1021641	1139
Cofcan_CDP04929.1	GSCOC_T00019799001	211157_213766	547
Cofcan_CDP05058.1	GSCOC_T00019977001	1203480_1213551	1371
Cofcan_CDP07169.1	GSCOC_T00024320001	9915622_9920271	420
Cofcan_CDP08570.1	GSCOC_T00027546001	40594668_40595919	189
Cofcan_CDP09743.1	GSCOC_T00030196001	29541862_29559050	1888
Cofcan_CDP10557.1	GSCOC_T00031317001	5600305_5603740	497
Cofcan_CDP11593.1	GSCOC_T00033940001	21005915_21019583	958
Cofcan_CDP14099.1	GSCOC_T00039305001	11468277_11474632	426
Cofcan_CDP15069.1	GSCOC_T00042622001	9990328_10001711	1281
Cofcan_CDP18547.1	GSCOC_T00010789001	4233661_4241450	880
Cofcan_CDP19052.1	GSCOC_T00001103001	14434_35675	1106
Cofcan_CDP19686.1	GSCOC_T00012351001	58927_67438	952
Cofcan_CDP19768.1	GSCOC_T00006616001	23590_24143	109
Crei_XP_042914509.1	CHLRE_17g709550v5	1799698_1807653	944
Crei_XP_042915300.1	CHLRE_16g694201v5	284076_293171	762
Crei_XP_042915512.1	CHLRE_16g654550v5	1652356_1662557	1808
Crei_XP_042918101.1	CHLRE_12g485950v5	1671655_1678140	741
Crei_XP_042918372.1	CHLRE_12g514250v5	3645582_3662342	3700
Crei_XP_042919519.1	CHLRE_11g467768v5	1631071_1636302	793
Crei_XP_042920294.1	CHLRE_10g446850v5	3780837_3804032	5469
Crei_XP_042920439.1	CHLRE_10g455050v5	4943511_4947256	748
Crei_XP_042921376.1	CHLRE_09g400441v5	5500667_5507242	706
Crei_XP_042921493.1	CHLRE_09g407110v5	6435289_6442630	945
Crei_XP_042922680.1	CHLRE_07g327150v5	2203852_2212273	1661
Crei_XP_042925985.1	CHLRE_03g169950v5	3757897_3769528	2739
Crei_XP_042926085.1	CHLRE_03g175750v5	4438377_4443709	503
Crei_XP_042926830.1	CHLRE_02g078700v5	759828_765963	1060
Cscu_XP_023216044.1	LOC111618703	829608_869341	410
Cscu_XP_023221812.1	LOC111623460	475860_499907	356
Cscu_XP_023229643.1	LOC111629923	123690_178524	1149
Cscu_XP_023230232.1	LOC111630375	118357_220817	1512
Cscu_XP_023230236.1	LOC111630378	129493_137986	610
Cscu_XP_023230315.1	LOC111630442	113301_178471	352
Cscu_XP_023233588.1	LOC111633283	287109_408890	1835
Cscu_XP_023237107.1	LOC111636156	611711_784489	2562
Cscu_XP_023237336.1	LOC111636353	96007_207148	1271
Cscu_XP_023243623.1	LOC111641655	38420_82343	1519
Dmel_NP_001260942.1	Dmel_CG33182	13176553_13198337	717
Dmel_NP_001262832.1	Dmel_CG5383	22360782_22362371	441
Dmel_NP_001285649.1	Dmel_CG9088	5989400_5999501	1838
Dmel_NP_609368.3	Dmel_CG5640	10272325_10278811	1136
Dmel_NP_610331.1	Dmel_CG15835	7922775_7924988	495
Dmel_NP_612063.2	Dmel_CG13902	839980_841360	401
Dmel_NP_648651.1	Dmel_CG10133	13449187_13450283	316
Dmel_NP_788611.1	Dmel_CG8165	9516007_9520938	854
Dpul_XP_046437539.1	LOC124188752	320626_323020	400
Dpul_XP_046438861.1	LOC124190279	3764002_3788169	271
Dpul_XP_046439483.1	LOC124190691	242702_247782	1105
Dpul_XP_046440730.1	LOC124191508	5893130_5895434	304
Dpul_XP_046440732.1	LOC124191509	5912328_5913633	304
Dpul_XP_046441411.1	LOC124192248	3652042_3669003	2774
Dpul_XP_046441442.1	LOC124192274	3603299_3615573	1281
Dpul_XP_046441855.1	LOC124192542	6911449_6917603	1412
Dpul_XP_046452221.1	LOC124200138	10263045_10266383	881
Dpul_XP_046456516.1	LOC124203749	13806971_13814039	1573
Dpul_XP_046457070.1	LOC124204099	14876344_14880785	882
Dpul_XP_046461813.1	LOC124208135	3069771_3074344	712
Drer_NP_001002166.2	kdm5bb	28306539_28342487	1503
Drer_NP_001017615.1	jmjd7	10678682_10738054	311
Drer_NP_001025349.2	kdm6bb	22710087_22763715	1719
Drer_NP_001073662.1	kdm6al	59854203_59895080	1311
Drer_NP_001076274.1	kdm4b	4315256_4407871	1134
Drer_NP_001077320.1	kdm4c	45182_79882	1482
Drer_NP_001103339.2	kdm8	44081620_44094278	406
Drer_NP_001116706.1	kdm5c	36983529_37026607	1578
Drer_NP_001189347.1	phf2	27644474_27702835	1054
Drer_NP_001189348.1	kdm7ab	72575_135918	894
Drer_NP_001189376.1	phf8	27591366_27608268	1032
Drer_NP_001333080.1	kdm7aa	22482661_22519525	837
Drer_NP_001334536.1	kdm5ba	5298_33074	1478
Drer_NP_001410477.1	kdm2bb	572_45220	1260
Drer_NP_739567.3	jmjd6	60577513_60589538	403
Drer_XP_001339664.2	kdm4ab	17450227_17492067	1045
Drer_XP_001921829.2	kdm4aa	3280900_3321019	2012
Drer_XP_005167851.1	kdm6a	33788339_33862402	1452
Drer_XP_005173195.1	kdm3b	442392_465837	1824
Drer_XP_009301400.1	kdm6ba	21632078_21778334	1996
Drer_XP_009304785.1	jmjd1cb	8582064_8817970	2569
Drer_XP_021323145.1	jmjd1ca	43702681_43838784	2603
Drer_XP_021328444.1	kdm3b_1	442392_465837	673
Drer_XP_068073872.1	kdm5a	563_13541	1664
Ecur_TVT96865.1	EJB05_57943	394016_396771	508
Ecur_TVU01081.1	EJB05_53471	21882_25507	220
Ecur_TVU03373.1	EJB05_51090	18348_25280	808
Ecur_TVU05222.1	EJB05_48380	6506101_6509725	220
Ecur_TVU07513.1	EJB05_40869	84875_99399	1850
Ecur_TVU09444.1	EJB05_42916	16724290_16733488	1047
Ecur_TVU10016.1	EJB05_43519	22174208_22177544	163
Ecur_TVU11697.1	EJB05_45299	42817426_42824732	1312
Ecur_TVU18636.1	EJB05_34744	21032332_21038141	1005
Ecur_TVU24916.1	EJB05_27381	23574355_23577105	507
Ecur_TVU27615.1	EJB05_19109	485214_492988	1134
Ecur_TVU27776.1	EJB05_19277	1510668_1521532	1200
Ecur_TVU27786.1	EJB05_19287	1590065_1599732	1216
Ecur_TVU28090.1	EJB05_19599	3731414_3738345	808
Ecur_TVU31537.1	EJB05_23224	37570154_37583097	1277
Ecur_TVU33689.1	EJB05_25522	59346704_59353040	1014
Ecur_TVU34924.1	EJB05_16782	11807189_11812219	295
Ecur_TVU34937.1	EJB05_16795	11886644_11891674	334
Ecur_TVU36121.1	EJB05_18037	21809077_21815654	1353
Ecur_TVU46224.1	EJB05_05745	21198077_21205603	1458
Ecur_TVU46240.1	EJB05_05765	21423529_21432447	1189
Ecur_TVU46770.1	EJB05_06329	28753407_28760959	953
Ecur_TVU47084.1	EJB05_06664	32182990_32196236	932
Ecur_TVU48357.1	EJB05_07991	42830613_42838122	1458
Ecur_TVU51698.1	EJB05_03139	41669722_41678671	1398
Ggal_NP_001012909.2	KDM3A	85084875_85113033	1325
Ggal_NP_001025874.2	JMJD6	4873109_4884228	414
Ggal_NP_001026200.1	KDM5B	581784_610225	1522
Ggal_NP_001108131.2	JMJD7	24656242_24662756	317
Ggal_NP_001186475.3	JMJD1C	8484256_8648446	2530
Ggal_XP_004937981.3	KDM5A	60285603_60334397	1692
Ggal_XP_004945610.1	KDM2B	5490760_5595628	1289
Ggal_XP_015142945.2	KDM7A	56717357_56776605	918
Ggal_XP_015146792.1	KDM4A	19843874_19865531	1058
Ggal_XP_015149526.2	KDM3B	17762931_17808838	1738
Ggal_XP_040502633.1	PHF2	6479323_6561226	1185
Ggal_XP_040511923.1	KDM4C	28506084_28815267	1069
Ggal_XP_040526942.1	KDM6A	110909714_111060428	1507
Ggal_XP_046760686.1	KDM4B	5197113_5275240	1175
Ggal_XP_414883.4	KDM8	7285757_7296882	401
Hrob_XP_009014129.1	HELRODRAFT_75856	595481_602639	702
Hrob_XP_009014715.1	HELRODRAFT_170668	2606025_2608080	345
Hrob_XP_009015675.1	HELRODRAFT_160471	5377130_5379294	685
Hrob_XP_009015763.1	HELRODRAFT_160565	6446834_6454775	1255
Hrob_XP_009016237.1	HELRODRAFT_111100	1372064_1375794	398
Hrob_XP_009017064.1	HELRODRAFT_172151	3036570_3041720	963
Hrob_XP_009018328.1	HELRODRAFT_80169	1976375_1978952	362
Hrob_XP_009019477.1	HELRODRAFT_161296	3107593_3109364	434
Hrob_XP_009019479.1	HELRODRAFT_188565	3113433_3115585	398
Hrob_XP_009019543.1	HELRODRAFT_66280	3651509_3655467	660
Hrob_XP_009020839.1	HELRODRAFT_82278	1513595_1522322	1000
Hrob_XP_009022276.1	HELRODRAFT_84338	398069_402032	456
Hrob_XP_009023436.1	HELRODRAFT_192952	971678_977889	711
Hrob_XP_009028336.1	HELRODRAFT_88624	603596_607302	443
Hrob_XP_009028799.1	HELRODRAFT_69268	4409485_4421114	725
Hrob_XP_009029034.1	HELRODRAFT_132346	2034460_2039650	326
Hrob_XP_009029933.1	HELRODRAFT_194466	360243_375767	2252
Hrob_XP_009031639.1	HELRODRAFT_104360	200732_212385	465
Hsap_NP_001036068.1	KDM5A	280057_389320	1690
Hsap_NP_001073893.1	KDM6B	7834217_7854796	1682
Hsap_NP_001074930.1	JMJD6	76712836_76726606	414
Hsap_NP_001108104.1	JMJD7	41828092_41837581	316
Hsap_NP_001138820.1	KDM8	27203526_27221768	454
Hsap_NP_001140177.1	KDM5D	19703865_19744726	1570
Hsap_NP_001155102.1	KDM4E	95025258_95027596	506
Hsap_NP_001171825.1	PHF8	53936680_54048936	1060
Hsap_NP_001300971.1	KDM5B	202724495_202808421	1580
Hsap_NP_001340926.1	KDM4C	6720863_7175648	1089
Hsap_NP_001387099.1	UTY	13233895_13480670	1530
Hsap_NP_001398077.1	KDM4B	4969113_5153598	1130
Hsap_NP_001400684.1	KDM4F	95049422_95051338	638
Hsap_NP_001406738.1	KDM6A	44873188_45112779	1489
Hsap_NP_004178.2	KDM5C	53176277_53225207	1560
Hsap_NP_005081.1	JMJD7-PLA2G4B	41828092_41848143	1012
Hsap_NP_005135.2	HR	22130458_22131010	1189
Hsap_NP_005383.3	PHF2	4858494_4865164	1096
Hsap_NP_055478.2	KDM4A	43699724_43707341	1064
Hsap_NP_057688.3	KDM3B	138352685_138437027	1761
Hsap_NP_060509.2	KDM4D	94973709_94999519	523
Hsap_NP_060903.2	KDM3A	189487217_189487991	1321
Hsap_NP_085150.1	KDM7A	140177261_140179640	941
Hsap_NP_115979.3	KDM2B	121580511_121596094	1336
Hsap_NP_116165.1	JMJD1C	63465229_63466563	2540
Hsap_XP_047282579.1	KDM2A	67119263_67258082	1075
Lana_XP_013378692.1	LOC106150433	1307023_1320576	1904
Lana_XP_013379747.1	LOC106151187	370059_374413	328
Lana_XP_013383727.1	LOC106154044	78961_91296	460
Lana_XP_013384460.1	LOC106154609	88735_95732	312
Lana_XP_013391904.1	LOC106159964	461969_474031	426
Lana_XP_013394792.1	LOC106162160	406828_425578	1374
Lana_XP_013402774.1	LOC106168307	8598_16152	831
Lana_XP_013403538.1	LOC106168875	113460_185064	2844
Lana_XP_013404840.1	LOC106169775	5_3947	208
Lana_XP_013409522.1	LOC106173082	199450_203229	557
Lana_XP_013411786.1	LOC106174672	296655_306141	426
Lana_XP_013411836.1	LOC106174715	146673_149740	461
Lana_XP_013414674.1	LOC106176719	265133_282857	1366
Lana_XP_013421537.1	LOC106181631	409_58620	1334
Lana_XP_023931467.1	LOC106151341	183491_186490	312
Lana_XP_023932416.1	LOC106176703	312945_327508	754
Lsat_XP_023728507.1	LOC111876199	6713929_6718717	1118
Lsat_XP_023732819.1	LOC111880630	38348082_38354134	836
Lsat_XP_023733586.2	LOC111881423	34656994_34661921	1148
Lsat_XP_023733592.1	LOC111881429	34966625_34970861	1057
Lsat_XP_023734699.3	LOC111882554	208521577_208526218	1144
Lsat_XP_023734930.1	LOC111882794	144138082_144141771	492
Lsat_XP_023736216.1	LOC111884125	27665027_27669541	715
Lsat_XP_023742173.1	LOC111890249	71901238_71906054	421
Lsat_XP_023742883.1	LOC111891028	19895359_19905225	811
Lsat_XP_023745545.1	LOC111893708	141734622_141738129	594
Lsat_XP_023748864.1	LOC111897129	92937215_92948164	952
Lsat_XP_023749310.1	LOC111897591	180873397_180881644	1076
Lsat_XP_023749314.1	LOC111897596	181030872_181047436	970
Lsat_XP_023749326.1	LOC111897601	181179443_181191352	1390
Lsat_XP_023749344.1	LOC111897616	181269773_181283641	1289
Lsat_XP_023749364.1	LOC111897637	180439861_180449888	1171
Lsat_XP_023751667.1	LOC111900017	21376704_21378789	358
Lsat_XP_023752942.1	LOC111901317	218653576_218655413	506
Lsat_XP_023755416.1	LOC111903880	55689246_55695695	980
Lsat_XP_023758239.1	LOC111906700	26964672_26969820	859
Lsat_XP_023758398.1	LOC111906844	25489098_25580266	1001
Lsat_XP_023763630.1	LOC111912125	110206797_110214265	930
Lsat_XP_023767761.1	LOC111916340	201862674_201868423	1084
Lsat_XP_023769195.1	LOC111917782	4956352_4961322	990
Lsat_XP_023769563.1	LOC111918129	143117913_143122550	735
Lsat_XP_023772176.1	LOC111920830	10311404_10321167	1845
Lsat_XP_042751902.1	LOC111899281	237208956_237222880	1145
Lsat_XP_042756672.1	LOC111911917	51607934_51611900	922
Lsat_XP_042756887.2	LOC111914627	48609497_48611979	609
Lsat_XP_042758186.1	LOC111897624	180694755_180700239	765
Lsat_XP_042758580.1	LOC111897623	180529898_180550427	1112
Lsat_XP_042758581.1	LOC111897625	180761909_180781494	1251
Lsat_XP_042758584.2	LOC111897599	181073622_181089867	1425
Mesc_XP_021592811.1	LOC110600303	3848922_3865009	1114
Mesc_XP_021596459.1	LOC110603091	2160949_2168108	1036
Mesc_XP_021597050.1	LOC110603589	505503_513081	920
Mesc_XP_021597375.1	LOC110603778	24497814_24506783	940
Mesc_XP_021599201.1	LOC110605158	4430386_4438713	877
Mesc_XP_021599326.1	LOC110605221	22887826_22896101	1043
Mesc_XP_021601203.1	LOC110606619	5890076_5898483	978
Mesc_XP_021604997.1	LOC110609603	11040744_11056359	1901
Mesc_XP_021608859.1	LOC110612395	8893870_8903897	1052
Mesc_XP_021612650.1	LOC110615203	6726549_6739389	539
Mesc_XP_021614573.1	LOC110616504	24477039_24486251	1777
Mesc_XP_021617256.1	LOC110618434	30197449_30208078	1651
Mesc_XP_021619270.1	LOC110620026	3685338_3688527	515
Mesc_XP_021620107.1	LOC110620614	35841122_35848265	944
Mesc_XP_021621607.1	LOC110621647	37526529_37536364	1270
Mesc_XP_021624295.2	LOC110623605	34573755_34587866	1169
Mesc_XP_043804601.1	LOC110627356	2916920_2925497	784
Mesc_XP_043805952.1	LOC110630769	1198435_1202312	408
Mesc_XP_043806207.1	LOC110631233	4778861_4788243	1809
Mesc_XP_043809631.1	LOC122722591	17312_29419	431
Mesc_XP_043811612.1	LOC110627589	25727813_25766069	1850
Mesc_XP_043813759.1	LOC110618015	29362458_29366623	417
Mesc_XP_043817505.1	LOC110626432	23101311_23134244	1235
Mlei_ML04276a-PA	ML04276a	50452_63270	972
Mlei_ML04335a-PA	ML04335a	32789_38261	259
Mlei_ML05732a-PA	ML05732a	9268_11791	303
Mlei_ML070265a-PA	ML070265a	435821_454246	1020
Mpol_BFI24177.1	MPTK2_1g09090	9259073_9262701	412
Mpol_BFI25858.1	MPTK2_1g25060	26111285_26114637	497
Mpol_BFI28825.1	MPTK2_2g23430	27654611_27663516	528
Mpol_BFI29758.1	MPTK2_3g05610	6064254_6075792	1128
Mpol_BFI29960.1	MPTK2_3g07610	7972577_7990925	2398
Mpol_BFI35090.1	MPTK2_5g06080	8024042_8032274	1032
Mpol_BFI36230.1	MPTK2_5g16950	20860353_20877290	1176
Mpol_BFI39336.1	MPTK2_6g20340	26763474_26775433	1385
Mpol_BFI40533.1	MPTK2_7g10520	13727531_13736688	573
Mpol_BFI43380.1	MPTK2_8g17910	22642943_22664954	2053
Mtru_XP_003588516.2	LOC11429788	743870_753575	1701
Mtru_XP_003589715.1	LOC11421627	14497624_14500583	571
Mtru_XP_003590573.1	LOC11425609	35541066_35549720	539
Mtru_XP_003591873.2	LOC11420302	46230448_46239616	1481
Mtru_XP_003592704.3	LOC11444490	55203951_55217130	1059
Mtru_XP_003602822.2	LOC11429707	48994067_49004863	977
Mtru_XP_003608271.1	LOC11429524	44203285_44210165	1282
Mtru_XP_003612456.1	LOC11416549	10239299_10242695	351
Mtru_XP_003612815.1	LOC11433984	12348324_12355420	845
Mtru_XP_003615216.2	LOC11433685	28738864_28746332	837
Mtru_XP_013449908.1	LOC25499272	45867802_45874953	840
Mtru_XP_013450272.2	LOC25499535	50593264_50600603	521
Mtru_XP_013450617.1	LOC25499741	55624027_55636273	965
Mtru_XP_013456231.1	LOC25492610	33015849_33023380	413
Mtru_XP_013462466.1	LOC25485914	2853395_2859372	969
Mtru_XP_013462889.1	LOC25486224	8751724_8756352	826
Mtru_XP_013468436.1	LOC25484213	34115218_34125711	947
Mtru_XP_013469044.2	LOC11405620	40850027_40858440	930
Mtru_XP_024628752.1	LOC25502620	25684738_25686218	149
Mtru_XP_024628887.2	LOC11427424	41162943_41172610	1062
Mtru_XP_024629672.1	LOC11443736	55162785_55173527	933
Mtru_XP_024630513.2	LOC11429270	14514599_14516611	387
Mtru_XP_024630937.1	LOC11445522	55187133_55196602	1044
Mtru_XP_024633149.1	LOC25486667	20695518_20701742	1003
Mtru_XP_024633356.1	LOC25486220	8632831_8635844	453
Mtru_XP_024635912.1	LOC25489508	37705066_37714731	1580
Mtru_XP_024640134.1	LOC11429104	2725078_2747749	1836
Mtru_XP_039684802.1	LOC25484581	38796783_38807141	1231
Mtru_XP_039689161.1	LOC11440103	63586221_63592065	885
Mtru_XP_039690605.1	LOC11431621	20802812_20808539	778
Osat_NP_001383803.1	LOC4324980	40127486_40134389	1286
Osat_NP_001407176.1	LOC4338043	5962049_5968766	1238
Osat_NP_001410040.1	LOC4349499	23717742_23723858	858
Osat_XP_015610619.1	LOC4347435	23265036_23269393	412
Osat_XP_015611177.1	LOC107278851	17709938_17725281	363
Osat_XP_015611921.1	LOC4347413	23068983_23070467	359
Osat_XP_015612349.2	LOC4346966	17951122_17968472	1115
Osat_XP_015617023.1	LOC4350759	23425655_23428445	521
Osat_XP_015618169.1	LOC4324716	33281663_33287023	615
Osat_XP_015623118.1	LOC4328036	515329_523785	968
Osat_XP_015623784.1	LOC4331234	36122886_36129557	995
Osat_XP_015626607.1	LOC4330404	29128213_29135360	807
Osat_XP_015630376.1	LOC4333015	15966768_15973981	953
Osat_XP_015630480.1	LOC9268736	2842082_2850632	1487
Osat_XP_015631297.1	LOC4333174	18483667_18498528	1056
Osat_XP_015640426.2	LOC4338351	13651001_13656796	984
Osat_XP_015648710.1	LOC9269734	25343105_25348573	420
Osat_XP_025879678.1	LOC4332818	13001232_13008110	959
Osat_XP_066162624.1	LOC4351981	10529657_10539715	1367
Osat_XP_066167765.1	LOC9271593	32055595_32068444	1914
Otau_XP_003074529.2	OT_ostta01g04710	767522_768823	433
Otau_XP_003075129.1	OT_ostta02g02900	582944_583993	349
Otau_XP_003081453.1	OT_ostta10g00180	42126_43931	601
Otau_XP_022838309.1	OT_ostta01g04890	789957_791153	398
Otau_XP_022838532.1	OT_ostta03g03390	568037_569953	638
Otau_XP_022838559.1	OT_ostta03g03890	642759_644204	481
Otau_XP_022838759.1	OT_ostta04g02310	424218_426068	616
Otau_XP_022839048.1	OT_ostta05g03250	530573_531745	390
Otau_XP_022839388.1	OT_ostta07g01330	189682_191128	407
Otau_XP_022840230.1	OT_ostta13g02150	366351_373106	2129
Otau_XP_022840238.1	OT_ostta13g02410	415922_417064	380
Otau_XP_022840576.1	OT_ostta18g01660	295134_296480	448
Otau_XP_022840936.1	OT_ostta08g01150	191332_193330	629
Ppat_XP_024359163.1	LOC112274156	6535714_6551980	936
Ppat_XP_024359647.1	LOC112274409	6764057_6770625	887
Ppat_XP_024361962.1	LOC112275651	10583420_10587271	590
Ppat_XP_024366925.1	LOC112278089	8635233_8639590	619
Ppat_XP_024373440.1	LOC112281307	14813787_14822556	1087
Ppat_XP_024376209.1	LOC112282614	612607_615968	301
Ppat_XP_024380325.1	LOC112284610	5635772_5646066	2040
Ppat_XP_024381425.1	LOC112285116	10367412_10375035	1032
Ppat_XP_024388695.1	LOC112288597	16079686_16089821	2042
Ppat_XP_024388877.1	LOC112288663	11614506_11621777	1035
Ppat_XP_024394112.1	LOC112291212	4448824_4456881	1223
Ppat_XP_024398634.1	LOC112293451	2865869_2874500	1341
Ppat_XP_024399461.1	LOC112293817	104882_112286	1031
Ppat_XP_024399957.1	LOC112294064	7628077_7631911	407
Ppat_XP_024400798.1	LOC112294516	4119117_4127821	1196
Ppat_XP_024403668.1	LOC112295875	8890122_8892727	363
Ppur_KAA8491227.1	FVE85_9522	209834_212062	742
Ppur_KAA8493682.1	FVE85_4819	543492_544733	413
Ppur_KAA8495831.1	FVE85_1986	1344552_1345868	438
Ppur_KAA8496554.1	FVE85_0283	623731_627132	1133
Ppur_KAA8497144.1	FVE85_0873	1721754_1723187	477
Ppur_KAA8497372.1	FVE85_1101	2157740_2158723	327
Ppur_KAA8497916.1	FVE85_5501	1062687_1064342	551
Psat_XP_050871236.1	LOC127074022	130471754_130480939	1564
Psat_XP_050872270.1	LOC127074821	28007983_28013651	1017
Psat_XP_050874756.1	LOC127078351	134367714_134381901	973
Psat_XP_050879116.1	LOC127082929	449655768_449661704	948
Psat_XP_050880640.1	LOC127084261	313484983_313494852	1582
Psat_XP_050887295.1	LOC127092461	79636566_79646704	540
Psat_XP_050887664.1	LOC127092817	505627364_505647053	829
Psat_XP_050889753.1	LOC127095051	261418257_261421141	556
Psat_XP_050892119.1	LOC127097669	326226012_326233374	920
Psat_XP_050892498.1	LOC127098040	399195854_399206032	1479
Psat_XP_050892778.1	LOC127098278	506117762_506132088	1158
Psat_XP_050893073.1	LOC127098508	35973762_35985157	1630
Psat_XP_050893161.1	LOC127098578	59838229_59849609	1262
Psat_XP_050893429.1	LOC127100340	470976630_470981128	417
Psat_XP_050893775.1	LOC127100587	183469501_183475866	1046
Psat_XP_050894964.1	LOC127101562	107065775_107070985	1018
Psat_XP_050906055.1	LOC127119779	410133799_410141177	888
Psat_XP_050906267.1	LOC127119940	427943657_427953183	351
Psat_XP_050907232.1	LOC127120741	484974327_484996627	1826
Psat_XP_050910243.1	LOC127125498	87177878_87179824	517
Psat_XP_050910851.1	LOC127126033	167798469_167804276	852
Psat_XP_050916935.1	LOC127132105	10281300_10291297	836
Psat_XP_050920722.1	LOC127138340	9028947_9034489	849
Pvan_XP_027211147.1	LOC113804462	24010482_24025481	337
Pvan_XP_027230014.1	JMJD6	9668805_9676110	389
Pvan_XP_027231079.1	Kdm5	21921451_21966727	1625
Pvan_XP_027238100.2	Kdm3	51711718_51756058	2741
Pvan_XP_069969648.1	LOC113812052	2371970_2404811	1935
Pvan_XP_069980168.1	LOC138859070	23985018_23992644	330
Pvan_XP_069980254.1	Utx	1647624_1864382	1425
Pvan_XP_069991585.1	LOC113819882	37043550_37108016	569
Pvan_XP_069999750.1	LOC113816835	3444045_3492695	1175
Pvan_XP_070000953.1	LOC113829036	28570745_28588418	923
Qlob_XP_030927547.1	LOC115953865	26266738_26270675	505
Qlob_XP_030932241.1	LOC115958020	55272844_55283095	1634
Qlob_XP_030933855.1	LOC115959555	9129013_9141771	2082
Qlob_XP_030935533.1	LOC115960701	8889298_8902131	2082
Qlob_XP_030936123.1	LOC115961257	23492869_23499154	548
Qlob_XP_030937071.1	LOC115962302	39371503_39381601	849
Qlob_XP_030937521.1	LOC115962788	5504708_5512957	1473
Qlob_XP_030947080.1	LOC115971351	38692550_38703105	979
Qlob_XP_030947099.1	LOC115971361	37393139_37403898	979
Qlob_XP_030947610.1	LOC115971732	1393598_1402797	865
Qlob_XP_030947628.1	LOC115971742	42262761_42271317	551
Qlob_XP_030947809.1	LOC115971867	33227244_33257840	1839
Qlob_XP_030948747.1	LOC115972562	4372337_4378965	383
Qlob_XP_030953153.1	LOC115976155	6119847_6127000	396
Qlob_XP_030957460.1	LOC115979542	12747219_12756634	968
Qlob_XP_030958989.1	LOC115980935	16020961_16030525	244
Qlob_XP_030959491.1	LOC115981468	30567571_30580975	1254
Qlob_XP_030962218.1	LOC115983630	72944463_72958532	904
Qlob_XP_030963218.1	LOC115984353	72818164_72829737	1148
Qlob_XP_030969297.1	LOC115989638	80954105_80961318	1051
Qlob_XP_030970034.1	LOC115990335	63081914_63089642	1054
Qlob_XP_030971851.1	LOC115991978	72275035_72281458	899
Qlob_XP_030973177.1	LOC115993043	800789_809679	528
Rchi_XP_024157095.1	LOC112164959	12941844_12947530	999
Rchi_XP_024158191.1	LOC112165779	84099150_84102268	410
Rchi_XP_024159047.1	LOC112166432	84197051_84200642	218
Rchi_XP_024160637.1	LOC112167797	1374882_1380065	900
Rchi_XP_024164996.1	LOC112172060	52989360_52994831	545
Rchi_XP_024168585.1	LOC112175154	69624394_69632192	990
Rchi_XP_024169441.1	LOC112175938	32450079_32460184	1006
Rchi_XP_024169457.1	LOC112175956	45827955_45833156	1486
Rchi_XP_024170153.1	LOC112176456	10226563_10233919	1493
Rchi_XP_024170181.1	LOC112176476	28866084_28872701	872
Rchi_XP_024170218.1	LOC112176495	45904432_45909247	1513
Rchi_XP_024170310.1	LOC112176556	45771993_45775451	986
Rchi_XP_024175137.1	LOC112180802	15662791_15677502	1851
Rchi_XP_024176218.1	LOC112182020	51662357_51671437	1033
Rchi_XP_024176619.1	LOC112182367	54516027_54524280	1612
Rchi_XP_024177384.1	LOC112183165	66208045_66216559	1601
Rchi_XP_024187509.1	LOC112192158	5085938_5092691	954
Rchi_XP_024190914.1	LOC112194894	23308849_23311764	521
Rchi_XP_024191000.1	LOC112194965	1324857_1334045	1223
Rchi_XP_024199074.1	LOC121048776	38818638_38827924	1139
Rchi_XP_040361941.1	LOC112202312	38829071_38837381	912
Rchi_XP_040362147.1	LOC112165154	3692373_3698820	1046
Rchi_XP_040363050.1	LOC112168131	21397574_21400430	353
Rchi_XP_040364674.1	LOC112172156	51182239_51188009	928
Rchi_XP_040366412.1	LOC112175955	45869693_45874665	1541
Scil_XP_065175051.1	LOC135804996	67040789_67059090	1097
Scil_XP_065177489.1	LOC135808252	2969969_2981669	725
Scil_XP_065177892.1	LOC135808604	10156079_10181785	1553
Scil_XP_065178094.1	LOC135808796	13161789_13183780	1561
Scil_XP_065178289.1	LOC135808967	16774037_16797136	752
Scil_XP_065178623.1	LOC135809251	22580970_22600537	596
Scil_XP_065185214.1	LOC135815802	34061446_34066976	407
Scil_XP_065185344.1	LOC135815918	35708281_35737437	1363
Scil_XP_065185446.1	LOC135816016	37878091_37882819	512
Scil_XP_065185461.1	LOC135816030	18043911_18081791	1586
Scil_XP_065186832.1	LOC135817547	10148768_10156306	405
Scil_XP_065186999.1	LOC135817696	13752720_13763901	436
Scil_XP_065187051.1	LOC135817740	14612625_14652556	1496
Scil_XP_065189801.1	LOC135820721	2446589_2532476	136
Scil_XP_065195925.1	LOC135827332	43159125_43161923	336
Skow_XP_002731421.1	jmjd7	77280_84891	318
Skow_XP_002734916.1	LOC100370709	22680_45622	406
Skow_XP_002741887.1	LOC100367039	63622_64812	396
Skow_XP_006813260.1	LOC100372959	94689_103517	428
Skow_XP_006813368.1	Jmjd2c	17153_59764	1128
Skow_XP_006815984.1	LOC100376922	214303_232529	1822
Skow_XP_006817946.1	LOC100366814	419419_434303	1379
Skow_XP_006818312.1	LOC102807182	550867_552438	464
Skow_XP_006825941.1	LOC100378099	1233_85564	2827
Smed_h1SMcT0005056.3	h1SMcG0005056	202406121_202423190	470
Smed_h1SMcT0005069.1	h1SMcG0005069	202871497_202880157	534
Smed_h1SMcT0009561.1	h1SMcG0009561	21732564_21774940	1715
Smed_h1SMcT0011597.1	h1SMcG0011597	88799481_88813899	1443
Smed_h1SMcT0013145.1	h1SMcG0013145	155169321_155185183	437
Smed_h1SMcT0014445.1	h1SMcG0014445	202375725_202379980	400
Smed_h1SMcT0015695.2	h1SMcG0015695	242111140_242118917	429
Smed_h1SMcT0017276.2	h1SMcG0017276	36664892_36680228	901
Smed_h1SMcT0017959.2	h1SMcG0017959	60463178_60486814	1298
Smed_h1SMcT0019561.1	h1SMcG0019561	104499535_104516398	2028
Smed_h1SMcT0022834.1	h1SMcG0022834	21357_50469	373
Smoe_XP_002962475.1	LOC9662033	1657198_1662391	1184
Smoe_XP_002969518.1	LOC9660308	1037888_1043327	1529
Smoe_XP_002980245.1	LOC9647528	684352_686309	507
Smoe_XP_002986768.1	LOC9642009	196327_201778	1534
Smoe_XP_002987301.2	LOC9658107	765068_772725	1877
Smoe_XP_002989181.2	LOC9630282	340282_347927	1876
Smoe_XP_002993156.2	LOC9652653	73901_77929	915
Smoe_XP_024517662.1	LOC9657762	731761_735076	890
Smoe_XP_024519406.1	LOC9661585	3750889_3752895	507
Smoe_XP_024520256.1	LOC9662754	454314_458525	885
Smoe_XP_024520670.1	LOC9656201	3733592_3735611	458
Smoe_XP_024524853.1	LOC9653935	2231039_2235071	915
Smoe_XP_024525051.1	LOC9656508	248091_249694	390
Smoe_XP_024525589.1	LOC9658809	1706672_1707989	111
Smoe_XP_024526086.1	LOC9634269	935336_939498	833
Smoe_XP_024526228.1	LOC112344902	3957329_3960587	794
Smoe_XP_024527652.1	LOC9635361	1688603_1694973	458
Smoe_XP_024527750.1	LOC9632297	2546804_2549561	591
Smoe_XP_024527929.1	LOC9631850	1658462_1661613	449
Smoe_XP_024528476.1	LOC9641435	2992098_2994854	591
Smoe_XP_024529682.1	LOC9650962	1268685_1272749	876
Smoe_XP_024531781.1	LOC9641562	63858_65437	374
Smoe_XP_024532000.1	LOC112346711	2606782_2607796	194
Smoe_XP_024532325.1	LOC112346815	93284_96546	794
Smoe_XP_024533629.1	LOC9651742	196434_199773	890
Smoe_XP_024539595.1	LOC9630699	3968286_3970096	374
Smoe_XP_024543826.1	LOC9654005	63052_67027	848
Smoe_XP_024544679.1	LOC9661806	771019_775585	1183
Smoe_XP_024544700.1	LOC9644877	1168278_1169743	353
Sollyc_NP_001306150.1	JMJ524	1615811_1621941	417
Sollyc_XP_004232586.1	LOC101265193	62305672_62315098	897
Sollyc_XP_004233782.1	LOC101254269	61262845_61269490	1317
Sollyc_XP_004233815.1	LOC101266484	60100979_60110798	1005
Sollyc_XP_004233887.1	LOC101265508	55760169_55770673	921
Sollyc_XP_004235293.1	LOC101251071	56236720_56242892	605
Sollyc_XP_004236313.2	LOC101257458	59021537_59029724	1252
Sollyc_XP_004237549.1	LOC101260929	40799615_40819103	1110
Sollyc_XP_004237935.2	LOC101261810	62260887_62272465	958
Sollyc_XP_004240500.1	JMJ6	2406566_2417452	805
Sollyc_XP_004246003.2	LOC101250242	61812195_61816319	377
Sollyc_XP_004247201.1	LOC101266753	60714892_60727565	539
Sollyc_XP_004249386.1	LOC101267570	61822267_61825059	509
Sollyc_XP_010316711.1	LOC101261570	59621538_59630691	947
Sollyc_XP_010318017.2	LOC101252668	49850569_49863301	1695
Sollyc_XP_010319604.2	LOC101266411	15761768_15785572	1355
Sollyc_XP_010324469.2	LOC101268889	917668_924668	831
Sollyc_XP_010325407.1	LOC101259658	66304918_66329226	1839
Sollyc_XP_010325573.1	LOC101264047	62550243_62557926	846
Sollyc_XP_025886387.1	LOC101246913	3875870_3884989	1191
Sollyc_XP_069144188.1	LOC101244102	55509967_55550132	1391
Spur_XP_003728283.2	LOC100888222	34994798_35002694	618
Spur_XP_011662092.2	LOC584542	1539767_1548776	352
Spur_XP_030827947.1	LOC578457	21534881_21583087	2291
Spur_XP_030837351.1	LOC115922522	31420056_31424044	369
Spur_XP_030838251.1	LOC587845	30859188_30885041	1479
Spur_XP_030839602.1	LOC588873	35984242_36002776	523
Spur_XP_030842094.1	LOC589728	32461688_32516112	2610
Spur_XP_030844946.1	LOC100887994	4807447_4821889	359
Spur_XP_030849191.1	LOC590749	38269005_38280957	409
Spur_XP_030849206.1	LOC115927447	39729801_39740853	409
Spur_XP_030851904.1	LOC579470	27188248_27222468	1262
Spur_XP_030856400.1	LOC584837	50826768_50853632	970
Tadh_XP_002107811.1	TRIADDRAFT_49617	4068219_4073135	387
Tadh_XP_002108337.1	TRIADDRAFT_49824	11737208_11743391	269
Tadh_XP_002108617.1	TRIADDRAFT_51707	4123478_4126278	410
Tadh_XP_002108928.1	TRIADDRAFT_19587	9743339_9747957	390
Tadh_XP_002109881.1	TRIADDRAFT_21598	3049118_3051324	405
Tadh_XP_002109902.1	TRIADDRAFT_53278	3441896_3444142	501
Tadh_XP_002111443.1	TRIADDRAFT_23466	2997315_3007271	1296
Tadh_XP_002111819.1	TRIADDRAFT_23870	1057869_1059539	556
Tadh_XP_002113920.1	TRIADDRAFT_27796	472172_474567	349
Tadh_XP_002114207.1	TRIADDRAFT_58435	5766125_5768599	475
Tadh_XP_002117485.1	TRIADDRAFT_32600	639193_641825	368
Tura_XP_048528831.1	LOC125508247	154787579_154804523	1477
Tura_XP_048529630.1	LOC125508876	333950358_333956834	910
Tura_XP_048530144.1	LOC125509257	397334467_397347748	915
Tura_XP_048530686.1	LOC125509705	450194583_450196380	353
Tura_XP_048530838.1	LOC125509852	462966908_462971127	406
Tura_XP_048531966.1	LOC125510754	562630024_562639518	1417
Tura_XP_048533120.1	LOC125512068	354874741_354880572	865
Tura_XP_048535503.1	LOC125514251	465528233_465535249	805
Tura_XP_048536205.1	LOC125514879	12411910_12421404	1417
Tura_XP_048540179.1	LOC125519403	715084346_715099815	1893
Tura_XP_048542530.1	LOC125521519	220335005_220347872	412
Tura_XP_048542804.1	LOC125521784	621124805_621127804	511
Tura_XP_048543124.1	LOC125522092	220368574_220380973	366
Tura_XP_048547542.1	LOC125527006	26547_32740	1017
Tura_XP_048548281.1	LOC125527816	9064_17499	942
Tura_XP_048552025.1	LOC125531805	572385206_572392930	1371
Tura_XP_048552646.1	LOC125532758	109353981_109369496	963
Tura_XP_048558192.1	LOC125538918	580967774_580974685	946
Tura_XP_048564742.1	LOC125544970	555856360_555864352	567
Tura_XP_048565599.1	LOC125545630	643929598_643936701	1302
Tura_XP_048570988.1	LOC125551737	389133867_389141811	899
Tura_XP_048572587.1	LOC125552909	585446484_585455871	1498
Tura_XP_048572622.1	LOC125552939	589100854_589110203	1487
Tura_XP_048573704.1	LOC125554144	210442767_210449870	1023
Xtro_NP_001011176.1	kdm2a	57835290_57980336	1146
Xtro_NP_001011279.1	jmjd7	105015800_105022208	313
Xtro_NP_001016203.1	jmjd6	45528999_45534155	403
Xtro_NP_001072664.1	kdm7a	5212902_5268284	922
Xtro_NP_001072719.1	kdm5c	26089383_26113230	1506
Xtro_NP_001107498.1	kdm4a	89656822_89675204	1006
Xtro_NP_001121525.1	kdm8	31759617_31772797	443
Xtro_NP_001123807.1	kdm6a	55761828_55842128	1403
Xtro_NP_001265685.1	kdm6b	146998666_147077527	1739
Xtro_NP_989064.2	kdm4b	91027843_91339710	1025
Xtro_XP_002936894.1	kdm3b	48084075_48120731	1693
Xtro_XP_004911336.2	kdm3a	17895046_17917786	1336
Xtro_XP_012808166.1	kdm4c	126615742_126730399	1067
Xtro_XP_017946994.1	kdm5b	75084968_75116562	1530
Xtro_XP_017952180.1	phf8	25116039_25149111	1005
Xtro_XP_031748490.1	kdm2b	162286821_162363483	1258
Xtro_XP_031754497.1	kdm5a	9937959_9969213	1686
Xtro_XP_031757142.1	phf2	152018591_152123787	1070
Xtro_XP_031761210.1	jmjd1c	18049504_18235442	2528
Zmay_NP_001132887.1	LOC100194382	1620520_1623845	587
Zmay_NP_001140556.1	LOC100272621	194995003_194999944	410
Zmay_NP_001147606.1	LOC100281215	137512882_137514833	362
Zmay_NP_001147915.1	LOC100281525	207051287_207054463	509
Zmay_NP_001169561.1	LOC100383440	67931944_67939238	953
Zmay_NP_001348374.1	LOC100381553	158921219_158932657	1497
Zmay_NP_001349496.1	LOC100501391	207184645_207193505	785
Zmay_NP_001352824.1	LOC100383891	127326496_127345468	1239
Zmay_NP_001357966.1	LOC103639146	135817869_135826726	895
Zmay_NP_001357967.1	LOC115072891	111149586_111178100	893
Zmay_NP_001360982.1	LOC100276329	179258049_179264870	544
Zmay_XP_008651381.1	LOC103631760	13664576_13666238	510
Zmay_XP_008656966.1	LOC103636385	169734832_169741866	1353
Zmay_XP_008665049.1	LOC103643664	254500729_254507958	1060
Zmay_XP_008665873.1	LOC103644445	13658534_13659465	275
Zmay_XP_008665874.1	LOC103644446	13661421_13662620	388
Zmay_XP_008677146.1	LOC100280238	174316092_174336029	1219
Zmay_XP_008680032.1	LOC103654986	249160883_249173017	999
Zmay_XP_020393912.1	LOC103626296	46142385_46148501	858
Zmay_XP_020393996.1	LOC103626493	67393043_67424359	1880
Zmay_XP_020395100.1	LOC103631461	145074695_145082082	953
Zmay_XP_020401162.1	LOC103640927	20061157_20072310	1415
Zmay_XP_020402036.1	LOC103637730	105261173_105267645	847
Zmay_XP_020408302.1	LOC103654141	177403578_177414052	1272
Zmay_XP_020408306.1	LOC109946065	177541779_177552736	1257
Zmay_XP_023157516.1	LOC111590857	150065701_150069429	772
Zmay_XP_035823326.1	LOC109939226	177505846_177516659	1272
Zmay_XP_035823398.1	LOC118477004	205358336_205393049	392
