Pvan_XP_027230014.1	JmjC.HG1.19:JMJD6	82.0	JMJD6	92.0
Dpul_XP_046437539.1	JmjC.HG1.19:JMJD6	82.0	JMJD6	92.0
Hrob_XP_009023436.1	JmjC.HG1.19:JMJD6	82.0	JMJD6	73.0
Dmel_NP_001262832.1	JmjC.HG1.19:JMJD6	82.0	JMJD6	92.0
Hcon_XGW27513.1	JmjC.HG1.19:JMJD6	82.0	JMJD6	41.0
Otip_Oti_10936_t	JmjC.HG1.19:JMJD6	82.0	JMJD6	41.0
Smed_h1SMcT0022834.1	JmjC.HG1.19:JMJD6	82.0	JMJD6	73.0
Eela_EEL_0000815201-mRNA-1	JmjC.HG1.19:JMJD6	82.0	JMJD6	41.0
Apimel_XP_394543.3	JmjC.HG1.19:JMJD6	82.0	JMJD6	92.0
Hpol_VDP14047.1	JmjC.HG1.19:JMJD6	82.0	JMJD6	41.0
Bmal_XP_042929438.1	JmjC.HG1.19:JMJD6	82.0	JMJD6	41.0
Hpol_VDO85643.1	JmjC.HG1.19:JMJD6	82.0	JMJD6	41.0
Mbel_CAJ0937549.1	JmjC.HG1.19:JMJD6	82.0	JMJD6	41.0
Tbri_KRY54454.1	JmjC.HG1.19:JMJD6	82.0	JMJD6	41.0
Hcon_XGW26321.1	JmjC.HG1.19:JMJD6	82.0	JMJD6	41.0
Lana_XP_013391904.1	JmjC.HG1.19:JMJD6	82.0	JMJD6	65.0
Acey_EYB91913.1	JmjC.HG1.19:JMJD6	82.0	JMJD6	41.0
Acey_EYB84191.1	JmjC.HG1.19:JMJD6	82.0	JMJD6	41.0
Rvar_GAU87497.1	JmjC.HG1.19:JMJD6	82.0	JMJD6	79.0
Aplcal_XP_005109011.1	JmjC.HG1.19:JMJD6	82.0	JMJD6	65.0
Ever_VDD87703.1	JmjC.HG1.19:JMJD6	82.0	JMJD6	41.0
Trimur_TMUE_3000012387	JmjC.HG1.19:JMJD6	82.0	JMJD6	41.0
Lana_XP_013411786.1	JmjC.HG1.19:JMJD6	82.0	JMJD6	65.0
Rvar_GAU87498.1	JmjC.HG1.19:JMJD6	82.0	JMJD6	79.0
Lloa_XP_020302870.1	JmjC.HG1.19:JMJD6	82.0	JMJD6	41.0
Mhap_MhA1_Contig14.frz3.gene21	JmjC.HG1.19:JMJD6	82.0	JMJD6	41.0
Hcon_XGW27515.1	JmjC.HG1.19:JMJD6	82.0	JMJD6	41.0
Ofus_CAH1786442.1	JmjC.HG1.19:JMJD6	82.0	JMJD6	65.0
Mbel_CAJ0937093.1	JmjC.HG1.19:JMJD6	82.0	JMJD6	41.0
Diplco_DCO_011218	JmjC.HG1.19:JMJD6	82.0	JMJD6	41.0
Avag_UJR30778.1	JmjC.HG1.19:JMJD6	82.0	JMJD6	99.0
Smar_SMAR003513-PA	JmjC.HG1.19:JMJD6	82.0	JMJD6	92.0
Angcan_KAE9417471.1	JmjC.HG1.19:JMJD6	82.0	JMJD6	41.0
Scar_TMS38301.1	JmjC.HG1.19:JMJD6	82.0	JMJD6	41.0
Psp.PS1159_PS1159_v2.g24341.t1	JmjC.HG1.19:JMJD6	82.0	JMJD6	41.0
Bmor_XP_004923869.1	JmjC.HG1.19:JMJD6	82.0	JMJD6	92.0
Btab_XP_018902348.1	JmjC.HG1.19:JMJD6	82.0	JMJD6	92.0
Cele_NP_001294382.1	JmjC.HG1.19:JMJD6	82.0	JMJD6	41.0
Agrpla_XP_018322726.1	JmjC.HG1.19:JMJD6	82.0	JMJD6	92.0
Ttri_CDW56225.1	JmjC.HG1.19:JMJD6	82.0	JMJD6	41.0
Sman_XP_018646906.1	JmjC.HG1.19:JMJD6	82.0	JMJD6	74.0
Angcan_KAE9413166.1	JmjC.HG1.19:JMJD6	82.0	JMJD6	41.0
Hduj_OWA51348.1	JmjC.HG1.19:JMJD6	82.0	JMJD6	79.0
Rcul_nRc.2.0.1.t47753-RA	JmjC.HG1.19:JMJD6	82.0	JMJD6	41.0
Asuu_AgR006_g009_t01	JmjC.HG1.19:JMJD6	82.0	JMJD6	41.0
Smed_h1SMcT0014445.1	JmjC.HG1.19:JMJD6	82.0	JMJD6	73.0
Hsap_NP_001074930.1	JmjC.HG1.19:JMJD6	82.0	JMJD6	93.0
Mjap_MIJAPON000012379.t1	JmjC.HG1.19:JMJD6	82.0	JMJD6	41.0
Lpol_XP_013777038.1	JmjC.HG1.19:JMJD6	82.0	JMJD6	92.0
Bxyl_CAG9116257.1	JmjC.HG1.19:JMJD6	82.0	JMJD6	41.0
Priarc_PARCANUS000021535.t1	JmjC.HG1.19:JMJD6	82.0	JMJD6	41.0
Tnat_KRZ52091.1	JmjC.HG1.19:JMJD6	82.0	JMJD6	41.0
Cvir_XP_022310700.1	JmjC.HG1.19:JMJD6	82.0	JMJD6	65.0
Ddip_jg19727	JmjC.HG1.19:JMJD6	82.0	JMJD6	41.0
Hpol_VDP49940.1	JmjC.HG1.19:JMJD6	82.0	JMJD6	41.0
Asuu_AgE06_g004_t02	JmjC.HG1.19:JMJD6	82.0	JMJD6	41.0
Diplco_DCO_011217	JmjC.HG1.19:JMJD6	82.0	JMJD6	41.0
Cvir_XP_022308793.1	JmjC.HG1.19:JMJD6	82.0	JMJD6	65.0
Cscu_XP_023221812.1	JmjC.HG1.19:JMJD6	82.0	JMJD6	92.0
Obim_XP_014779679.1	JmjC.HG1.19:JMJD6	82.0	JMJD6	65.0
Gpal_Gpal_D383_g04052.t2	JmjC.HG1.19:JMJD6	82.0	JMJD6	41.0
Tsui_KHJ41041.1	JmjC.HG1.19:JMJD6	82.0	JMJD6	41.0
Smed_h1SMcT0005056.3	JmjC.HG1.7:like:JMJD6	100.0	NA	NA
Aplcal_XP_005099656.1	JmjC.HG1.7:like:JMJD6	100.0	NA	NA
Lana_XP_013383727.1	JmjC.HG1.7:like:JMJD6	100.0	NA	NA
Lana_XP_013384460.1	JmjC.HG1.7:like:JMJD6	100.0	NA	NA
Cvir_XP_022335631.1	JmjC.HG1.7:like:JMJD6	100.0	NA	NA
Cvir_XP_022313990.1	JmjC.HG1.8:like:JMJD6	100.0	NA	NA
Aplcal_XP_005105773.1	JmjC.HG1.8:like:JMJD6	100.0	NA	NA
Lpol_XP_022252931.1	JmjC.HG1.8:like:JMJD6	100.0	NA	NA
Cvir_XP_022313879.1	JmjC.HG1.8:like:JMJD6	100.0	NA	NA
Lsig_VDK74886.1	JmjC.HG10.0:HR/JMJD1C/KDM3A/KDM3B	1.0	HR/JMJD1C/KDM3A/KDM3B	1.0/1.0/1.0/1.0
Ever_VDD89389.1	JmjC.HG10.0:HR/JMJD1C/KDM3A/KDM3B	1.0	HR/JMJD1C/KDM3A/KDM3B	1.0/1.0/1.0/1.0
Tspi_XP_003373666.1	JmjC.HG10.0:HR/JMJD1C/KDM3A/KDM3B	1.0	HR/JMJD1C/KDM3A/KDM3B	1.0/1.0/1.0/1.0
Tnat_KRZ59740.1	JmjC.HG10.0:HR/JMJD1C/KDM3A/KDM3B	1.0	HR/JMJD1C/KDM3A/KDM3B	1.0/1.0/1.0/1.0
Rcul_nRc.2.0.1.t31497-RA	JmjC.HG10.0:HR/JMJD1C/KDM3A/KDM3B	1.0	HR/JMJD1C/KDM3A/KDM3B	1.0/1.0/1.0/1.0
Wban_VDM11499.1	JmjC.HG10.0:HR/JMJD1C/KDM3A/KDM3B	1.0	HR/JMJD1C/KDM3A/KDM3B	1.0/1.0/1.0/1.0
Lloa_XP_020307440.1	JmjC.HG10.0:HR/JMJD1C/KDM3A/KDM3B	1.0	HR/JMJD1C/KDM3A/KDM3B	1.0/1.0/1.0/1.0
Tnel_KRX22320.1	JmjC.HG10.0:HR/JMJD1C/KDM3A/KDM3B	1.0	HR/JMJD1C/KDM3A/KDM3B	1.0/1.0/1.0/1.0
Bmal_XP_042929092.1	JmjC.HG10.0:HR/JMJD1C/KDM3A/KDM3B	1.0	HR/JMJD1C/KDM3A/KDM3B	1.0/1.0/1.0/1.0
Ovol_OVOC5708	JmjC.HG10.0:HR/JMJD1C/KDM3A/KDM3B	1.0	HR/JMJD1C/KDM3A/KDM3B	1.0/1.0/1.0/1.0
Sypmur_SMUV_0000513501-mRNA-1	JmjC.HG10.0:HR/JMJD1C/KDM3A/KDM3B	1.0	HR/JMJD1C/KDM3A/KDM3B	1.0/1.0/1.0/1.0
Avit_KAL3981453.1	JmjC.HG10.0:HR/JMJD1C/KDM3A/KDM3B	1.0	HR/JMJD1C/KDM3A/KDM3B	1.0/1.0/1.0/1.0
Asuu_AgB13X_g097_t03	JmjC.HG10.0:HR/JMJD1C/KDM3A/KDM3B	1.0	HR/JMJD1C/KDM3A/KDM3B	1.0/1.0/1.0/1.0
Dimm_MCP9266457.1	JmjC.HG10.0:HR/JMJD1C/KDM3A/KDM3B	1.0	HR/JMJD1C/KDM3A/KDM3B	1.0/1.0/1.0/1.0
Tbri_KRY48017.1	JmjC.HG10.0:HR/JMJD1C/KDM3A/KDM3B	1.0	HR/JMJD1C/KDM3A/KDM3B	1.0/1.0/1.0/1.0
Dpul_XP_046441855.1	JmjC.HG10.0:HR/JMJD1C/KDM3A/KDM3B	1.0	HR/JMJD1C/KDM3A/KDM3B	71.0/71.0/71.0/71.0
Lana_XP_013403538.1	JmjC.HG10.0:HR/JMJD1C/KDM3A/KDM3B	1.0	HR/JMJD1C/KDM3A/KDM3B	71.0/71.0/71.0/71.0
Echgra_XP_024354495.1	JmjC.HG10.0:HR/JMJD1C/KDM3A/KDM3B	1.0	HR/JMJD1C/KDM3A/KDM3B	76.0/76.0/76.0/76.0
Smar_SMAR007148-PA	JmjC.HG10.0:HR/JMJD1C/KDM3A/KDM3B	1.0	HR/JMJD1C/KDM3A/KDM3B	71.0/71.0/71.0/71.0
Aplcal_XP_005091148.2	JmjC.HG10.0:HR/JMJD1C/KDM3A/KDM3B	1.0	HR/JMJD1C/KDM3A/KDM3B	71.0/71.0/71.0/71.0
Smar_SMAR008043-PA	JmjC.HG10.0:HR/JMJD1C/KDM3A/KDM3B	1.0	HR/JMJD1C/KDM3A/KDM3B	71.0/71.0/71.0/71.0
Hrob_XP_009019543.1	JmjC.HG10.0:HR/JMJD1C/KDM3A/KDM3B	1.0	HR/JMJD1C/KDM3A/KDM3B	71.0/71.0/71.0/71.0
Cscu_XP_023243623.1	JmjC.HG10.0:HR/JMJD1C/KDM3A/KDM3B	1.0	HR/JMJD1C/KDM3A/KDM3B	71.0/71.0/71.0/71.0
Avag_UJR28542.1	JmjC.HG10.0:HR/JMJD1C/KDM3A/KDM3B	1.0	HR/JMJD1C/KDM3A/KDM3B	74.0/74.0/74.0/74.0
Sman_XP_018649140.1	JmjC.HG10.0:HR/JMJD1C/KDM3A/KDM3B	1.0	HR/JMJD1C/KDM3A/KDM3B	76.0/76.0/76.0/76.0
Dmel_NP_788611.1	JmjC.HG10.0:HR/JMJD1C/KDM3A/KDM3B	1.0	HR/JMJD1C/KDM3A/KDM3B	71.0/71.0/71.0/71.0
Hsap_NP_005135.2	JmjC.HG10.0:HR/JMJD1C/KDM3A/KDM3B	1.0	HR	100.0
Bmor_XP_004932682.2	JmjC.HG10.0:HR/JMJD1C/KDM3A/KDM3B	1.0	HR/JMJD1C/KDM3A/KDM3B	71.0/71.0/71.0/71.0
Hsap_NP_116165.1	JmjC.HG10.0:HR/JMJD1C/KDM3A/KDM3B	1.0	JMJD1C	59.0
Avag_UJR20979.1	JmjC.HG10.0:HR/JMJD1C/KDM3A/KDM3B	1.0	HR/JMJD1C/KDM3A/KDM3B	74.0/74.0/74.0/74.0
Cvir_XP_022288326.1	JmjC.HG10.0:HR/JMJD1C/KDM3A/KDM3B	1.0	HR/JMJD1C/KDM3A/KDM3B	71.0/71.0/71.0/71.0
Hsap_NP_057688.3	JmjC.HG10.0:HR/JMJD1C/KDM3A/KDM3B	1.0	KDM3B	100.0
Cscu_XP_023237107.1	JmjC.HG10.0:HR/JMJD1C/KDM3A/KDM3B	1.0	HR/JMJD1C/KDM3A/KDM3B	71.0/71.0/71.0/71.0
Pvan_XP_027238100.2	JmjC.HG10.0:HR/JMJD1C/KDM3A/KDM3B	1.0	HR/JMJD1C/KDM3A/KDM3B	71.0/71.0/71.0/71.0
Ofus_CAH1784256.1	JmjC.HG10.0:HR/JMJD1C/KDM3A/KDM3B	1.0	HR/JMJD1C/KDM3A/KDM3B	71.0/71.0/71.0/71.0
Lpol_XP_022246242.1	JmjC.HG10.0:HR/JMJD1C/KDM3A/KDM3B	1.0	HR/JMJD1C/KDM3A/KDM3B	71.0/71.0/71.0/71.0
Dpul_XP_046441411.1	JmjC.HG10.0:HR/JMJD1C/KDM3A/KDM3B	1.0	HR/JMJD1C/KDM3A/KDM3B	71.0/71.0/71.0/71.0
Btab_XP_018903093.1	JmjC.HG10.0:HR/JMJD1C/KDM3A/KDM3B	1.0	HR/JMJD1C/KDM3A/KDM3B	71.0/71.0/71.0/71.0
Lpol_XP_022244634.1	JmjC.HG10.0:HR/JMJD1C/KDM3A/KDM3B	1.0	HR/JMJD1C/KDM3A/KDM3B	71.0/71.0/71.0/71.0
Hsap_NP_060903.2	JmjC.HG10.0:HR/JMJD1C/KDM3A/KDM3B	1.0	KDM3A	85.0
Smed_h1SMcT0009561.1	JmjC.HG10.0:HR/JMJD1C/KDM3A/KDM3B	1.0	HR/JMJD1C/KDM3A/KDM3B	76.0/76.0/76.0/76.0
Hduj_OQV11506.1	JmjC.HG10.0:HR/JMJD1C/KDM3A/KDM3B	1.0	HR/JMJD1C/KDM3A/KDM3B	72.0/72.0/72.0/72.0
Smar_SMAR000623-PA	JmjC.HG10.0:HR/JMJD1C/KDM3A/KDM3B	1.0	HR/JMJD1C/KDM3A/KDM3B	71.0/71.0/71.0/71.0
Lana_XP_013402774.1	JmjC.HG10.0:HR/JMJD1C/KDM3A/KDM3B	1.0	HR/JMJD1C/KDM3A/KDM3B	71.0/71.0/71.0/71.0
Obim_XP_052828648.1	JmjC.HG10.0:HR/JMJD1C/KDM3A/KDM3B	1.0	HR/JMJD1C/KDM3A/KDM3B	71.0/71.0/71.0/71.0
Agrpla_XP_018331475.1	JmjC.HG10.0:HR/JMJD1C/KDM3A/KDM3B	1.0	HR/JMJD1C/KDM3A/KDM3B	71.0/71.0/71.0/71.0
Lpol_XP_022254005.1	JmjC.HG10.0:HR/JMJD1C/KDM3A/KDM3B	1.0	HR/JMJD1C/KDM3A/KDM3B	71.0/71.0/71.0/71.0
Apimel_XP_006560193.2	JmjC.HG10.0:HR/JMJD1C/KDM3A/KDM3B	1.0	HR/JMJD1C/KDM3A/KDM3B	71.0/71.0/71.0/71.0
Rvar_GAV02052.1	JmjC.HG10.0:HR/JMJD1C/KDM3A/KDM3B	1.0	HR/JMJD1C/KDM3A/KDM3B	72.0/72.0/72.0/72.0
Obim_XP_052823191.1	JmjC.HG13.0:KDM7A/PHF2/PHF8	1.0	KDM7A/PHF2/PHF8	1.0/1.0/1.0
Ofus_CAH1784410.1	JmjC.HG13.0:KDM7A/PHF2/PHF8	1.0	KDM7A/PHF2/PHF8	1.0/1.0/1.0
Lana_XP_023932416.1	JmjC.HG13.0:KDM7A/PHF2/PHF8	1.0	KDM7A/PHF2/PHF8	1.0/1.0/1.0
Hrob_XP_009022276.1	JmjC.HG13.0:KDM7A/PHF2/PHF8	1.0	KDM7A/PHF2/PHF8	1.0/1.0/1.0
Hrob_XP_009028336.1	JmjC.HG13.0:KDM7A/PHF2/PHF8	1.0	KDM7A/PHF2/PHF8	1.0/1.0/1.0
Aplcal_XP_012941200.1	JmjC.HG13.0:KDM7A/PHF2/PHF8	1.0	KDM7A/PHF2/PHF8	1.0/1.0/1.0
Echgra_XP_024350687.1	JmjC.HG13.0:KDM7A/PHF2/PHF8	1.0	KDM7A/PHF2/PHF8	58.0/58.0/58.0
Pvan_XP_070000953.1	JmjC.HG13.0:KDM7A/PHF2/PHF8	1.0	KDM7A/PHF2/PHF8	58.0/58.0/58.0
Hpol_VDO83868.1	JmjC.HG13.0:KDM7A/PHF2/PHF8	1.0	KDM7A/PHF2/PHF8	58.0/58.0/58.0
Hsap_NP_005383.3	JmjC.HG13.0:KDM7A/PHF2/PHF8	1.0	PHF2	16.0
Psp.PS1159_PS1159_v2.g21005.t1	JmjC.HG13.0:KDM7A/PHF2/PHF8	1.0	KDM7A/PHF2/PHF8	58.0/58.0/58.0
Lpol_XP_022242531.1	JmjC.HG13.0:KDM7A/PHF2/PHF8	1.0	KDM7A/PHF2/PHF8	58.0/58.0/58.0
Hsap_NP_085150.1	JmjC.HG13.0:KDM7A/PHF2/PHF8	1.0	KDM7A	100.0
Scar_TKR96579.1	JmjC.HG13.0:KDM7A/PHF2/PHF8	1.0	KDM7A/PHF2/PHF8	58.0/58.0/58.0
Psp.PS1159_PS1159_v2.g6595.t1	JmjC.HG13.0:KDM7A/PHF2/PHF8	1.0	KDM7A/PHF2/PHF8	58.0/58.0/58.0
Bmor_XP_037876785.1	JmjC.HG13.0:KDM7A/PHF2/PHF8	1.0	KDM7A/PHF2/PHF8	58.0/58.0/58.0
Cele_NP_496520.1	JmjC.HG13.0:KDM7A/PHF2/PHF8	1.0	KDM7A/PHF2/PHF8	58.0/58.0/58.0
Smar_SMAR005173-PA	JmjC.HG13.0:KDM7A/PHF2/PHF8	1.0	KDM7A/PHF2/PHF8	58.0/58.0/58.0
Rvar_GAU93307.1	JmjC.HG13.0:KDM7A/PHF2/PHF8	1.0	KDM7A/PHF2/PHF8	58.0/58.0/58.0
Rvar_GAU93308.1	JmjC.HG13.0:KDM7A/PHF2/PHF8	1.0	KDM7A/PHF2/PHF8	58.0/58.0/58.0
Hduj_OQV23936.1	JmjC.HG13.0:KDM7A/PHF2/PHF8	1.0	KDM7A/PHF2/PHF8	58.0/58.0/58.0
Otip_Oti_9897_t	JmjC.HG13.0:KDM7A/PHF2/PHF8	1.0	KDM7A/PHF2/PHF8	58.0/58.0/58.0
Rvar_GAU93306.1	JmjC.HG13.0:KDM7A/PHF2/PHF8	1.0	KDM7A/PHF2/PHF8	58.0/58.0/58.0
Angcan_KAE9417147.1	JmjC.HG13.0:KDM7A/PHF2/PHF8	1.0	KDM7A/PHF2/PHF8	58.0/58.0/58.0
Priarc_PARCANUS000003142.t1	JmjC.HG13.0:KDM7A/PHF2/PHF8	1.0	KDM7A/PHF2/PHF8	58.0/58.0/58.0
Avag_UJR27129.1	JmjC.HG13.0:KDM7A/PHF2/PHF8	1.0	KDM7A/PHF2/PHF8	58.0/58.0/58.0
Cscu_XP_023230315.1	JmjC.HG13.0:KDM7A/PHF2/PHF8	1.0	KDM7A/PHF2/PHF8	58.0/58.0/58.0
Acey_EYB89574.1	JmjC.HG13.0:KDM7A/PHF2/PHF8	1.0	KDM7A/PHF2/PHF8	58.0/58.0/58.0
Psp.PS1159_PS1159_v2.g8688.t1	JmjC.HG13.0:KDM7A/PHF2/PHF8	1.0	KDM7A/PHF2/PHF8	58.0/58.0/58.0
Mjap_MIJAPON000001555.t1	JmjC.HG13.0:KDM7A/PHF2/PHF8	1.0	KDM7A/PHF2/PHF8	58.0/58.0/58.0
Mbel_CAJ0929036.1	JmjC.HG13.0:KDM7A/PHF2/PHF8	1.0	KDM7A/PHF2/PHF8	58.0/58.0/58.0
Smed_h1SMcT0013145.1	JmjC.HG13.0:KDM7A/PHF2/PHF8	1.0	KDM7A/PHF2/PHF8	58.0/58.0/58.0
Sman_XP_018648529.1	JmjC.HG13.0:KDM7A/PHF2/PHF8	1.0	KDM7A/PHF2/PHF8	58.0/58.0/58.0
Agrpla_XP_018325994.1	JmjC.HG13.0:KDM7A/PHF2/PHF8	1.0	KDM7A/PHF2/PHF8	58.0/58.0/58.0
Cele_NP_001294381.1	JmjC.HG13.0:KDM7A/PHF2/PHF8	1.0	KDM7A/PHF2/PHF8	58.0/58.0/58.0
Dpul_XP_046457070.1	JmjC.HG13.0:KDM7A/PHF2/PHF8	1.0	KDM7A/PHF2/PHF8	58.0/58.0/58.0
Hsap_NP_001171825.1	JmjC.HG13.0:KDM7A/PHF2/PHF8	1.0	PHF8	50.0
Hcon_XGW30569.1	JmjC.HG13.0:KDM7A/PHF2/PHF8	1.0	KDM7A/PHF2/PHF8	58.0/58.0/58.0
Hcon_XGW30739.1	JmjC.HG13.0:KDM7A/PHF2/PHF8	1.0	KDM7A/PHF2/PHF8	58.0/58.0/58.0
Ttri_CDW53554.1	JmjC.HG13.0:KDM7A/PHF2/PHF8	1.0	KDM7A/PHF2/PHF8	58.0/58.0/58.0
Apimel_XP_026302302.1	JmjC.HG13.0:KDM7A/PHF2/PHF8	1.0	KDM7A/PHF2/PHF8	58.0/58.0/58.0
Gpal_Gpal_D383_g13851.t1	JmjC.HG13.0:KDM7A/PHF2/PHF8	1.0	KDM7A/PHF2/PHF8	58.0/58.0/58.0
Priarc_PARCANUS000006601.t1	JmjC.HG13.0:KDM7A/PHF2/PHF8	1.0	KDM7A/PHF2/PHF8	58.0/58.0/58.0
Ever_VDD94636.1	JmjC.HG13.0:KDM7A/PHF2/PHF8	1.0	KDM7A/PHF2/PHF8	58.0/58.0/58.0
Trimur_TMUE_3000014631	JmjC.HG13.0:KDM7A/PHF2/PHF8	1.0	KDM7A/PHF2/PHF8	58.0/58.0/58.0
Asuu_AgR009X_g184_t05	JmjC.HG13.0:KDM7A/PHF2/PHF8	1.0	KDM7A/PHF2/PHF8	58.0/58.0/58.0
Priarc_PARCANUS000001070.t1	JmjC.HG13.0:KDM7A/PHF2/PHF8	1.0	KDM7A/PHF2/PHF8	58.0/58.0/58.0
Hrob_XP_009015675.1	JmjC.HG14.0:like:JMJD7/JMJD7-PLA2G4B	100.0	NA	NA
Hsap_NP_005081.1	JmjC.HG14.1:JMJD7/JMJD7-PLA2G4B	99.0	JMJD7/JMJD7-PLA2G4B	100.0/100.0
Lana_XP_013379747.1	JmjC.HG14.1:JMJD7/JMJD7-PLA2G4B	99.0	JMJD7/JMJD7-PLA2G4B	37.0/37.0
Bmor_XP_004927524.2	JmjC.HG14.1:JMJD7/JMJD7-PLA2G4B	99.0	JMJD7/JMJD7-PLA2G4B	37.0/37.0
Dpul_XP_046440730.1	JmjC.HG14.1:JMJD7/JMJD7-PLA2G4B	99.0	JMJD7/JMJD7-PLA2G4B	37.0/37.0
Ofus_CAH1786742.1	JmjC.HG14.1:JMJD7/JMJD7-PLA2G4B	99.0	JMJD7/JMJD7-PLA2G4B	73.0/73.0
Avag_UJR36813.1	JmjC.HG14.1:JMJD7/JMJD7-PLA2G4B	99.0	JMJD7/JMJD7-PLA2G4B	81.0/81.0
Dmel_NP_648651.1	JmjC.HG14.1:JMJD7/JMJD7-PLA2G4B	99.0	JMJD7/JMJD7-PLA2G4B	37.0/37.0
Agrpla_XP_018336639.1	JmjC.HG14.1:JMJD7/JMJD7-PLA2G4B	99.0	JMJD7/JMJD7-PLA2G4B	37.0/37.0
Hsap_NP_001108104.1	JmjC.HG14.1:JMJD7/JMJD7-PLA2G4B	99.0	JMJD7/JMJD7-PLA2G4B	100.0/100.0
Cvir_XP_022340536.1	JmjC.HG14.1:JMJD7/JMJD7-PLA2G4B	99.0	JMJD7/JMJD7-PLA2G4B	37.0/37.0
Hrob_XP_009014715.1	JmjC.HG14.1:JMJD7/JMJD7-PLA2G4B	99.0	JMJD7/JMJD7-PLA2G4B	37.0/37.0
Pvan_XP_027211147.1	JmjC.HG14.1:JMJD7/JMJD7-PLA2G4B	99.0	JMJD7/JMJD7-PLA2G4B	37.0/37.0
Aplcal_XP_005105261.1	JmjC.HG14.1:JMJD7/JMJD7-PLA2G4B	99.0	JMJD7/JMJD7-PLA2G4B	37.0/37.0
Lpol_XP_013784350.1	JmjC.HG14.1:JMJD7/JMJD7-PLA2G4B	99.0	JMJD7/JMJD7-PLA2G4B	37.0/37.0
Dpul_XP_046440732.1	JmjC.HG14.1:JMJD7/JMJD7-PLA2G4B	99.0	JMJD7/JMJD7-PLA2G4B	37.0/37.0
Pvan_XP_069980168.1	JmjC.HG14.1:JMJD7/JMJD7-PLA2G4B	99.0	JMJD7/JMJD7-PLA2G4B	37.0/37.0
Tnat_KRZ56413.1	JmjC.HG14.3:like:JMJD7/JMJD7-PLA2G4B	88.0	NA	NA
Lana_XP_023931467.1	JmjC.HG14.3:like:JMJD7/JMJD7-PLA2G4B	88.0	NA	NA
Lana_XP_013409522.1	JmjC.HG14.3:like:JMJD7/JMJD7-PLA2G4B	88.0	NA	NA
Tnel_KRX17318.1	JmjC.HG14.3:like:JMJD7/JMJD7-PLA2G4B	88.0	NA	NA
Tspi_XP_003381934.1	JmjC.HG14.3:like:JMJD7/JMJD7-PLA2G4B	88.0	NA	NA
Ttri_CDW52010.1	JmjC.HG14.3:like:JMJD7/JMJD7-PLA2G4B	88.0	NA	NA
Ofus_CAH1786711.1	JmjC.HG14.3:like:JMJD7/JMJD7-PLA2G4B	88.0	NA	NA
Tbri_KRY46855.1	JmjC.HG14.3:like:JMJD7/JMJD7-PLA2G4B	88.0	NA	NA
Trimur_TMUE_2000008621	JmjC.HG14.3:like:JMJD7/JMJD7-PLA2G4B	88.0	NA	NA
Cvir_XP_022324955.1	JmjC.HG14.3:like:JMJD7/JMJD7-PLA2G4B	88.0	NA	NA
Tsui_KHJ49349.1	JmjC.HG14.3:like:JMJD7/JMJD7-PLA2G4B	88.0	NA	NA
Mjap_MIJAPON000001293.t1	JmjC.HG16.0:KDM2A/KDM2B	1.0	KDM2A/KDM2B	1.0/1.0
Srat_XP_024503932.1	JmjC.HG16.0:KDM2A/KDM2B	1.0	KDM2A/KDM2B	1.0/1.0
Bmal_XP_042933214.1	JmjC.HG16.0:KDM2A/KDM2B	1.0	KDM2A/KDM2B	1.0/1.0
Gpal_Gpal_D383_g10379.t1	JmjC.HG16.0:KDM2A/KDM2B	1.0	KDM2A/KDM2B	1.0/1.0
Hpol_VDO64892.1	JmjC.HG16.0:KDM2A/KDM2B	1.0	KDM2A/KDM2B	1.0/1.0
Priarc_PARCANUS000003453.t1	JmjC.HG16.0:KDM2A/KDM2B	1.0	KDM2A/KDM2B	1.0/1.0
Avit_KAL4002846.1	JmjC.HG16.0:KDM2A/KDM2B	1.0	KDM2A/KDM2B	1.0/1.0
Mbel_CAJ0962955.1	JmjC.HG16.0:KDM2A/KDM2B	1.0	KDM2A/KDM2B	1.0/1.0
Ddip_jg10423	JmjC.HG16.0:KDM2A/KDM2B	1.0	KDM2A/KDM2B	1.0/1.0
Angcan_KAE9420235.1	JmjC.HG16.0:KDM2A/KDM2B	1.0	KDM2A/KDM2B	1.0/1.0
Diplco_DCO_002927	JmjC.HG16.0:KDM2A/KDM2B	1.0	KDM2A/KDM2B	1.0/1.0
Priarc_PARCANUS000003063.t1	JmjC.HG16.0:KDM2A/KDM2B	1.0	KDM2A/KDM2B	1.0/1.0
Hcon_XGW16589.1	JmjC.HG16.0:KDM2A/KDM2B	1.0	KDM2A/KDM2B	1.0/1.0
Diplco_DCO_002928	JmjC.HG16.0:KDM2A/KDM2B	1.0	KDM2A/KDM2B	1.0/1.0
Ovol_OVOC8642	JmjC.HG16.0:KDM2A/KDM2B	1.0	KDM2A/KDM2B	1.0/1.0
Otip_Oti_2625_t	JmjC.HG16.0:KDM2A/KDM2B	1.0	KDM2A/KDM2B	1.0/1.0
Scar_TKR68166.1	JmjC.HG16.0:KDM2A/KDM2B	1.0	KDM2A/KDM2B	1.0/1.0
Lloa_XP_020303735.1	JmjC.HG16.0:KDM2A/KDM2B	1.0	KDM2A/KDM2B	1.0/1.0
Cele_NP_498418.3	JmjC.HG16.0:KDM2A/KDM2B	1.0	KDM2A/KDM2B	1.0/1.0
Ddip_jg23958	JmjC.HG16.0:KDM2A/KDM2B	1.0	KDM2A/KDM2B	1.0/1.0
Acey_EYC20807.1	JmjC.HG16.0:KDM2A/KDM2B	1.0	KDM2A/KDM2B	1.0/1.0
Priarc_PARCANUS000008636.t1	JmjC.HG16.0:KDM2A/KDM2B	1.0	KDM2A/KDM2B	1.0/1.0
Ever_VDD88057.1	JmjC.HG16.0:KDM2A/KDM2B	1.0	KDM2A/KDM2B	1.0/1.0
Dpul_XP_046452221.1	JmjC.HG16.0:KDM2A/KDM2B	1.0	KDM2A/KDM2B	68.0/68.0
Lpol_XP_013778988.1	JmjC.HG16.0:KDM2A/KDM2B	1.0	KDM2A/KDM2B	68.0/68.0
Smed_h1SMcT0005069.1	JmjC.HG16.0:KDM2A/KDM2B	1.0	KDM2A/KDM2B	87.0/87.0
Hsap_NP_115979.3	JmjC.HG16.0:KDM2A/KDM2B	1.0	KDM2B	71.0
Bmor_XP_004928906.1	JmjC.HG16.0:KDM2A/KDM2B	1.0	KDM2A/KDM2B	68.0/68.0
Avag_UJR09124.1	JmjC.HG16.0:KDM2A/KDM2B	1.0	KDM2A/KDM2B	87.0/87.0
Ofus_CAH1801472.1	JmjC.HG16.0:KDM2A/KDM2B	1.0	KDM2A/KDM2B	68.0/68.0
Lana_XP_013394792.1	JmjC.HG16.0:KDM2A/KDM2B	1.0	KDM2A/KDM2B	68.0/68.0
Hduj_OQV18915.1	JmjC.HG16.0:KDM2A/KDM2B	1.0	KDM2A/KDM2B	100.0/100.0
Hrob_XP_009031639.1	JmjC.HG16.0:KDM2A/KDM2B	1.0	KDM2A/KDM2B	68.0/68.0
Hsap_XP_047282579.1	JmjC.HG16.0:KDM2A/KDM2B	1.0	KDM2A	100.0
Lpol_XP_022243922.1	JmjC.HG16.0:KDM2A/KDM2B	1.0	KDM2A/KDM2B	68.0/68.0
Rvar_GAU93788.1	JmjC.HG16.0:KDM2A/KDM2B	1.0	KDM2A/KDM2B	100.0/100.0
Pvan_XP_069969648.1	JmjC.HG16.0:KDM2A/KDM2B	1.0	KDM2A/KDM2B	68.0/68.0
Agrpla_XP_018328670.2	JmjC.HG16.0:KDM2A/KDM2B	1.0	KDM2A/KDM2B	68.0/68.0
Apimel_XP_026294963.1	JmjC.HG16.0:KDM2A/KDM2B	1.0	KDM2A/KDM2B	68.0/68.0
Ovol_OVOC3662	JmjC.HG2.0:KDM8	88.0	KDM8	86.0
Acey_EYB86026.1	JmjC.HG2.0:KDM8	88.0	KDM8	86.0
Tspi_XP_003380167.1	JmjC.HG2.0:KDM8	88.0	KDM8	86.0
Ofus_CAH1779520.1	JmjC.HG2.0:KDM8	88.0	KDM8	93.0
Ddip_jg26533	JmjC.HG2.0:KDM8	88.0	KDM8	86.0
Avag_UJR16219.1	JmjC.HG2.0:KDM8	88.0	KDM8	63.0
Mjap_MIJAPON000006756.t1	JmjC.HG2.0:KDM8	88.0	KDM8	86.0
Diplco_DCO_001492	JmjC.HG2.0:KDM8	88.0	KDM8	86.0
Tspi_XP_003368987.1	JmjC.HG2.0:KDM8	88.0	KDM8	86.0
Priarc_PARCANUS000014441.t1	JmjC.HG2.0:KDM8	88.0	KDM8	86.0
Asuu_AgB01_g822_t03	JmjC.HG2.0:KDM8	88.0	KDM8	86.0
Lloa_XP_003140884.1	JmjC.HG2.0:KDM8	88.0	KDM8	86.0
Eela_EEL_0000590401-mRNA-1	JmjC.HG2.0:KDM8	88.0	KDM8	86.0
Tnel_KRX20255.1	JmjC.HG2.0:KDM8	88.0	KDM8	86.0
Sypmur_SMUV_0000527301-mRNA-1	JmjC.HG2.0:KDM8	88.0	KDM8	86.0
Angcan_KAE9418089.1	JmjC.HG2.0:KDM8	88.0	KDM8	86.0
Rcul_nRc.2.0.1.t13431-RA	JmjC.HG2.0:KDM8	88.0	KDM8	86.0
Hrob_XP_009019479.1	JmjC.HG2.0:KDM8	88.0	KDM8	78.0
Ever_VDD93866.1	JmjC.HG2.0:KDM8	88.0	KDM8	86.0
Trimur_TMUE_0000000640	JmjC.HG2.0:KDM8	88.0	KDM8	86.0
Mhap_MhA1_Contig1994.frz3.gene4	JmjC.HG2.0:KDM8	88.0	KDM8	86.0
Bmal_XP_001897040.1	JmjC.HG2.0:KDM8	88.0	KDM8	86.0
Wban_VDM22157.1	JmjC.HG2.0:KDM8	88.0	KDM8	86.0
Hsap_NP_001138820.1	JmjC.HG2.0:KDM8	88.0	KDM8	90.0
Dpul_XP_046461813.1	JmjC.HG2.0:KDM8	88.0	KDM8	63.0
Rvar_GAU90323.1	JmjC.HG2.0:KDM8	88.0	KDM8	30.0
Smar_SMAR008599-PA	JmjC.HG2.0:KDM8	88.0	KDM8	35.0
Hduj_OQV19329.1	JmjC.HG2.0:KDM8	88.0	KDM8	30.0
Avit_KAL3989456.1	JmjC.HG2.0:KDM8	88.0	KDM8	86.0
Hrob_XP_009019477.1	JmjC.HG2.0:KDM8	88.0	KDM8	78.0
Lsig_VDK83118.1	JmjC.HG2.0:KDM8	88.0	KDM8	86.0
Otip_Oti_326_t	JmjC.HG2.0:KDM8	88.0	KDM8	86.0
Hpol_VDP19018.1	JmjC.HG2.0:KDM8	88.0	KDM8	86.0
Tnat_KRZ50470.1	JmjC.HG2.0:KDM8	88.0	KDM8	86.0
Ttri_CDW53161.1	JmjC.HG2.0:KDM8	88.0	KDM8	86.0
Echgra_XP_024348645.1	JmjC.HG2.0:KDM8	88.0	KDM8	98.0
Bxyl_CAG9128521.1	JmjC.HG2.0:KDM8	88.0	KDM8	86.0
Scar_TKR80642.1	JmjC.HG2.0:KDM8	88.0	KDM8	86.0
Diplco_DCO_001490	JmjC.HG2.0:KDM8	88.0	KDM8	86.0
Cscu_XP_023216044.1	JmjC.HG2.0:KDM8	88.0	KDM8	93.0
Bmor_XP_021207491.2	JmjC.HG2.0:KDM8	88.0	KDM8	30.0
Hcon_XGW18521.1	JmjC.HG2.0:KDM8	88.0	KDM8	86.0
Obim_XP_014780508.1	JmjC.HG2.0:KDM8	88.0	KDM8	78.0
Mbel_CAJ0964053.1	JmjC.HG2.0:KDM8	88.0	KDM8	86.0
Tsui_KHJ45102.1	JmjC.HG2.0:KDM8	88.0	KDM8	86.0
Srat_XP_024508351.1	JmjC.HG2.0:KDM8	88.0	KDM8	86.0
Dmel_NP_612063.2	JmjC.HG2.0:KDM8	88.0	KDM8	30.0
Cele_NP_505831.1	JmjC.HG2.0:KDM8	88.0	KDM8	86.0
Cvir_XP_022338439.1	JmjC.HG2.0:KDM8	88.0	KDM8	78.0
Lana_XP_013411836.1	JmjC.HG2.0:KDM8	88.0	KDM8	93.0
Sman_XP_018654420.1	JmjC.HG2.0:KDM8	88.0	KDM8	98.0
Tbri_KRY47478.1	JmjC.HG2.0:KDM8	88.0	KDM8	86.0
Sbat_VDO98087.1	JmjC.HG2.0:KDM8	88.0	KDM8	86.0
Agrpla_XP_018331764.2	JmjC.HG2.0:KDM8	88.0	KDM8	30.0
Dimm_MCP9257372.1	JmjC.HG2.0:KDM8	88.0	KDM8	86.0
Plae_KAI0984298.1	JmjC.HG2.0:KDM8	88.0	KDM8	86.0
Ddip_jg26521	JmjC.HG2.0:KDM8	88.0	KDM8	86.0
Pvan_XP_069991585.1	JmjC.HG2.0:KDM8	88.0	KDM8	63.0
Trimur_TMUE_3000012690	JmjC.HG2.0:KDM8	88.0	KDM8	86.0
Lpol_XP_022241371.1	JmjC.HG2.0:KDM8	88.0	KDM8	93.0
Plae_KAI0985441.1	JmjC.HG2.0:KDM8	88.0	KDM8	86.0
Aplcal_XP_005102629.2	JmjC.HG2.0:KDM8	88.0	KDM8	78.0
Apimel_XP_026296208.1	JmjC.HG2.0:KDM8	88.0	KDM8	30.0
Gpal_Gpal_D383_g00500.t1	JmjC.HG2.0:KDM8	88.0	KDM8	86.0
Hduj_OWA50677.1	JmjC.HG4.0:like:KDM6A/KDM6B/UTY	1.0	NA	NA
Rvar_GAU92728.1	JmjC.HG4.1:like:KDM6A/KDM6B/UTY	1.0	NA	NA
Cele_NP_510405.1	JmjC.HG4.2:like:KDM6A/KDM6B/UTY	100.0	NA	NA
Cele_NP_509451.2	JmjC.HG4.2:like:KDM6A/KDM6B/UTY	100.0	NA	NA
Cele_NP_001309680.1	JmjC.HG4.2:like:KDM6A/KDM6B/UTY	100.0	NA	NA
Priarc_PARCANUS000012906.t1	JmjC.HG4.3:like:KDM6A/KDM6B/UTY	87.0	NA	NA
Priarc_PARCANUS000005531.t1	JmjC.HG4.3:like:KDM6A/KDM6B/UTY	87.0	NA	NA
Priarc_PARCANUS000028174.t1	JmjC.HG4.3:like:KDM6A/KDM6B/UTY	87.0	NA	NA
Priarc_PARCANUS000007126.t1	JmjC.HG4.3:like:KDM6A/KDM6B/UTY	87.0	NA	NA
Priarc_PARCANUS000017340.t1	JmjC.HG4.3:like:KDM6A/KDM6B/UTY	87.0	NA	NA
Otip_Oti_11277_t	JmjC.HG4.4:like:KDM6A/KDM6B/UTY	77.0	NA	NA
Priarc_PARCANUS000032095.t1	JmjC.HG4.4:like:KDM6A/KDM6B/UTY	77.0	NA	NA
Priarc_PARCANUS000023591.t1	JmjC.HG4.4:like:KDM6A/KDM6B/UTY	77.0	NA	NA
Lsig_VDK85076.1	JmjC.HG4.5:KDM6A/KDM6B/UTY	69.0	KDM6A/KDM6B/UTY	69.0/69.0/69.0
Hrob_XP_009020839.1	JmjC.HG4.5:KDM6A/KDM6B/UTY	69.0	KDM6A/KDM6B/UTY	78.0/78.0/78.0
Ddip_jg1432	JmjC.HG4.5:KDM6A/KDM6B/UTY	69.0	KDM6A/KDM6B/UTY	69.0/69.0/69.0
Sypmur_SMUV_0000514601-mRNA-1	JmjC.HG4.5:KDM6A/KDM6B/UTY	69.0	KDM6A/KDM6B/UTY	69.0/69.0/69.0
Srat_XP_024508309.1	JmjC.HG4.5:KDM6A/KDM6B/UTY	69.0	KDM6A/KDM6B/UTY	69.0/69.0/69.0
Mbel_CAJ0945113.1	JmjC.HG4.5:KDM6A/KDM6B/UTY	69.0	KDM6A/KDM6B/UTY	69.0/69.0/69.0
Lloa_XP_020306211.1	JmjC.HG4.5:KDM6A/KDM6B/UTY	69.0	KDM6A/KDM6B/UTY	69.0/69.0/69.0
Cele_NP_001309685.1	JmjC.HG4.5:KDM6A/KDM6B/UTY	69.0	KDM6A/KDM6B/UTY	69.0/69.0/69.0
Hcon_XGW35845.1	JmjC.HG4.5:KDM6A/KDM6B/UTY	69.0	KDM6A/KDM6B/UTY	69.0/69.0/69.0
Mjap_MIJAPON000003792.t1	JmjC.HG4.5:KDM6A/KDM6B/UTY	69.0	KDM6A/KDM6B/UTY	69.0/69.0/69.0
Gpal_Gpal_D383_g10019.t1	JmjC.HG4.5:KDM6A/KDM6B/UTY	69.0	KDM6A/KDM6B/UTY	69.0/69.0/69.0
Diplco_DCO_003130	JmjC.HG4.5:KDM6A/KDM6B/UTY	69.0	KDM6A/KDM6B/UTY	69.0/69.0/69.0
Ever_VDD96090.1	JmjC.HG4.5:KDM6A/KDM6B/UTY	69.0	KDM6A/KDM6B/UTY	69.0/69.0/69.0
Scar_TKR80412.1	JmjC.HG4.5:KDM6A/KDM6B/UTY	69.0	KDM6A/KDM6B/UTY	69.0/69.0/69.0
Diplco_DCO_003129	JmjC.HG4.5:KDM6A/KDM6B/UTY	69.0	KDM6A/KDM6B/UTY	69.0/69.0/69.0
Ovol_OVOC3273	JmjC.HG4.5:KDM6A/KDM6B/UTY	69.0	KDM6A/KDM6B/UTY	69.0/69.0/69.0
Avit_KAL3989667.1	JmjC.HG4.5:KDM6A/KDM6B/UTY	69.0	KDM6A/KDM6B/UTY	69.0/69.0/69.0
Bmal_XP_042930887.1	JmjC.HG4.5:KDM6A/KDM6B/UTY	69.0	KDM6A/KDM6B/UTY	69.0/69.0/69.0
Hpol_VDO77107.1	JmjC.HG4.5:KDM6A/KDM6B/UTY	69.0	KDM6A/KDM6B/UTY	69.0/69.0/69.0
Mhap_MhA1_Contig334.frz3.gene8	JmjC.HG4.5:KDM6A/KDM6B/UTY	69.0	KDM6A/KDM6B/UTY	69.0/69.0/69.0
Bxyl_CAG9128749.1	JmjC.HG4.5:KDM6A/KDM6B/UTY	69.0	KDM6A/KDM6B/UTY	69.0/69.0/69.0
Asuu_AgB14_g128_t08	JmjC.HG4.5:KDM6A/KDM6B/UTY	69.0	KDM6A/KDM6B/UTY	69.0/69.0/69.0
Bxyl_CAG9109466.1	JmjC.HG4.5:KDM6A/KDM6B/UTY	69.0	KDM6A/KDM6B/UTY	69.0/69.0/69.0
Angcan_KAE9415141.1	JmjC.HG4.5:KDM6A/KDM6B/UTY	69.0	KDM6A/KDM6B/UTY	69.0/69.0/69.0
Otip_Oti_15919_t	JmjC.HG4.5:KDM6A/KDM6B/UTY	69.0	KDM6A/KDM6B/UTY	69.0/69.0/69.0
Priarc_PARCANUS000004391.t1	JmjC.HG4.5:KDM6A/KDM6B/UTY	69.0	KDM6A/KDM6B/UTY	69.0/69.0/69.0
Acey_EYC10937.1	JmjC.HG4.5:KDM6A/KDM6B/UTY	69.0	KDM6A/KDM6B/UTY	69.0/69.0/69.0
Ever_VDD91235.1	JmjC.HG4.5:KDM6A/KDM6B/UTY	69.0	KDM6A/KDM6B/UTY	69.0/69.0/69.0
Dimm_MCP9256960.1	JmjC.HG4.5:KDM6A/KDM6B/UTY	69.0	KDM6A/KDM6B/UTY	69.0/69.0/69.0
Eela_EEL_0000828701-mRNA-1	JmjC.HG4.5:KDM6A/KDM6B/UTY	69.0	KDM6A/KDM6B/UTY	69.0/69.0/69.0
Tnat_KRZ50227.1	JmjC.HG4.5:KDM6A/KDM6B/UTY	69.0	KDM6A/KDM6B/UTY	76.0/76.0/76.0
Lana_XP_013421537.1	JmjC.HG4.5:KDM6A/KDM6B/UTY	69.0	KDM6A/KDM6B/UTY	91.0/91.0/91.0
Btab_XP_018916909.1	JmjC.HG4.5:KDM6A/KDM6B/UTY	69.0	KDM6A/KDM6B/UTY	89.0/89.0/89.0
Dmel_NP_609368.3	JmjC.HG4.5:KDM6A/KDM6B/UTY	69.0	KDM6A/KDM6B/UTY	89.0/89.0/89.0
Hsap_NP_001387099.1	JmjC.HG4.5:KDM6A/KDM6B/UTY	69.0	KDM6A/UTY	100.0/100.0
Lpol_XP_022258202.1	JmjC.HG4.5:KDM6A/KDM6B/UTY	69.0	KDM6A/KDM6B/UTY	89.0/89.0/89.0
Sbat_VDO80899.1	JmjC.HG4.5:KDM6A/KDM6B/UTY	69.0	KDM6A/KDM6B/UTY	76.0/76.0/76.0
Sman_XP_018648214.1	JmjC.HG4.5:KDM6A/KDM6B/UTY	69.0	KDM6A/KDM6B/UTY	78.0/78.0/78.0
Tspi_XP_003379673.1	JmjC.HG4.5:KDM6A/KDM6B/UTY	69.0	KDM6A/KDM6B/UTY	76.0/76.0/76.0
Tsui_KHJ41379.1	JmjC.HG4.5:KDM6A/KDM6B/UTY	69.0	KDM6A/KDM6B/UTY	76.0/76.0/76.0
Bmor_XP_004932357.2	JmjC.HG4.5:KDM6A/KDM6B/UTY	69.0	KDM6A/KDM6B/UTY	89.0/89.0/89.0
Hsap_NP_001073893.1	JmjC.HG4.5:KDM6A/KDM6B/UTY	69.0	KDM6B	100.0
Agrpla_XP_018332990.1	JmjC.HG4.5:KDM6A/KDM6B/UTY	69.0	KDM6A/KDM6B/UTY	89.0/89.0/89.0
Cscu_XP_023229643.1	JmjC.HG4.5:KDM6A/KDM6B/UTY	69.0	KDM6A/KDM6B/UTY	89.0/89.0/89.0
Dpul_XP_046441442.1	JmjC.HG4.5:KDM6A/KDM6B/UTY	69.0	KDM6A/KDM6B/UTY	89.0/89.0/89.0
Ofus_CAH1781540.1	JmjC.HG4.5:KDM6A/KDM6B/UTY	69.0	KDM6A/KDM6B/UTY	91.0/91.0/91.0
Rvar_GAU89814.1	JmjC.HG4.5:KDM6A/KDM6B/UTY	69.0	KDM6A/KDM6B/UTY	79.0/79.0/79.0
Tnel_KRX22007.1	JmjC.HG4.5:KDM6A/KDM6B/UTY	69.0	KDM6A/KDM6B/UTY	76.0/76.0/76.0
Rvar_GAV03970.1	JmjC.HG4.5:KDM6A/KDM6B/UTY	69.0	KDM6A/KDM6B/UTY	79.0/79.0/79.0
Lana_XP_013404840.1	JmjC.HG4.5:KDM6A/KDM6B/UTY	69.0	KDM6A/KDM6B/UTY	91.0/91.0/91.0
Lpol_XP_022242161.1	JmjC.HG4.5:KDM6A/KDM6B/UTY	69.0	KDM6A/KDM6B/UTY	89.0/89.0/89.0
Tbri_KRY51786.1	JmjC.HG4.5:KDM6A/KDM6B/UTY	69.0	KDM6A/KDM6B/UTY	76.0/76.0/76.0
Echgra_XP_024352175.1	JmjC.HG4.5:KDM6A/KDM6B/UTY	69.0	KDM6A/KDM6B/UTY	78.0/78.0/78.0
Obim_XP_052824051.1	JmjC.HG4.5:KDM6A/KDM6B/UTY	69.0	KDM6A/KDM6B/UTY	91.0/91.0/91.0
Hduj_OQV25308.1	JmjC.HG4.5:KDM6A/KDM6B/UTY	69.0	KDM6A/KDM6B/UTY	79.0/79.0/79.0
Rcul_nRc.2.0.1.t45704-RA	JmjC.HG4.5:KDM6A/KDM6B/UTY	69.0	KDM6A/KDM6B/UTY	76.0/76.0/76.0
Hsap_NP_001406738.1	JmjC.HG4.5:KDM6A/KDM6B/UTY	69.0	KDM6A/UTY	4.0/100.0
Smed_h1SMcT0017959.2	JmjC.HG4.5:KDM6A/KDM6B/UTY	69.0	KDM6A/KDM6B/UTY	78.0/78.0/78.0
Pvan_XP_069980254.1	JmjC.HG4.5:KDM6A/KDM6B/UTY	69.0	KDM6A/KDM6B/UTY	89.0/89.0/89.0
Aplcal_XP_035825836.1	JmjC.HG4.5:KDM6A/KDM6B/UTY	69.0	KDM6A/KDM6B/UTY	91.0/91.0/91.0
Avag_UJR27393.1	JmjC.HG4.5:KDM6A/KDM6B/UTY	69.0	KDM6A/KDM6B/UTY	53.0/53.0/53.0
Trimur_TMUE_3000013673	JmjC.HG4.5:KDM6A/KDM6B/UTY	69.0	KDM6A/KDM6B/UTY	76.0/76.0/76.0
Cvir_XP_022287881.1	JmjC.HG4.5:KDM6A/KDM6B/UTY	69.0	KDM6A/KDM6B/UTY	91.0/91.0/91.0
Apimel_XP_396315.6	JmjC.HG4.5:KDM6A/KDM6B/UTY	69.0	KDM6A/KDM6B/UTY	89.0/89.0/89.0
Avag_UJR21520.1	JmjC.HG4.5:KDM6A/KDM6B/UTY	69.0	KDM6A/KDM6B/UTY	53.0/53.0/53.0
Hrob_XP_009017064.1	JmjC.HG4.5:KDM6A/KDM6B/UTY	69.0	NA	NA
Ttri_CDW58958.1	JmjC.HG4.5:KDM6A/KDM6B/UTY	69.0	KDM6A/KDM6B/UTY	76.0/76.0/76.0
Hduj_OWA54289.1	JmjC.HG4.6:like:KDM6A/KDM6B/UTY	1.0	NA	NA
Scar_TMS37353.1	JmjC.HG5.0:KDM5A/KDM5B/KDM5C/KDM5D	1.0	KDM5A/KDM5B/KDM5C/KDM5D	1.0/1.0/1.0/1.0
Ddip_jg3102.2	JmjC.HG5.0:KDM5A/KDM5B/KDM5C/KDM5D	1.0	KDM5A/KDM5B/KDM5C/KDM5D	1.0/1.0/1.0/1.0
Angcan_KAE9415485.1	JmjC.HG5.0:KDM5A/KDM5B/KDM5C/KDM5D	1.0	KDM5A/KDM5B/KDM5C/KDM5D	1.0/1.0/1.0/1.0
Dimm_MCP9265616.1	JmjC.HG5.0:KDM5A/KDM5B/KDM5C/KDM5D	1.0	KDM5A/KDM5B/KDM5C/KDM5D	1.0/1.0/1.0/1.0
Priarc_PARCANUS000005596.t1	JmjC.HG5.0:KDM5A/KDM5B/KDM5C/KDM5D	1.0	KDM5A/KDM5B/KDM5C/KDM5D	1.0/1.0/1.0/1.0
Lsig_VDK76679.1	JmjC.HG5.0:KDM5A/KDM5B/KDM5C/KDM5D	1.0	KDM5A/KDM5B/KDM5C/KDM5D	1.0/1.0/1.0/1.0
Acey_EYC40871.1	JmjC.HG5.0:KDM5A/KDM5B/KDM5C/KDM5D	1.0	KDM5A/KDM5B/KDM5C/KDM5D	1.0/1.0/1.0/1.0
Sypmur_SMUV_0000518001-mRNA-1	JmjC.HG5.0:KDM5A/KDM5B/KDM5C/KDM5D	1.0	KDM5A/KDM5B/KDM5C/KDM5D	1.0/1.0/1.0/1.0
Eela_EEL_0000981001-mRNA-1	JmjC.HG5.0:KDM5A/KDM5B/KDM5C/KDM5D	1.0	KDM5A/KDM5B/KDM5C/KDM5D	1.0/1.0/1.0/1.0
Mbel_CAJ0932695.1	JmjC.HG5.0:KDM5A/KDM5B/KDM5C/KDM5D	1.0	KDM5A/KDM5B/KDM5C/KDM5D	1.0/1.0/1.0/1.0
Lloa_XP_020303733.1	JmjC.HG5.0:KDM5A/KDM5B/KDM5C/KDM5D	1.0	KDM5A/KDM5B/KDM5C/KDM5D	1.0/1.0/1.0/1.0
Mhap_MhA1_Contig256.frz3.gene11	JmjC.HG5.0:KDM5A/KDM5B/KDM5C/KDM5D	1.0	KDM5A/KDM5B/KDM5C/KDM5D	1.0/1.0/1.0/1.0
Wban_VDM08715.1	JmjC.HG5.0:KDM5A/KDM5B/KDM5C/KDM5D	1.0	KDM5A/KDM5B/KDM5C/KDM5D	1.0/1.0/1.0/1.0
Srat_XP_024503121.1	JmjC.HG5.0:KDM5A/KDM5B/KDM5C/KDM5D	1.0	KDM5A/KDM5B/KDM5C/KDM5D	1.0/1.0/1.0/1.0
Avit_KAL3982906.1	JmjC.HG5.0:KDM5A/KDM5B/KDM5C/KDM5D	1.0	KDM5A/KDM5B/KDM5C/KDM5D	1.0/1.0/1.0/1.0
Asuu_AgR010_g263_t04	JmjC.HG5.0:KDM5A/KDM5B/KDM5C/KDM5D	1.0	KDM5A/KDM5B/KDM5C/KDM5D	1.0/1.0/1.0/1.0
Diplco_DCO_002717	JmjC.HG5.0:KDM5A/KDM5B/KDM5C/KDM5D	1.0	KDM5A/KDM5B/KDM5C/KDM5D	1.0/1.0/1.0/1.0
Bmal_XP_042930238.1	JmjC.HG5.0:KDM5A/KDM5B/KDM5C/KDM5D	1.0	KDM5A/KDM5B/KDM5C/KDM5D	1.0/1.0/1.0/1.0
Psp.PS1159_PS1159_v2.g736.t1	JmjC.HG5.0:KDM5A/KDM5B/KDM5C/KDM5D	1.0	KDM5A/KDM5B/KDM5C/KDM5D	1.0/1.0/1.0/1.0
Gpal_Gpal_D383_g06043.t1	JmjC.HG5.0:KDM5A/KDM5B/KDM5C/KDM5D	1.0	KDM5A/KDM5B/KDM5C/KDM5D	1.0/1.0/1.0/1.0
Mjap_MIJAPON000012250.t1	JmjC.HG5.0:KDM5A/KDM5B/KDM5C/KDM5D	1.0	KDM5A/KDM5B/KDM5C/KDM5D	1.0/1.0/1.0/1.0
Cele_NP_502032.2	JmjC.HG5.0:KDM5A/KDM5B/KDM5C/KDM5D	1.0	KDM5A/KDM5B/KDM5C/KDM5D	1.0/1.0/1.0/1.0
Priarc_PARCANUS000013666.t1	JmjC.HG5.0:KDM5A/KDM5B/KDM5C/KDM5D	1.0	KDM5A/KDM5B/KDM5C/KDM5D	1.0/1.0/1.0/1.0
Hcon_XGW29091.1	JmjC.HG5.0:KDM5A/KDM5B/KDM5C/KDM5D	1.0	KDM5A/KDM5B/KDM5C/KDM5D	1.0/1.0/1.0/1.0
Priarc_PARCANUS000020140.t1	JmjC.HG5.0:KDM5A/KDM5B/KDM5C/KDM5D	1.0	KDM5A/KDM5B/KDM5C/KDM5D	1.0/1.0/1.0/1.0
Scar_TKR89430.1	JmjC.HG5.0:KDM5A/KDM5B/KDM5C/KDM5D	1.0	KDM5A/KDM5B/KDM5C/KDM5D	1.0/1.0/1.0/1.0
Otip_Oti_10668_t	JmjC.HG5.0:KDM5A/KDM5B/KDM5C/KDM5D	1.0	KDM5A/KDM5B/KDM5C/KDM5D	1.0/1.0/1.0/1.0
Bxyl_CAG9113070.1	JmjC.HG5.0:KDM5A/KDM5B/KDM5C/KDM5D	1.0	KDM5A/KDM5B/KDM5C/KDM5D	1.0/1.0/1.0/1.0
Diplco_DCO_002718	JmjC.HG5.0:KDM5A/KDM5B/KDM5C/KDM5D	1.0	KDM5A/KDM5B/KDM5C/KDM5D	1.0/1.0/1.0/1.0
Ovol_OVOC4221	JmjC.HG5.0:KDM5A/KDM5B/KDM5C/KDM5D	1.0	KDM5A/KDM5B/KDM5C/KDM5D	1.0/1.0/1.0/1.0
Ever_VDD84943.1	JmjC.HG5.0:KDM5A/KDM5B/KDM5C/KDM5D	1.0	KDM5A/KDM5B/KDM5C/KDM5D	1.0/1.0/1.0/1.0
Psp.PS1159_PS1159_v2.g4348.t1	JmjC.HG5.0:KDM5A/KDM5B/KDM5C/KDM5D	1.0	KDM5A/KDM5B/KDM5C/KDM5D	1.0/1.0/1.0/1.0
Tsui_KHJ43634.1	JmjC.HG5.0:KDM5A/KDM5B/KDM5C/KDM5D	1.0	KDM5A/KDM5B/KDM5C/KDM5D	99.0/99.0/99.0/99.0
Smed_h1SMcT0019561.1	JmjC.HG5.0:KDM5A/KDM5B/KDM5C/KDM5D	1.0	KDM5A/KDM5B/KDM5C/KDM5D	77.0/77.0/77.0/77.0
Echgra_XP_024353342.1	JmjC.HG5.0:KDM5A/KDM5B/KDM5C/KDM5D	1.0	KDM5A/KDM5B/KDM5C/KDM5D	77.0/77.0/77.0/77.0
Smed_h1SMcT0011597.1	JmjC.HG5.0:KDM5A/KDM5B/KDM5C/KDM5D	1.0	KDM5A/KDM5B/KDM5C/KDM5D	77.0/77.0/77.0/77.0
Ttri_CDW52309.1	JmjC.HG5.0:KDM5A/KDM5B/KDM5C/KDM5D	1.0	KDM5A/KDM5B/KDM5C/KDM5D	99.0/99.0/99.0/99.0
Sman_XP_018651207.1	JmjC.HG5.0:KDM5A/KDM5B/KDM5C/KDM5D	1.0	KDM5A/KDM5B/KDM5C/KDM5D	77.0/77.0/77.0/77.0
Pvan_XP_027231079.1	JmjC.HG5.0:KDM5A/KDM5B/KDM5C/KDM5D	1.0	KDM5A/KDM5B/KDM5C/KDM5D	99.0/99.0/99.0/99.0
Rcul_nRc.2.0.1.t43528-RA	JmjC.HG5.0:KDM5A/KDM5B/KDM5C/KDM5D	1.0	KDM5A/KDM5B/KDM5C/KDM5D	61.0/61.0/61.0/61.0
Tnel_KRX15452.1	JmjC.HG5.0:KDM5A/KDM5B/KDM5C/KDM5D	1.0	KDM5A/KDM5B/KDM5C/KDM5D	99.0/99.0/99.0/99.0
Lpol_XP_022245522.1	JmjC.HG5.0:KDM5A/KDM5B/KDM5C/KDM5D	1.0	KDM5A/KDM5B/KDM5C/KDM5D	99.0/99.0/99.0/99.0
Hsap_NP_001140177.1	JmjC.HG5.0:KDM5A/KDM5B/KDM5C/KDM5D	1.0	KDM5C/KDM5D	100.0/25.0
Cvir_XP_022330436.1	JmjC.HG5.0:KDM5A/KDM5B/KDM5C/KDM5D	1.0	KDM5A/KDM5B/KDM5C/KDM5D	99.0/99.0/99.0/99.0
Apimel_XP_003250774.1	JmjC.HG5.0:KDM5A/KDM5B/KDM5C/KDM5D	1.0	KDM5A/KDM5B/KDM5C/KDM5D	99.0/99.0/99.0/99.0
Smar_SMAR004279-PA	JmjC.HG5.0:KDM5A/KDM5B/KDM5C/KDM5D	1.0	KDM5A/KDM5B/KDM5C/KDM5D	99.0/99.0/99.0/99.0
Tspi_XP_003380411.1	JmjC.HG5.0:KDM5A/KDM5B/KDM5C/KDM5D	1.0	KDM5A/KDM5B/KDM5C/KDM5D	99.0/99.0/99.0/99.0
Lpol_XP_013787088.1	JmjC.HG5.0:KDM5A/KDM5B/KDM5C/KDM5D	1.0	KDM5A/KDM5B/KDM5C/KDM5D	99.0/99.0/99.0/99.0
Ttri_CDW54726.1	JmjC.HG5.0:KDM5A/KDM5B/KDM5C/KDM5D	1.0	KDM5A/KDM5B/KDM5C/KDM5D	99.0/99.0/99.0/99.0
Agrpla_XP_025835613.1	JmjC.HG5.0:KDM5A/KDM5B/KDM5C/KDM5D	1.0	KDM5A/KDM5B/KDM5C/KDM5D	99.0/99.0/99.0/99.0
Sbat_VDP03392.1	JmjC.HG5.0:KDM5A/KDM5B/KDM5C/KDM5D	1.0	KDM5A/KDM5B/KDM5C/KDM5D	99.0/99.0/99.0/99.0
Hsap_NP_001300971.1	JmjC.HG5.0:KDM5A/KDM5B/KDM5C/KDM5D	1.0	KDM5B	79.0
Bmor_NP_001191408.1	JmjC.HG5.0:KDM5A/KDM5B/KDM5C/KDM5D	1.0	KDM5A/KDM5B/KDM5C/KDM5D	99.0/99.0/99.0/99.0
Hrob_XP_009015763.1	JmjC.HG5.0:KDM5A/KDM5B/KDM5C/KDM5D	1.0	NA	NA
Sman_XP_018644891.1	JmjC.HG5.0:KDM5A/KDM5B/KDM5C/KDM5D	1.0	KDM5A/KDM5B/KDM5C/KDM5D	77.0/77.0/77.0/77.0
Hduj_OQV23826.1	JmjC.HG5.0:KDM5A/KDM5B/KDM5C/KDM5D	1.0	KDM5A/KDM5B/KDM5C/KDM5D	74.0/74.0/74.0/74.0
Avag_UJR26447.1	JmjC.HG5.0:KDM5A/KDM5B/KDM5C/KDM5D	1.0	KDM5A/KDM5B/KDM5C/KDM5D	88.0/88.0/88.0/88.0
Rvar_GAU93158.1	JmjC.HG5.0:KDM5A/KDM5B/KDM5C/KDM5D	1.0	KDM5A/KDM5B/KDM5C/KDM5D	74.0/74.0/74.0/74.0
Lana_XP_013414674.1	JmjC.HG5.0:KDM5A/KDM5B/KDM5C/KDM5D	1.0	KDM5A/KDM5B/KDM5C/KDM5D	99.0/99.0/99.0/99.0
Hrob_XP_009029933.1	JmjC.HG5.0:KDM5A/KDM5B/KDM5C/KDM5D	1.0	KDM5A/KDM5B/KDM5C/KDM5D	79.0/79.0/79.0/79.0
Cscu_XP_023233588.1	JmjC.HG5.0:KDM5A/KDM5B/KDM5C/KDM5D	1.0	KDM5A/KDM5B/KDM5C/KDM5D	99.0/99.0/99.0/99.0
Dmel_NP_001285649.1	JmjC.HG5.0:KDM5A/KDM5B/KDM5C/KDM5D	1.0	KDM5A/KDM5B/KDM5C/KDM5D	99.0/99.0/99.0/99.0
Trimur_TMUE_3000014438	JmjC.HG5.0:KDM5A/KDM5B/KDM5C/KDM5D	1.0	KDM5A/KDM5B/KDM5C/KDM5D	99.0/99.0/99.0/99.0
Bmor_XP_012553221.2	JmjC.HG5.0:KDM5A/KDM5B/KDM5C/KDM5D	1.0	KDM5A/KDM5B/KDM5C/KDM5D	99.0/99.0/99.0/99.0
Lpol_XP_022238310.1	JmjC.HG5.0:KDM5A/KDM5B/KDM5C/KDM5D	1.0	KDM5A/KDM5B/KDM5C/KDM5D	99.0/99.0/99.0/99.0
Hrob_XP_009014129.1	JmjC.HG5.0:KDM5A/KDM5B/KDM5C/KDM5D	1.0	KDM5A/KDM5B/KDM5C/KDM5D	79.0/79.0/79.0/79.0
Obim_XP_052834236.1	JmjC.HG5.0:KDM5A/KDM5B/KDM5C/KDM5D	1.0	KDM5A/KDM5B/KDM5C/KDM5D	99.0/99.0/99.0/99.0
Trimur_TMUE_3000012252	JmjC.HG5.0:KDM5A/KDM5B/KDM5C/KDM5D	1.0	KDM5A/KDM5B/KDM5C/KDM5D	99.0/99.0/99.0/99.0
Hrob_XP_009028799.1	JmjC.HG5.0:KDM5A/KDM5B/KDM5C/KDM5D	1.0	KDM5A/KDM5B/KDM5C/KDM5D	79.0/79.0/79.0/79.0
Btab_XP_018903595.1	JmjC.HG5.0:KDM5A/KDM5B/KDM5C/KDM5D	1.0	NA	NA
Tnat_KRZ58734.1	JmjC.HG5.0:KDM5A/KDM5B/KDM5C/KDM5D	1.0	KDM5A/KDM5B/KDM5C/KDM5D	99.0/99.0/99.0/99.0
Hsap_NP_004178.2	JmjC.HG5.0:KDM5A/KDM5B/KDM5C/KDM5D	1.0	KDM5C/KDM5D	100.0/100.0
Tsui_KHJ40148.1	JmjC.HG5.0:KDM5A/KDM5B/KDM5C/KDM5D	1.0	KDM5A/KDM5B/KDM5C/KDM5D	99.0/99.0/99.0/99.0
Dpul_XP_046456516.1	JmjC.HG5.0:KDM5A/KDM5B/KDM5C/KDM5D	1.0	KDM5A/KDM5B/KDM5C/KDM5D	99.0/99.0/99.0/99.0
Aplcal_XP_012946957.1	JmjC.HG5.0:KDM5A/KDM5B/KDM5C/KDM5D	1.0	KDM5A/KDM5B/KDM5C/KDM5D	99.0/99.0/99.0/99.0
Hsap_NP_001036068.1	JmjC.HG5.0:KDM5A/KDM5B/KDM5C/KDM5D	1.0	KDM5A	100.0
Echgra_XP_024351088.1	JmjC.HG5.0:KDM5A/KDM5B/KDM5C/KDM5D	1.0	KDM5A/KDM5B/KDM5C/KDM5D	77.0/77.0/77.0/77.0
Tbri_KRY55870.1	JmjC.HG5.0:KDM5A/KDM5B/KDM5C/KDM5D	1.0	KDM5A/KDM5B/KDM5C/KDM5D	99.0/99.0/99.0/99.0
Hduj_OQV24772.1	JmjC.HG6.0:like:KDM4A/KDM4B/KDM4C/KDM4D/KDM4E/KDM4F	26.0	NA	NA
Avag_UJR32194.1	JmjC.HG6.0:like:KDM4A/KDM4B/KDM4C/KDM4D/KDM4E/KDM4F	26.0	NA	NA
Rvar_GAU91015.1	JmjC.HG6.0:like:KDM4A/KDM4B/KDM4C/KDM4D/KDM4E/KDM4F	26.0	NA	NA
Rvar_GAV03793.1	JmjC.HG6.0:like:KDM4A/KDM4B/KDM4C/KDM4D/KDM4E/KDM4F	26.0	NA	NA
Hduj_OQV12016.1	JmjC.HG6.0:like:KDM4A/KDM4B/KDM4C/KDM4D/KDM4E/KDM4F	26.0	NA	NA
Rvar_GAU91016.1	JmjC.HG6.0:like:KDM4A/KDM4B/KDM4C/KDM4D/KDM4E/KDM4F	26.0	NA	NA
Avag_UJR12825.1	JmjC.HG6.0:like:KDM4A/KDM4B/KDM4C/KDM4D/KDM4E/KDM4F	26.0	NA	NA
Avag_UJR13492.1	JmjC.HG6.0:like:KDM4A/KDM4B/KDM4C/KDM4D/KDM4E/KDM4F	26.0	NA	NA
Avag_UJR13408.1	JmjC.HG6.0:like:KDM4A/KDM4B/KDM4C/KDM4D/KDM4E/KDM4F	26.0	NA	NA
Avag_UJR35292.1	JmjC.HG6.0:like:KDM4A/KDM4B/KDM4C/KDM4D/KDM4E/KDM4F	26.0	NA	NA
Avag_UJR18773.1	JmjC.HG6.0:like:KDM4A/KDM4B/KDM4C/KDM4D/KDM4E/KDM4F	26.0	NA	NA
Avag_UJR10273.1	JmjC.HG6.0:like:KDM4A/KDM4B/KDM4C/KDM4D/KDM4E/KDM4F	26.0	NA	NA
Avag_UJR37616.1	JmjC.HG6.0:like:KDM4A/KDM4B/KDM4C/KDM4D/KDM4E/KDM4F	26.0	NA	NA
Dpul_XP_046438861.1	JmjC.HG6.1:like:KDM4A/KDM4B/KDM4C/KDM4D/KDM4E/KDM4F	51.0	NA	NA
Psp.PS1159_PS1159_v2.g7770.t1	JmjC.HG6.1:like:KDM4A/KDM4B/KDM4C/KDM4D/KDM4E/KDM4F	51.0	NA	NA
Psp.PS1159_PS1159_v2.g966.t1	JmjC.HG6.1:like:KDM4A/KDM4B/KDM4C/KDM4D/KDM4E/KDM4F	51.0	NA	NA
Gpal_Gpal_D383_g15227.t1	JmjC.HG6.2:like:KDM4A/KDM4B/KDM4C/KDM4D/KDM4E/KDM4F	70.0	NA	NA
Rvar_GAV03783.1	JmjC.HG6.2:like:KDM4A/KDM4B/KDM4C/KDM4D/KDM4E/KDM4F	70.0	NA	NA
Hduj_OQV21745.1	JmjC.HG6.2:like:KDM4A/KDM4B/KDM4C/KDM4D/KDM4E/KDM4F	70.0	NA	NA
Scar_TMS34876.1	JmjC.HG6.3:KDM4A/KDM4B/KDM4C/KDM4D/KDM4E/KDM4F	63.0	KDM4A/KDM4B/KDM4C/KDM4D/KDM4E/KDM4F	51.0/51.0/51.0/51.0/51.0/51.0
Mbel_CAJ0932171.1	JmjC.HG6.3:KDM4A/KDM4B/KDM4C/KDM4D/KDM4E/KDM4F	63.0	KDM4A/KDM4B/KDM4C/KDM4D/KDM4E/KDM4F	51.0/51.0/51.0/51.0/51.0/51.0
Hsap_NP_060509.2	JmjC.HG6.3:KDM4A/KDM4B/KDM4C/KDM4D/KDM4E/KDM4F	63.0	KDM4D/KDM4E/KDM4F	100.0/100.0/100.0
Lpol_XP_022255439.1	JmjC.HG6.3:KDM4A/KDM4B/KDM4C/KDM4D/KDM4E/KDM4F	63.0	KDM4A/KDM4B/KDM4C/KDM4D/KDM4E/KDM4F	75.0/75.0/75.0/75.0/75.0/75.0
Smar_SMAR004454-PA	JmjC.HG6.3:KDM4A/KDM4B/KDM4C/KDM4D/KDM4E/KDM4F	63.0	KDM4A/KDM4B/KDM4C/KDM4D/KDM4E/KDM4F	75.0/75.0/75.0/75.0/75.0/75.0
Hrob_XP_009029034.1	JmjC.HG6.3:KDM4A/KDM4B/KDM4C/KDM4D/KDM4E/KDM4F	63.0	KDM4A/KDM4B/KDM4C/KDM4D/KDM4E/KDM4F	78.0/78.0/78.0/78.0/78.0/78.0
Hrob_XP_009018328.1	JmjC.HG6.3:KDM4A/KDM4B/KDM4C/KDM4D/KDM4E/KDM4F	63.0	KDM4A/KDM4B/KDM4C/KDM4D/KDM4E/KDM4F	78.0/78.0/78.0/78.0/78.0/78.0
Tspi_XP_003373668.1	JmjC.HG6.3:KDM4A/KDM4B/KDM4C/KDM4D/KDM4E/KDM4F	63.0	KDM4A/KDM4B/KDM4C/KDM4D/KDM4E/KDM4F	51.0/51.0/51.0/51.0/51.0/51.0
Bxyl_CAG9094855.1	JmjC.HG6.3:KDM4A/KDM4B/KDM4C/KDM4D/KDM4E/KDM4F	63.0	KDM4A/KDM4B/KDM4C/KDM4D/KDM4E/KDM4F	51.0/51.0/51.0/51.0/51.0/51.0
Hrob_XP_009016237.1	JmjC.HG6.3:KDM4A/KDM4B/KDM4C/KDM4D/KDM4E/KDM4F	63.0	NA	NA
Diplco_DCO_003819	JmjC.HG6.3:KDM4A/KDM4B/KDM4C/KDM4D/KDM4E/KDM4F	63.0	KDM4A/KDM4B/KDM4C/KDM4D/KDM4E/KDM4F	51.0/51.0/51.0/51.0/51.0/51.0
Echgra_XP_024353904.1	JmjC.HG6.3:KDM4A/KDM4B/KDM4C/KDM4D/KDM4E/KDM4F	63.0	KDM4A/KDM4B/KDM4C/KDM4D/KDM4E/KDM4F	55.0/55.0/55.0/55.0/55.0/55.0
Mjap_MIJAPON000009122.t1	JmjC.HG6.3:KDM4A/KDM4B/KDM4C/KDM4D/KDM4E/KDM4F	63.0	KDM4A/KDM4B/KDM4C/KDM4D/KDM4E/KDM4F	51.0/51.0/51.0/51.0/51.0/51.0
Mhap_MhA1_Contig684.frz3.gene26	JmjC.HG6.3:KDM4A/KDM4B/KDM4C/KDM4D/KDM4E/KDM4F	63.0	KDM4A/KDM4B/KDM4C/KDM4D/KDM4E/KDM4F	51.0/51.0/51.0/51.0/51.0/51.0
Sbat_VDO96914.1	JmjC.HG6.3:KDM4A/KDM4B/KDM4C/KDM4D/KDM4E/KDM4F	63.0	KDM4A/KDM4B/KDM4C/KDM4D/KDM4E/KDM4F	51.0/51.0/51.0/51.0/51.0/51.0
Btab_XP_018898025.1	JmjC.HG6.3:KDM4A/KDM4B/KDM4C/KDM4D/KDM4E/KDM4F	63.0	KDM4A/KDM4B/KDM4C/KDM4D/KDM4E/KDM4F	75.0/75.0/75.0/75.0/75.0/75.0
Hsap_NP_001400684.1	JmjC.HG6.3:KDM4A/KDM4B/KDM4C/KDM4D/KDM4E/KDM4F	63.0	KDM4D/KDM4E/KDM4F	100.0/100.0/100.0
Psp.PS1159_PS1159_v2.g19199.t1	JmjC.HG6.3:KDM4A/KDM4B/KDM4C/KDM4D/KDM4E/KDM4F	63.0	KDM4A/KDM4B/KDM4C/KDM4D/KDM4E/KDM4F	51.0/51.0/51.0/51.0/51.0/51.0
Hcon_XGW08052.1	JmjC.HG6.3:KDM4A/KDM4B/KDM4C/KDM4D/KDM4E/KDM4F	63.0	KDM4A/KDM4B/KDM4C/KDM4D/KDM4E/KDM4F	51.0/51.0/51.0/51.0/51.0/51.0
Asuu_AgR009X_g348_t02	JmjC.HG6.3:KDM4A/KDM4B/KDM4C/KDM4D/KDM4E/KDM4F	63.0	KDM4A/KDM4B/KDM4C/KDM4D/KDM4E/KDM4F	51.0/51.0/51.0/51.0/51.0/51.0
Dmel_NP_610331.1	JmjC.HG6.3:KDM4A/KDM4B/KDM4C/KDM4D/KDM4E/KDM4F	63.0	KDM4A/KDM4B/KDM4C/KDM4D/KDM4E/KDM4F	75.0/75.0/75.0/75.0/75.0/75.0
Bmal_XP_042934909.1	JmjC.HG6.3:KDM4A/KDM4B/KDM4C/KDM4D/KDM4E/KDM4F	63.0	KDM4A/KDM4B/KDM4C/KDM4D/KDM4E/KDM4F	51.0/51.0/51.0/51.0/51.0/51.0
Tnel_KRX22377.1	JmjC.HG6.3:KDM4A/KDM4B/KDM4C/KDM4D/KDM4E/KDM4F	63.0	KDM4A/KDM4B/KDM4C/KDM4D/KDM4E/KDM4F	51.0/51.0/51.0/51.0/51.0/51.0
Ttri_CDW55602.1	JmjC.HG6.3:KDM4A/KDM4B/KDM4C/KDM4D/KDM4E/KDM4F	63.0	KDM4A/KDM4B/KDM4C/KDM4D/KDM4E/KDM4F	51.0/51.0/51.0/51.0/51.0/51.0
Apimel_XP_016771723.2	JmjC.HG6.3:KDM4A/KDM4B/KDM4C/KDM4D/KDM4E/KDM4F	63.0	KDM4A/KDM4B/KDM4C/KDM4D/KDM4E/KDM4F	75.0/75.0/75.0/75.0/75.0/75.0
Smed_h1SMcT0017276.2	JmjC.HG6.3:KDM4A/KDM4B/KDM4C/KDM4D/KDM4E/KDM4F	63.0	KDM4A/KDM4B/KDM4C/KDM4D/KDM4E/KDM4F	55.0/55.0/55.0/55.0/55.0/55.0
Avag_UJR14913.1	JmjC.HG6.3:KDM4A/KDM4B/KDM4C/KDM4D/KDM4E/KDM4F	63.0	NA	NA
Aplcal_XP_005110552.1	JmjC.HG6.3:KDM4A/KDM4B/KDM4C/KDM4D/KDM4E/KDM4F	63.0	KDM4A/KDM4B/KDM4C/KDM4D/KDM4E/KDM4F	75.0/75.0/75.0/75.0/75.0/75.0
Avit_KAL3994551.1	JmjC.HG6.3:KDM4A/KDM4B/KDM4C/KDM4D/KDM4E/KDM4F	63.0	KDM4A/KDM4B/KDM4C/KDM4D/KDM4E/KDM4F	51.0/51.0/51.0/51.0/51.0/51.0
Priarc_PARCANUS000010747.t1	JmjC.HG6.3:KDM4A/KDM4B/KDM4C/KDM4D/KDM4E/KDM4F	63.0	KDM4A/KDM4B/KDM4C/KDM4D/KDM4E/KDM4F	51.0/51.0/51.0/51.0/51.0/51.0
Avag_UJR31768.1	JmjC.HG6.3:KDM4A/KDM4B/KDM4C/KDM4D/KDM4E/KDM4F	63.0	NA	NA
Hpol_VDO93762.1	JmjC.HG6.3:KDM4A/KDM4B/KDM4C/KDM4D/KDM4E/KDM4F	63.0	KDM4A/KDM4B/KDM4C/KDM4D/KDM4E/KDM4F	51.0/51.0/51.0/51.0/51.0/51.0
Dpul_XP_046439483.1	JmjC.HG6.3:KDM4A/KDM4B/KDM4C/KDM4D/KDM4E/KDM4F	63.0	KDM4A/KDM4B/KDM4C/KDM4D/KDM4E/KDM4F	75.0/75.0/75.0/75.0/75.0/75.0
Gpal_Gpal_D383_g00938.t1	JmjC.HG6.3:KDM4A/KDM4B/KDM4C/KDM4D/KDM4E/KDM4F	63.0	KDM4A/KDM4B/KDM4C/KDM4D/KDM4E/KDM4F	51.0/51.0/51.0/51.0/51.0/51.0
Cele_NP_496969.2	JmjC.HG6.3:KDM4A/KDM4B/KDM4C/KDM4D/KDM4E/KDM4F	63.0	KDM4A/KDM4B/KDM4C/KDM4D/KDM4E/KDM4F	51.0/51.0/51.0/51.0/51.0/51.0
Cscu_XP_023230232.1	JmjC.HG6.3:KDM4A/KDM4B/KDM4C/KDM4D/KDM4E/KDM4F	63.0	KDM4A/KDM4B/KDM4C/KDM4D/KDM4E/KDM4F	75.0/75.0/75.0/75.0/75.0/75.0
Acey_EYC12279.1	JmjC.HG6.3:KDM4A/KDM4B/KDM4C/KDM4D/KDM4E/KDM4F	63.0	KDM4A/KDM4B/KDM4C/KDM4D/KDM4E/KDM4F	51.0/51.0/51.0/51.0/51.0/51.0
Smed_h1SMcT0015695.2	JmjC.HG6.3:KDM4A/KDM4B/KDM4C/KDM4D/KDM4E/KDM4F	63.0	KDM4A/KDM4B/KDM4C/KDM4D/KDM4E/KDM4F	55.0/55.0/55.0/55.0/55.0/55.0
Bxyl_CAG9097285.1	JmjC.HG6.3:KDM4A/KDM4B/KDM4C/KDM4D/KDM4E/KDM4F	63.0	KDM4A/KDM4B/KDM4C/KDM4D/KDM4E/KDM4F	51.0/51.0/51.0/51.0/51.0/51.0
Mbel_CAJ0947731.1	JmjC.HG6.3:KDM4A/KDM4B/KDM4C/KDM4D/KDM4E/KDM4F	63.0	KDM4A/KDM4B/KDM4C/KDM4D/KDM4E/KDM4F	51.0/51.0/51.0/51.0/51.0/51.0
Sypmur_SMUV_0000937801-mRNA-1	JmjC.HG6.3:KDM4A/KDM4B/KDM4C/KDM4D/KDM4E/KDM4F	63.0	KDM4A/KDM4B/KDM4C/KDM4D/KDM4E/KDM4F	51.0/51.0/51.0/51.0/51.0/51.0
Hsap_NP_055478.2	JmjC.HG6.3:KDM4A/KDM4B/KDM4C/KDM4D/KDM4E/KDM4F	63.0	KDM4A	100.0
Cvir_XP_022315076.1	JmjC.HG6.3:KDM4A/KDM4B/KDM4C/KDM4D/KDM4E/KDM4F	63.0	KDM4A/KDM4B/KDM4C/KDM4D/KDM4E/KDM4F	75.0/75.0/75.0/75.0/75.0/75.0
Agrpla_XP_018336496.1	JmjC.HG6.3:KDM4A/KDM4B/KDM4C/KDM4D/KDM4E/KDM4F	63.0	KDM4A/KDM4B/KDM4C/KDM4D/KDM4E/KDM4F	75.0/75.0/75.0/75.0/75.0/75.0
Cvir_XP_022314936.1	JmjC.HG6.3:KDM4A/KDM4B/KDM4C/KDM4D/KDM4E/KDM4F	63.0	KDM4A/KDM4B/KDM4C/KDM4D/KDM4E/KDM4F	75.0/75.0/75.0/75.0/75.0/75.0
Diplco_DCO_003820	JmjC.HG6.3:KDM4A/KDM4B/KDM4C/KDM4D/KDM4E/KDM4F	63.0	KDM4A/KDM4B/KDM4C/KDM4D/KDM4E/KDM4F	51.0/51.0/51.0/51.0/51.0/51.0
Cscu_XP_023230236.1	JmjC.HG6.3:KDM4A/KDM4B/KDM4C/KDM4D/KDM4E/KDM4F	63.0	KDM4A/KDM4B/KDM4C/KDM4D/KDM4E/KDM4F	75.0/75.0/75.0/75.0/75.0/75.0
Trimur_TMUE_2000006338	JmjC.HG6.3:KDM4A/KDM4B/KDM4C/KDM4D/KDM4E/KDM4F	63.0	KDM4A/KDM4B/KDM4C/KDM4D/KDM4E/KDM4F	51.0/51.0/51.0/51.0/51.0/51.0
Rcul_nRc.2.0.1.t24496-RA	JmjC.HG6.3:KDM4A/KDM4B/KDM4C/KDM4D/KDM4E/KDM4F	63.0	KDM4A/KDM4B/KDM4C/KDM4D/KDM4E/KDM4F	51.0/51.0/51.0/51.0/51.0/51.0
Ovol_OVOC10566	JmjC.HG6.3:KDM4A/KDM4B/KDM4C/KDM4D/KDM4E/KDM4F	63.0	KDM4A/KDM4B/KDM4C/KDM4D/KDM4E/KDM4F	51.0/51.0/51.0/51.0/51.0/51.0
Lpol_XP_022237676.1	JmjC.HG6.3:KDM4A/KDM4B/KDM4C/KDM4D/KDM4E/KDM4F	63.0	KDM4A/KDM4B/KDM4C/KDM4D/KDM4E/KDM4F	75.0/75.0/75.0/75.0/75.0/75.0
Bmor_NP_001243917.1	JmjC.HG6.3:KDM4A/KDM4B/KDM4C/KDM4D/KDM4E/KDM4F	63.0	KDM4A/KDM4B/KDM4C/KDM4D/KDM4E/KDM4F	75.0/75.0/75.0/75.0/75.0/75.0
Otip_Oti_4063_t	JmjC.HG6.3:KDM4A/KDM4B/KDM4C/KDM4D/KDM4E/KDM4F	63.0	KDM4A/KDM4B/KDM4C/KDM4D/KDM4E/KDM4F	51.0/51.0/51.0/51.0/51.0/51.0
Dmel_NP_001260942.1	JmjC.HG6.3:KDM4A/KDM4B/KDM4C/KDM4D/KDM4E/KDM4F	63.0	KDM4A/KDM4B/KDM4C/KDM4D/KDM4E/KDM4F	75.0/75.0/75.0/75.0/75.0/75.0
Sman_XP_018654887.1	JmjC.HG6.3:KDM4A/KDM4B/KDM4C/KDM4D/KDM4E/KDM4F	63.0	KDM4A/KDM4B/KDM4C/KDM4D/KDM4E/KDM4F	55.0/55.0/55.0/55.0/55.0/55.0
Tnat_KRZ59713.1	JmjC.HG6.3:KDM4A/KDM4B/KDM4C/KDM4D/KDM4E/KDM4F	63.0	KDM4A/KDM4B/KDM4C/KDM4D/KDM4E/KDM4F	51.0/51.0/51.0/51.0/51.0/51.0
Pvan_XP_069999750.1	JmjC.HG6.3:KDM4A/KDM4B/KDM4C/KDM4D/KDM4E/KDM4F	63.0	KDM4A/KDM4B/KDM4C/KDM4D/KDM4E/KDM4F	75.0/75.0/75.0/75.0/75.0/75.0
Tbri_KRY52111.1	JmjC.HG6.3:KDM4A/KDM4B/KDM4C/KDM4D/KDM4E/KDM4F	63.0	KDM4A/KDM4B/KDM4C/KDM4D/KDM4E/KDM4F	51.0/51.0/51.0/51.0/51.0/51.0
Wban_VDM20064.1	JmjC.HG6.3:KDM4A/KDM4B/KDM4C/KDM4D/KDM4E/KDM4F	63.0	KDM4A/KDM4B/KDM4C/KDM4D/KDM4E/KDM4F	51.0/51.0/51.0/51.0/51.0/51.0
Cscu_XP_023237336.1	JmjC.HG6.3:KDM4A/KDM4B/KDM4C/KDM4D/KDM4E/KDM4F	63.0	KDM4A/KDM4B/KDM4C/KDM4D/KDM4E/KDM4F	75.0/75.0/75.0/75.0/75.0/75.0
Lana_XP_013378692.1	JmjC.HG6.3:KDM4A/KDM4B/KDM4C/KDM4D/KDM4E/KDM4F	63.0	KDM4A/KDM4B/KDM4C/KDM4D/KDM4E/KDM4F	75.0/75.0/75.0/75.0/75.0/75.0
Angcan_KAE9420848.1	JmjC.HG6.3:KDM4A/KDM4B/KDM4C/KDM4D/KDM4E/KDM4F	63.0	KDM4A/KDM4B/KDM4C/KDM4D/KDM4E/KDM4F	51.0/51.0/51.0/51.0/51.0/51.0
Hsap_NP_001155102.1	JmjC.HG6.3:KDM4A/KDM4B/KDM4C/KDM4D/KDM4E/KDM4F	63.0	KDM4D/KDM4E/KDM4F	100.0/100.0/100.0
Ddip_jg9790.1	JmjC.HG6.3:KDM4A/KDM4B/KDM4C/KDM4D/KDM4E/KDM4F	63.0	KDM4A/KDM4B/KDM4C/KDM4D/KDM4E/KDM4F	51.0/51.0/51.0/51.0/51.0/51.0
Hsap_NP_001340926.1	JmjC.HG6.3:KDM4A/KDM4B/KDM4C/KDM4D/KDM4E/KDM4F	63.0	KDM4C	57.0
Tsui_KHJ49297.1	JmjC.HG6.3:KDM4A/KDM4B/KDM4C/KDM4D/KDM4E/KDM4F	63.0	KDM4A/KDM4B/KDM4C/KDM4D/KDM4E/KDM4F	51.0/51.0/51.0/51.0/51.0/51.0
Lloa_XP_020307077.1	JmjC.HG6.3:KDM4A/KDM4B/KDM4C/KDM4D/KDM4E/KDM4F	63.0	KDM4A/KDM4B/KDM4C/KDM4D/KDM4E/KDM4F	51.0/51.0/51.0/51.0/51.0/51.0
Dimm_MCP9261945.1	JmjC.HG6.3:KDM4A/KDM4B/KDM4C/KDM4D/KDM4E/KDM4F	63.0	KDM4A/KDM4B/KDM4C/KDM4D/KDM4E/KDM4F	51.0/51.0/51.0/51.0/51.0/51.0
Eela_EEL_0000422001-mRNA-1	JmjC.HG6.3:KDM4A/KDM4B/KDM4C/KDM4D/KDM4E/KDM4F	63.0	KDM4A/KDM4B/KDM4C/KDM4D/KDM4E/KDM4F	51.0/51.0/51.0/51.0/51.0/51.0
Hsap_NP_001398077.1	JmjC.HG6.3:KDM4A/KDM4B/KDM4C/KDM4D/KDM4E/KDM4F	63.0	KDM4B	100.0
Ever_VDD91961.1	JmjC.HG6.3:KDM4A/KDM4B/KDM4C/KDM4D/KDM4E/KDM4F	63.0	KDM4A/KDM4B/KDM4C/KDM4D/KDM4E/KDM4F	51.0/51.0/51.0/51.0/51.0/51.0
Btab_XP_018916560.1	JmjC.HG6.4:like:KDM4A/KDM4B/KDM4C/KDM4D/KDM4E/KDM4F	1.0	NA	NA
Ddip_jg1072	JmjC.HG6.5:like:KDM4A/KDM4B/KDM4C/KDM4D/KDM4E/KDM4F	1.0	NA	NA
Btab_XP_018912230.1	JmjC.HG6.6:like:KDM4A/KDM4B/KDM4C/KDM4D/KDM4E/KDM4F	100.0	NA	NA
Btab_XP_018915471.1	JmjC.HG6.6:like:KDM4A/KDM4B/KDM4C/KDM4D/KDM4E/KDM4F	100.0	NA	NA
Btab_XP_018917662.1	JmjC.HG6.6:like:KDM4A/KDM4B/KDM4C/KDM4D/KDM4E/KDM4F	100.0	NA	NA
Btab_XP_018900098.1	JmjC.HG6.7:like:KDM4A/KDM4B/KDM4C/KDM4D/KDM4E/KDM4F	1.0	NA	NA
