Acey_EYB84191.1	Y032_0322g2465	221271_228542	401
Acey_EYB86026.1	Y032_0286g1383	24185_28499	554
Acey_EYB89574.1	Y032_0230g2966	128254_134586	859
Acey_EYB91913.1	Y032_0200g1684	64736_71176	571
Acey_EYC10937.1	Y032_0053g2380	722008_728932	654
Acey_EYC12279.1	Y032_0048g1707	1116160_1119822	412
Acey_EYC20807.1	Y032_0021g438	1870706_1880003	1123
Acey_EYC40871.1	Y032_0593g415	87712_97702	762
Agrpla_XP_018322726.1	LOC108735310	1415717_1419473	427
Agrpla_XP_018325994.1	LOC108737574	1774366_1778668	859
Agrpla_XP_018328670.2	LOC108739321	617626_626098	1022
Agrpla_XP_018331475.1	LOC108741242	177561_185945	2201
Agrpla_XP_018331764.2	LOC108741443	1266379_1267739	345
Agrpla_XP_018332990.1	LOC108742315	298883_323698	1109
Agrpla_XP_018336496.1	LOC108744991	650589_659438	1762
Agrpla_XP_018336639.1	LOC108745075	287917_292952	358
Agrpla_XP_025835613.1	LOC108733758	571306_593878	1612
Angcan_KAE9413166.1	Angca_005365	33750_43564	540
Angcan_KAE9415141.1	Angca_004519	321776_345255	1075
Angcan_KAE9415485.1	Angca_002642	126329_131130	690
Angcan_KAE9417147.1	Angca_008157	186952_198174	708
Angcan_KAE9417471.1	Angca_004376	2_12248	371
Angcan_KAE9418089.1	Angca_002521	437581_509277	718
Angcan_KAE9420235.1	Angca_009497	654720_661630	599
Angcan_KAE9420848.1	Angca_007185	503043_516245	720
Apimel_XP_003250774.1	LOC410874	10238687_10250395	1643
Apimel_XP_006560193.2	LOC408944	2679149_2933459	3103
Apimel_XP_016771723.2	LOC726918	11605325_11612024	1580
Apimel_XP_026294963.1	LOC410848	12451124_12456300	983
Apimel_XP_026296208.1	LOC113218746	10255838_10258459	415
Apimel_XP_026302302.1	LOC410796	15831502_15851823	933
Apimel_XP_394543.3	LOC411069	5485567_5488110	392
Apimel_XP_396315.6	LOC412863	4700579_4797555	1329
Aplcal_XP_005091148.2	LOC101861260	2389545_2492332	2815
Aplcal_XP_005099656.1	LOC101850807	694334_713648	396
Aplcal_XP_005102629.2	LOC101846975	307074_314328	501
Aplcal_XP_005105261.1	LOC101861381	591135_610097	317
Aplcal_XP_005105773.1	LOC101859122	88728_106787	522
Aplcal_XP_005109011.1	LOC101860125	67142_86666	442
Aplcal_XP_005110552.1	LOC101863626	111863_146983	2483
Aplcal_XP_012941200.1	LOC101862817	148946_201226	1108
Aplcal_XP_012946957.1	LOC101856320	719191_769808	2082
Aplcal_XP_035825836.1	LOC101851269	38_10699	879
Asuu_AgB01_g822_t03	AgB01_g822	13153366_13166871	601
Asuu_AgB13X_g097_t03	AgB13X_g097	2157026_2175105	444
Asuu_AgB14_g128_t08	AgB14_g128	2024781_2078965	1099
Asuu_AgE06_g004_t02	AgE06_g004	38717_42951	157
Asuu_AgR006_g009_t01	AgR006_g009	99286_102567	157
Asuu_AgR009X_g184_t05	AgR009X_g184	3030672_3055241	805
Asuu_AgR009X_g348_t02	AgR009X_g348	5598345_5626858	827
Asuu_AgR010_g263_t04	AgR010_g263	4014045_4041834	1374
Avag_UJR09124.1	I4U23_013371	8305405_8313306	884
Avag_UJR10273.1	I4U23_014480	11600353_11603412	643
Avag_UJR12825.1	I4U23_016999	19492347_19495694	614
Avag_UJR13408.1	I4U23_000423	1621439_1633190	3040
Avag_UJR13492.1	I4U23_000506	1870272_1871456	293
Avag_UJR14913.1	I4U23_001897	5969022_5972655	921
Avag_UJR16219.1	I4U23_003129	9747260_9749054	248
Avag_UJR18773.1	I4U23_005679	17860502_17862098	480
Avag_UJR20979.1	I4U23_024085	6892920_6897715	1023
Avag_UJR21520.1	I4U23_024605	8485044_8487740	534
Avag_UJR26447.1	I4U23_007777	6413354_6419902	1447
Avag_UJR27129.1	I4U23_008428	8549052_8553601	764
Avag_UJR27393.1	I4U23_008683	9344983_9350167	1026
Avag_UJR28542.1	I4U23_009777	12909231_12914043	1056
Avag_UJR30778.1	I4U23_018298	3837511_3839519	391
Avag_UJR31768.1	I4U23_019246	7065362_7069002	925
Avag_UJR32194.1	I4U23_019658	8357204_8359012	518
Avag_UJR35292.1	I4U23_028054	2541326_2543772	711
Avag_UJR36813.1	I4U23_029527	7283953_7289323	757
Avag_UJR37616.1	I4U23_030313	9673461_9676892	700
Avit_KAL3981453.1	ACH3XW_43165	634747_644470	785
Avit_KAL3982906.1	ACH3XW_49020	10173557_10183493	1393
Avit_KAL3989456.1	ACH3XW_27750	1522289_1526102	585
Avit_KAL3989667.1	ACH3XW_28600	2992649_3005010	1085
Avit_KAL3994551.1	ACH3XW_22180	6464146_6471864	824
Avit_KAL4002846.1	ACH3XW_5145	8107558_8116959	1106
Bmal_XP_001897040.1	BM_BM2032	16126381_16130012	578
Bmal_XP_042929092.1	BM_BM10151	757188_766529	789
Bmal_XP_042929438.1	BM_BM3686	3637829_3640482	354
Bmal_XP_042930238.1	BM_BM7498	9978341_9988475	1390
Bmal_XP_042930887.1	BM_BM3036	15179622_15192412	1090
Bmal_XP_042933214.1	BM_BM6017	9407634_9415025	1085
Bmal_XP_042934909.1	BM_BM6641	8921616_8929458	846
Bmor_NP_001191408.1	LOC100533205	9512520_9518083	813
Bmor_NP_001243917.1	LOC100862759	11155159_11176898	865
Bmor_XP_004923869.1	LOC101737714	18647181_18651579	386
Bmor_XP_004927524.2	LOC101736097	5968072_5980926	568
Bmor_XP_004928906.1	LOC101739693	5283869_5322624	1011
Bmor_XP_004932357.2	LOC101738100	5591883_5627024	1058
Bmor_XP_004932682.2	LOC101737516	11067707_11226445	1994
Bmor_XP_012553221.2	LOC101746976	7503221_7543123	1599
Bmor_XP_021207491.2	LOC101745348	4918399_4919738	402
Bmor_XP_037876785.1	LOC101746803	9354967_9388590	1091
Btab_XP_018898025.1	LOC109031137	3091459_3113602	1223
Btab_XP_018900098.1	LOC109032431	1009353_1039621	425
Btab_XP_018902348.1	LOC109033939	2891397_2903904	393
Btab_XP_018903093.1	LOC109034424	987350_1424718	2459
Btab_XP_018903595.1	LOC109034748	1746179_1787061	1797
Btab_XP_018912230.1	LOC109040681	3225112_3247642	360
Btab_XP_018915471.1	LOC109042941	10582_11559	325
Btab_XP_018916560.1	LOC109043723	767725_773756	157
Btab_XP_018916909.1	LOC109043968	154745_272524	1211
Btab_XP_018917662.1	LOC109044412	8417397_8418374	325
Bxyl_CAG9094855.1	BXYJ_LOCUS3516	3693279_3702106	1240
Bxyl_CAG9097285.1	BXYJ_LOCUS4026	5687120_5690462	832
Bxyl_CAG9109466.1	BXYJ_LOCUS7186	8071665_8073930	684
Bxyl_CAG9113070.1	BXYJ_LOCUS7979	403529_415523	1481
Bxyl_CAG9116257.1	BXYJ_LOCUS9335	6456300_6457681	415
Bxyl_CAG9128521.1	BXYJ_LOCUS13533	1834260_1836241	420
Bxyl_CAG9128749.1	BXYJ_LOCUS13613	2318303_2341442	640
Cele_NP_001294381.1	CELE_F29B9.2	4660991_4665212	929
Cele_NP_001294382.1	CELE_F29B9.4	4653293_4655848	416
Cele_NP_001309680.1	CELE_C29F7.6	13436422_13441438	753
Cele_NP_001309685.1	CELE_D2021.1	8557146_8563238	1146
Cele_NP_496520.1	CELE_F43G6.6	11806556_11808945	548
Cele_NP_496969.2	CELE_Y48B6A.11	14234979_14243603	922
Cele_NP_498418.3	CELE_T26A5.5	6454483_6460014	1149
Cele_NP_502032.2	CELE_ZK593.4	10920070_10926817	1477
Cele_NP_505831.1	CELE_C06H2.3	11127497_11130095	578
Cele_NP_509451.2	CELE_F18E9.5	8571049_8575451	1061
Cele_NP_510405.1	CELE_F23D12.5	14448210_14453567	867
Cscu_XP_023216044.1	LOC111618703	829608_869341	410
Cscu_XP_023221812.1	LOC111623460	475860_499907	356
Cscu_XP_023229643.1	LOC111629923	123690_178524	1149
Cscu_XP_023230232.1	LOC111630375	118357_220817	1512
Cscu_XP_023230236.1	LOC111630378	129493_137986	610
Cscu_XP_023230315.1	LOC111630442	113301_178471	352
Cscu_XP_023233588.1	LOC111633283	287109_408890	1835
Cscu_XP_023237107.1	LOC111636156	611711_784489	2562
Cscu_XP_023237336.1	LOC111636353	96007_207148	1271
Cscu_XP_023243623.1	LOC111641655	38420_82343	1519
Cvir_XP_022287881.1	LOC111100382	42856403_42885525	1216
Cvir_XP_022288326.1	LOC111100582	43712614_43760335	2558
Cvir_XP_022308793.1	LOC111114670	64248938_64254330	417
Cvir_XP_022310700.1	LOC111116024	64567169_64572562	417
Cvir_XP_022313879.1	LOC111118618	49427561_49433510	509
Cvir_XP_022313990.1	LOC111118702	48440736_48448124	509
Cvir_XP_022314936.1	LOC111119240	44696297_44708432	1880
Cvir_XP_022315076.1	LOC111119314	44051563_44062248	1880
Cvir_XP_022324955.1	LOC111125420	63053026_63057498	477
Cvir_XP_022330436.1	LOC111128837	46717396_46741642	1923
Cvir_XP_022335631.1	LOC111132167	13238474_13257147	407
Cvir_XP_022338439.1	LOC111133986	3399263_3401158	421
Cvir_XP_022340536.1	LOC111135093	51136605_51141157	320
Ddip_jg10423	jg10423	36541_49468	889
Ddip_jg1072	jg1072	138002_140948	341
Ddip_jg1432	jg1432	63554_64304	108
Ddip_jg19727	jg19727	6871_16876	618
Ddip_jg23958	jg23958	227208_239221	973
Ddip_jg26521	jg26521	175449_185437	468
Ddip_jg26533	jg26533	302631_302890	67
Ddip_jg3102.2	jg3102	40058_50243	1427
Ddip_jg9790.1	jg9790	192317_201375	891
Dimm_MCP9256960.1	DINM_000192	171104_201106	1521
Dimm_MCP9257372.1	DINM_000621	381772_390675	656
Dimm_MCP9261945.1	DINM_005252	6381338_6386110	341
Dimm_MCP9265616.1	DINM_020951	1693423_1705946	1369
Dimm_MCP9266457.1	DINM_022015	3745440_3753770	772
Diplco_DCO_001490	DCO_001490	355585_360903	591
Diplco_DCO_001492	DCO_001492	1278414_1280097	155
Diplco_DCO_002717	DCO_002717	807734_817598	1462
Diplco_DCO_002718	DCO_002718	50764_57715	1030
Diplco_DCO_002927	DCO_002927	361388_368948	1307
Diplco_DCO_002928	DCO_002928	265759_272283	1283
Diplco_DCO_003129	DCO_003129	1780665_1803181	1210
Diplco_DCO_003130	DCO_003130	10628_33435	1180
Diplco_DCO_003819	DCO_003819	199835_205239	1006
Diplco_DCO_003820	DCO_003820	985156_990631	1003
Diplco_DCO_011217	DCO_011217	514800_518736	448
Diplco_DCO_011218	DCO_011218	34656_38750	444
Dmel_NP_001260942.1	Dmel_CG33182	13176553_13198337	717
Dmel_NP_001262832.1	Dmel_CG5383	22360782_22362371	441
Dmel_NP_001285649.1	Dmel_CG9088	5989400_5999501	1838
Dmel_NP_609368.3	Dmel_CG5640	10272325_10278811	1136
Dmel_NP_610331.1	Dmel_CG15835	7922775_7924988	495
Dmel_NP_612063.2	Dmel_CG13902	839980_841360	401
Dmel_NP_648651.1	Dmel_CG10133	13449187_13450283	316
Dmel_NP_788611.1	Dmel_CG8165	9516007_9520938	854
Dpul_XP_046437539.1	LOC124188752	320626_323020	400
Dpul_XP_046438861.1	LOC124190279	3764002_3788169	271
Dpul_XP_046439483.1	LOC124190691	242702_247782	1105
Dpul_XP_046440730.1	LOC124191508	5893130_5895434	304
Dpul_XP_046440732.1	LOC124191509	5912328_5913633	304
Dpul_XP_046441411.1	LOC124192248	3652042_3669003	2774
Dpul_XP_046441442.1	LOC124192274	3603299_3615573	1281
Dpul_XP_046441855.1	LOC124192542	6911449_6917603	1412
Dpul_XP_046452221.1	LOC124200138	10263045_10266383	881
Dpul_XP_046456516.1	LOC124203749	13806971_13814039	1573
Dpul_XP_046457070.1	LOC124204099	14876344_14880785	882
Dpul_XP_046461813.1	LOC124208135	3069771_3074344	712
Echgra_XP_024348645.1	EGR_07691	191694_195444	670
Echgra_XP_024350687.1	EGR_05641	262170_272533	834
Echgra_XP_024351088.1	EGR_05218	121047_141160	1207
Echgra_XP_024352175.1	EGR_04225	804286_825897	2415
Echgra_XP_024353342.1	EGR_02898	200055_212982	2038
Echgra_XP_024353904.1	EGR_02504	1256021_1264499	991
Echgra_XP_024354495.1	EGR_01790	737230_748400	758
Eela_EEL_0000422001-mRNA-1	EEL_0000422001	55626_63361	823
Eela_EEL_0000590401-mRNA-1	EEL_0000590401	23310_27424	581
Eela_EEL_0000815201-mRNA-1	EEL_0000815201	16245_19009	446
Eela_EEL_0000828701-mRNA-1	EEL_0000828701	2899_14599	971
Eela_EEL_0000981001-mRNA-1	EEL_0000981001	1017_11088	1418
Ever_VDD84943.1	EVEC_LOCUS86	5195_12047	1114
Ever_VDD87703.1	EVEC_LOCUS2846	37790_39786	332
Ever_VDD88057.1	EVEC_LOCUS3200	18726_23150	536
Ever_VDD89389.1	EVEC_LOCUS4140	27441_32735	822
Ever_VDD91235.1	EVEC_LOCUS5986	15010_19350	598
Ever_VDD91961.1	EVEC_LOCUS6712	7257_13848	891
Ever_VDD93866.1	EVEC_LOCUS8617	1783_5907	658
Ever_VDD94636.1	EVEC_LOCUS9387	6603_9419	257
Ever_VDD96090.1	EVEC_LOCUS10841	281_8020	1108
Gpal_Gpal_D383_g00500.t1	Gpal_D383_g00500	2286847_2289092	454
Gpal_Gpal_D383_g00938.t1	Gpal_D383_g00938	3963325_3970167	1036
Gpal_Gpal_D383_g04052.t2	Gpal_D383_g04052	4134257_4138480	490
Gpal_Gpal_D383_g06043.t1	Gpal_D383_g06043	2989922_3004725	1845
Gpal_Gpal_D383_g10019.t1	Gpal_D383_g10019	2492621_2503288	1239
Gpal_Gpal_D383_g10379.t1	Gpal_D383_g10379	2606627_2613616	518
Gpal_Gpal_D383_g13851.t1	Gpal_D383_g13851	1895753_1904583	735
Gpal_Gpal_D383_g15227.t1	Gpal_D383_g15227	26526_28917	232
Hcon_XGW08052.1	V3C99_010852	6708796_6714772	844
Hcon_XGW16589.1	V3C99_001775	27915918_27925434	1106
Hcon_XGW18521.1	V3C99_002827	42035049_42048406	548
Hcon_XGW26321.1	V3C99_007161	7939503_7941961	403
Hcon_XGW27513.1	V3C99_007820	17170354_17181393	520
Hcon_XGW27515.1	V3C99_007821	17182918_17195809	523
Hcon_XGW29091.1	V3C99_008691	32922207_32934650	1366
Hcon_XGW30569.1	V3C99_009490	43920962_43934823	883
Hcon_XGW30739.1	V3C99_009587	44999369_45006613	936
Hcon_XGW35845.1	V3C99_019213	33882901_33917948	1109
Hduj_OQV11506.1	BV898_14162	46964_52145	756
Hduj_OQV12016.1	BV898_13667	4790_10006	413
Hduj_OQV18915.1	BV898_06976	86275_88536	496
Hduj_OQV19329.1	BV898_06566	60539_62659	383
Hduj_OQV21745.1	BV898_04323	408646_411638	618
Hduj_OQV23826.1	BV898_02178	121520_130611	1612
Hduj_OQV23936.1	BV898_02284	628409_633723	844
Hduj_OQV24772.1	BV898_01363	353107_356812	404
Hduj_OQV25308.1	BV898_00991	1054503_1066921	1037
Hduj_OWA50677.1	BV898_15187	89621_92368	509
Hduj_OWA51348.1	BV898_15834	134862_137610	442
Hduj_OWA54289.1	BV898_18697	7158_11188	406
Hpol_VDO64892.1	HPBE_LOCUS5523	94392_104722	474
Hpol_VDO77107.1	HPBE_LOCUS8618	43647_47666	507
Hpol_VDO83868.1	HPBE_LOCUS10144	670_21245	535
Hpol_VDO85643.1	HPBE_LOCUS10599	30910_42996	354
Hpol_VDO93762.1	HPBE_LOCUS12820	15133_42499	889
Hpol_VDP14047.1	HPBE_LOCUS19105	1664_13245	418
Hpol_VDP19018.1	HPBE_LOCUS20255	2173_12598	122
Hpol_VDP49940.1	HPBE_LOCUS25242	2837_5746	202
Hrob_XP_009014129.1	HELRODRAFT_75856	595481_602639	702
Hrob_XP_009014715.1	HELRODRAFT_170668	2606025_2608080	345
Hrob_XP_009015675.1	HELRODRAFT_160471	5377130_5379294	685
Hrob_XP_009015763.1	HELRODRAFT_160565	6446834_6454775	1255
Hrob_XP_009016237.1	HELRODRAFT_111100	1372064_1375794	398
Hrob_XP_009017064.1	HELRODRAFT_172151	3036570_3041720	963
Hrob_XP_009018328.1	HELRODRAFT_80169	1976375_1978952	362
Hrob_XP_009019477.1	HELRODRAFT_161296	3107593_3109364	434
Hrob_XP_009019479.1	HELRODRAFT_188565	3113433_3115585	398
Hrob_XP_009019543.1	HELRODRAFT_66280	3651509_3655467	660
Hrob_XP_009020839.1	HELRODRAFT_82278	1513595_1522322	1000
Hrob_XP_009022276.1	HELRODRAFT_84338	398069_402032	456
Hrob_XP_009023436.1	HELRODRAFT_192952	971678_977889	711
Hrob_XP_009028336.1	HELRODRAFT_88624	603596_607302	443
Hrob_XP_009028799.1	HELRODRAFT_69268	4409485_4421114	725
Hrob_XP_009029034.1	HELRODRAFT_132346	2034460_2039650	326
Hrob_XP_009029933.1	HELRODRAFT_194466	360243_375767	2252
Hrob_XP_009031639.1	HELRODRAFT_104360	200732_212385	465
Hsap_NP_001036068.1	KDM5A	280057_389320	1690
Hsap_NP_001073893.1	KDM6B	7834217_7854796	1682
Hsap_NP_001074930.1	JMJD6	76712836_76726606	414
Hsap_NP_001108104.1	JMJD7	41828092_41837581	316
Hsap_NP_001138820.1	KDM8	27203526_27221768	454
Hsap_NP_001140177.1	KDM5D	19703865_19744726	1570
Hsap_NP_001155102.1	KDM4E	95025258_95027596	506
Hsap_NP_001171825.1	PHF8	53936680_54048936	1060
Hsap_NP_001300971.1	KDM5B	202724495_202808421	1580
Hsap_NP_001340926.1	KDM4C	6720863_7175648	1089
Hsap_NP_001387099.1	UTY	13233895_13480670	1530
Hsap_NP_001398077.1	KDM4B	4969113_5153598	1130
Hsap_NP_001400684.1	KDM4F	95049422_95051338	638
Hsap_NP_001406738.1	KDM6A	44873188_45112779	1489
Hsap_NP_004178.2	KDM5C	53176277_53225207	1560
Hsap_NP_005081.1	JMJD7-PLA2G4B	41828092_41848143	1012
Hsap_NP_005135.2	HR	22130458_22131010	1189
Hsap_NP_005383.3	PHF2	4858494_4865164	1096
Hsap_NP_055478.2	KDM4A	43699724_43707341	1064
Hsap_NP_057688.3	KDM3B	138352685_138437027	1761
Hsap_NP_060509.2	KDM4D	94973709_94999519	523
Hsap_NP_060903.2	KDM3A	189487217_189487991	1321
Hsap_NP_085150.1	KDM7A	140177261_140179640	941
Hsap_NP_115979.3	KDM2B	121580511_121596094	1336
Hsap_NP_116165.1	JMJD1C	63465229_63466563	2540
Hsap_XP_047282579.1	KDM2A	67119263_67258082	1075
Lana_XP_013378692.1	LOC106150433	1307023_1320576	1904
Lana_XP_013379747.1	LOC106151187	370059_374413	328
Lana_XP_013383727.1	LOC106154044	78961_91296	460
Lana_XP_013384460.1	LOC106154609	88735_95732	312
Lana_XP_013391904.1	LOC106159964	461969_474031	426
Lana_XP_013394792.1	LOC106162160	406828_425578	1374
Lana_XP_013402774.1	LOC106168307	8598_16152	831
Lana_XP_013403538.1	LOC106168875	113460_185064	2844
Lana_XP_013404840.1	LOC106169775	5_3947	208
Lana_XP_013409522.1	LOC106173082	199450_203229	557
Lana_XP_013411786.1	LOC106174672	296655_306141	426
Lana_XP_013411836.1	LOC106174715	146673_149740	461
Lana_XP_013414674.1	LOC106176719	265133_282857	1366
Lana_XP_013421537.1	LOC106181631	409_58620	1334
Lana_XP_023931467.1	LOC106151341	183491_186490	312
Lana_XP_023932416.1	LOC106176703	312945_327508	754
Lloa_XP_003140884.1	LOAG_05299	830900_834972	587
Lloa_XP_020302870.1	LOAG_05392	74053_76761	411
Lloa_XP_020303733.1	LOAG_01817	42014_52350	1401
Lloa_XP_020303735.1	LOAG_01801	90728_98815	1111
Lloa_XP_020306211.1	LOAG_17501	220084_231984	900
Lloa_XP_020307077.1	LOAG_16735	28946_39194	823
Lloa_XP_020307440.1	LOAG_16418	22911_31666	780
Lpol_XP_013777038.1	LOC106461737	10678_53303	408
Lpol_XP_013778988.1	LOC106463496	892_50172	1326
Lpol_XP_013784350.1	LOC106468468	131735_145335	321
Lpol_XP_013787088.1	LOC106471050	1935_63566	1813
Lpol_XP_022237676.1	LOC106478374	479072_567727	1315
Lpol_XP_022238310.1	LOC106478904	602840_700672	1826
Lpol_XP_022241371.1	LOC106459220	454215_487230	424
Lpol_XP_022242161.1	LOC106459882	322429_366072	871
Lpol_XP_022242531.1	LOC106460169	335468_388426	961
Lpol_XP_022243922.1	LOC106461338	283283_324319	1317
Lpol_XP_022244634.1	LOC106461853	23024_158943	1490
Lpol_XP_022245522.1	LOC106462519	44621_119948	1747
Lpol_XP_022246242.1	LOC106463117	53490_145104	1944
Lpol_XP_022252931.1	LOC106468862	99643_114105	487
Lpol_XP_022254005.1	LOC106469742	4316_24390	1507
Lpol_XP_022255439.1	LOC106471112	443_79325	1355
Lpol_XP_022258202.1	LOC106472970	990944_1062910	1409
Lsig_VDK74886.1	NLS_LOCUS2659	12554_19733	778
Lsig_VDK76679.1	NLS_LOCUS3364	33152_43494	1412
Lsig_VDK83118.1	NLS_LOCUS6067	15434_18066	389
Lsig_VDK85076.1	NLS_LOCUS6955	3504_12106	967
Mbel_CAJ0929036.1	MBELARI_LOCUS4578	2468000_2471186	728
Mbel_CAJ0932171.1	MBELARI_LOCUS6100	3018903_3024345	828
Mbel_CAJ0932695.1	MBELARI_LOCUS6305	2305290_2319614	1372
Mbel_CAJ0937093.1	MBELARI_LOCUS8463	899765_901822	389
Mbel_CAJ0937549.1	MBELARI_LOCUS8739	3053816_3055866	412
Mbel_CAJ0945113.1	MBELARI_LOCUS12258	647428_668286	1228
Mbel_CAJ0947731.1	MBELARI_LOCUS13564	4612_9966	828
Mbel_CAJ0962955.1	MBELARI_LOCUS21320	566230_573365	1162
Mbel_CAJ0964053.1	MBELARI_LOCUS21866	2363050_2364933	613
Mhap_MhA1_Contig14.frz3.gene21	MhA1_Contig14.frz3.gene21	55841_58462	338
Mhap_MhA1_Contig1994.frz3.gene4	MhA1_Contig1994.frz3.gene4	11377_14105	240
Mhap_MhA1_Contig256.frz3.gene11	MhA1_Contig256.frz3.gene11	30307_36435	1293
Mhap_MhA1_Contig334.frz3.gene8	MhA1_Contig334.frz3.gene8	21348_31017	1082
Mhap_MhA1_Contig684.frz3.gene26	MhA1_Contig684.frz3.gene26	60939_65026	937
Mjap_MIJAPON000001293.t1	MIJAPON000001293	241829_268787	1485
Mjap_MIJAPON000001555.t1	MIJAPON000001555	24604_34576	881
Mjap_MIJAPON000003792.t1	MIJAPON000003792	166935_168234	214
Mjap_MIJAPON000006756.t1	MIJAPON000006756	61948_69394	589
Mjap_MIJAPON000009122.t1	MIJAPON000009122	745473_750938	767
Mjap_MIJAPON000012250.t1	MIJAPON000012250	284078_294011	1343
Mjap_MIJAPON000012379.t1	MIJAPON000012379	26830_30559	408
Obim_XP_014779679.1	LOC106875890	1754185_1769064	417
Obim_XP_014780508.1	LOC106876462	45924065_45936453	507
Obim_XP_052823191.1	LOC106875727	90597940_90691858	1853
Obim_XP_052824051.1	LOC106880021	87762090_87930106	1245
Obim_XP_052828648.1	LOC106875029	14756420_14884004	2194
Obim_XP_052834236.1	LOC106868491	10619_76540	1325
Ofus_CAH1779520.1	OFUS_LOCUS6321	19184896_19192503	555
Ofus_CAH1781540.1	OFUS_LOCUS8110	15457976_15516462	1372
Ofus_CAH1784256.1	OFUS_LOCUS10489	28525138_28614893	2905
Ofus_CAH1784410.1	OFUS_LOCUS10605	30560524_30602862	1017
Ofus_CAH1786442.1	OFUS_LOCUS12340	18679834_18690348	617
Ofus_CAH1786711.1	OFUS_LOCUS12551	22647066_22651008	532
Ofus_CAH1786742.1	OFUS_LOCUS12574	23014128_23021421	299
Ofus_CAH1801472.1	OFUS_LOCUS25261	16177618_16201924	1462
Otip_Oti_10668_t	Oti_10668_g	3664938_3670545	1398
Otip_Oti_10936_t	Oti_10936_g	4512615_4514469	406
Otip_Oti_11277_t	Oti_11277_g	679641_691233	1169
Otip_Oti_15919_t	Oti_15919_g	3580151_3590493	1131
Otip_Oti_2625_t	Oti_2625_g	6743882_6748642	887
Otip_Oti_326_t	Oti_326_g	9514018_9518876	716
Otip_Oti_4063_t	Oti_4063_g	6291235_6294443	826
Otip_Oti_9897_t	Oti_9897_g	1018645_1025603	1006
Ovol_OVOC10566	NA	NA	0
Ovol_OVOC3273	NA	NA	0
Ovol_OVOC3662	NA	NA	0
Ovol_OVOC4221	NA	NA	0
Ovol_OVOC5708	NA	NA	0
Ovol_OVOC8642	NA	NA	0
Plae_KAI0984298.1	GJ496_008662	1_11077	317
Plae_KAI0985441.1	GJ496_000668	2107_10106	165
Priarc_PARCANUS000001070.t1	PARCANUS000001070	295660_300087	561
Priarc_PARCANUS000003063.t1	PARCANUS000003063	18433_30217	1987
Priarc_PARCANUS000003142.t1	PARCANUS000003142	910264_914866	654
Priarc_PARCANUS000003453.t1	PARCANUS000003453	7642_19420	1987
Priarc_PARCANUS000004391.t1	PARCANUS000004391	19396_31431	1138
Priarc_PARCANUS000005531.t1	PARCANUS000005531	2128_4415	341
Priarc_PARCANUS000005596.t1	PARCANUS000005596	125_6242	803
Priarc_PARCANUS000006601.t1	PARCANUS000006601	18721_24909	643
Priarc_PARCANUS000007126.t1	PARCANUS000007126	82738_97454	769
Priarc_PARCANUS000008636.t1	PARCANUS000008636	167447_171516	623
Priarc_PARCANUS000010747.t1	PARCANUS000010747	490896_495560	848
Priarc_PARCANUS000012906.t1	PARCANUS000012906	150374_165560	1822
Priarc_PARCANUS000013666.t1	PARCANUS000013666	42939_46881	454
Priarc_PARCANUS000014441.t1	PARCANUS000014441	69683_77992	591
Priarc_PARCANUS000017340.t1	PARCANUS000017340	11586_12896	163
Priarc_PARCANUS000020140.t1	PARCANUS000020140	7973_9701	216
Priarc_PARCANUS000021535.t1	PARCANUS000021535	282840_290863	410
Priarc_PARCANUS000023591.t1	PARCANUS000023591	216650_217487	181
Priarc_PARCANUS000028174.t1	PARCANUS000028174	635990_636682	131
Priarc_PARCANUS000032095.t1	PARCANUS000032095	262754_263512	162
Psp.PS1159_PS1159_v2.g19199.t1	PS1159_v2.g19199	2587_6129	842
Psp.PS1159_PS1159_v2.g21005.t1	PS1159_v2.g21005	46131_49251	667
Psp.PS1159_PS1159_v2.g24341.t1	PS1159_v2.g24341	10319_11886	384
Psp.PS1159_PS1159_v2.g4348.t1	PS1159_v2.g4348	3141_5410	692
Psp.PS1159_PS1159_v2.g6595.t1	PS1159_v2.g6595	4290_6390	374
Psp.PS1159_PS1159_v2.g736.t1	PS1159_v2.g736	200_5290	1547
Psp.PS1159_PS1159_v2.g7770.t1	PS1159_v2.g7770	3981_5703	446
Psp.PS1159_PS1159_v2.g8688.t1	PS1159_v2.g8688	9592_14564	976
Psp.PS1159_PS1159_v2.g966.t1	PS1159_v2.g966	1_2094	618
Pvan_XP_027211147.1	LOC113804462	24010482_24025481	337
Pvan_XP_027230014.1	JMJD6	9668805_9676110	389
Pvan_XP_027231079.1	Kdm5	21921451_21966727	1625
Pvan_XP_027238100.2	Kdm3	51711718_51756058	2741
Pvan_XP_069969648.1	LOC113812052	2371970_2404811	1935
Pvan_XP_069980168.1	LOC138859070	23985018_23992644	330
Pvan_XP_069980254.1	Utx	1647624_1864382	1425
Pvan_XP_069991585.1	LOC113819882	37043550_37108016	569
Pvan_XP_069999750.1	LOC113816835	3444045_3492695	1175
Pvan_XP_070000953.1	LOC113829036	28570745_28588418	923
Rcul_nRc.2.0.1.t13431-RA	nRc.2.0.1.g13431	26525_30791	262
Rcul_nRc.2.0.1.t24496-RA	nRc.2.0.1.g24496	27024_34565	848
Rcul_nRc.2.0.1.t31497-RA	nRc.2.0.1.g31497	108_7044	452
Rcul_nRc.2.0.1.t43528-RA	nRc.2.0.1.g43528	3265_17263	974
Rcul_nRc.2.0.1.t45704-RA	nRc.2.0.1.g45704	2622_15884	1210
Rcul_nRc.2.0.1.t47753-RA	nRc.2.0.1.g47753	2315_7423	366
Rvar_GAU87497.1	RvY_00330-1	978976_979485	440
Rvar_GAU87498.1	RvY_00330-2	979705_979765	296
Rvar_GAU89814.1	RvY_02318	6447538_6449642	535
Rvar_GAU90323.1	RvY_02754	7688544_7690206	417
Rvar_GAU91015.1	RvY_03353-1	9260851_9261129	456
Rvar_GAU91016.1	RvY_03353-2	9261714_9261959	411
Rvar_GAU92728.1	RvY_04775	3999310_4001261	420
Rvar_GAU93158.1	RvY_05141	5146903_5154423	1612
Rvar_GAU93306.1	RvY_05270-1	5495128_5495262	685
Rvar_GAU93307.1	RvY_05270-2	5495128_5495262	645
Rvar_GAU93308.1	RvY_05270-3	5495128_5495262	588
Rvar_GAU93788.1	RvY_05674	6846516_6849079	559
Rvar_GAV02052.1	RvY_12665	2294427_2298851	947
Rvar_GAV03783.1	RvY_14163	232188_235445	708
Rvar_GAV03793.1	RvY_14172	250796_253256	469
Rvar_GAV03970.1	RvY_14323	699180_710023	1038
Sbat_VDO80899.1	SBAD_LOCUS216	136_1080	241
Sbat_VDO96914.1	SBAD_LOCUS2213	5935_17238	832
Sbat_VDO98087.1	SBAD_LOCUS2562	7169_11037	368
Sbat_VDP03392.1	SBAD_LOCUS4111	3953_7168	157
Scar_TKR68166.1	L596_024184	3192765_3196761	1049
Scar_TKR80412.1	L596_014491	1351820_1354144	423
Scar_TKR80642.1	L596_014686	1839309_1843407	655
Scar_TKR89430.1	L596_013535	6765005_6772630	1156
Scar_TKR96579.1	L596_010580	9759513_9763178	578
Scar_TMS34876.1	L596_002381	7448184_7451307	742
Scar_TMS37353.1	L596_004302	12975619_12980087	1047
Scar_TMS38301.1	L596_005059	15246739_15249317	440
Sman_XP_018644891.1	Smp_019170	2018592_2045868	1639
Sman_XP_018646906.1	Smp_137240	132256_184603	782
Sman_XP_018648214.1	Smp_034000	23631411_23662787	1137
Sman_XP_018648529.1	Smp_196270	32283626_32292427	576
Sman_XP_018649140.1	Smp_161400	50818958_50860928	1846
Sman_XP_018651207.1	Smp_156290	16366869_16405783	2369
Sman_XP_018654420.1	Smp_128500	20763188_20764897	232
Sman_XP_018654887.1	Smp_132170	33616418_33658999	999
Smar_SMAR000623-PA	SMAR000623	36094_47008	2276
Smar_SMAR003513-PA	SMAR003513	269698_271435	379
Smar_SMAR004279-PA	SMAR004279	63729_75120	1301
Smar_SMAR004454-PA	SMAR004454	91304_97827	1220
Smar_SMAR005173-PA	SMAR005173	228387_232497	839
Smar_SMAR007148-PA	SMAR007148	32355_37727	1092
Smar_SMAR008043-PA	SMAR008043	359719_362169	816
Smar_SMAR008599-PA	SMAR008599	486250_488144	410
Smed_h1SMcT0005056.3	h1SMcG0005056	202406121_202423190	470
Smed_h1SMcT0005069.1	h1SMcG0005069	202871497_202880157	534
Smed_h1SMcT0009561.1	h1SMcG0009561	21732564_21774940	1715
Smed_h1SMcT0011597.1	h1SMcG0011597	88799481_88813899	1443
Smed_h1SMcT0013145.1	h1SMcG0013145	155169321_155185183	437
Smed_h1SMcT0014445.1	h1SMcG0014445	202375725_202379980	400
Smed_h1SMcT0015695.2	h1SMcG0015695	242111140_242118917	429
Smed_h1SMcT0017276.2	h1SMcG0017276	36664892_36680228	901
Smed_h1SMcT0017959.2	h1SMcG0017959	60463178_60486814	1298
Smed_h1SMcT0019561.1	h1SMcG0019561	104499535_104516398	2028
Smed_h1SMcT0022834.1	h1SMcG0022834	21357_50469	373
Srat_XP_024503121.1	SRAE_1000217600	6876805_6878915	681
Srat_XP_024503932.1	SRAE_1000298400	9633520_9636222	885
Srat_XP_024508309.1	SRAE_2000376100	11747813_11751731	1103
Srat_XP_024508351.1	SRAE_2000380200	11873501_11874940	449
Sypmur_SMUV_0000513501-mRNA-1	SMUV_0000513501	10220_16056	902
Sypmur_SMUV_0000514601-mRNA-1	SMUV_0000514601	66485_73134	788
Sypmur_SMUV_0000518001-mRNA-1	SMUV_0000518001	36715_43950	1297
Sypmur_SMUV_0000527301-mRNA-1	SMUV_0000527301	23226_26780	590
Sypmur_SMUV_0000937801-mRNA-1	SMUV_0000937801	7771_13770	777
Tbri_KRY46855.1	T03_624	29827_33947	669
Tbri_KRY47478.1	T03_14363	34085_45968	1508
Tbri_KRY48017.1	T03_14391	70741_76682	993
Tbri_KRY51786.1	T03_3799	93188_103355	1556
Tbri_KRY52111.1	T03_1436	136461_140015	691
Tbri_KRY54454.1	T03_10133	133465_135321	195
Tbri_KRY55870.1	T03_8651	81614_88366	1249
Tnat_KRZ50227.1	T02_3775	20965_30976	1612
Tnat_KRZ50470.1	T02_5326	31464_45993	1742
Tnat_KRZ52091.1	T02_14953	46946_48814	199
Tnat_KRZ56413.1	T02_4584	129410_133527	667
Tnat_KRZ58734.1	T02_1575	111949_118347	1268
Tnat_KRZ59713.1	T02_2193	40012_43614	698
Tnat_KRZ59740.1	T02_15418	44824_50157	949
Tnel_KRX15452.1	T07_14401	21872_28773	1249
Tnel_KRX17318.1	T07_14183	129648_133895	618
Tnel_KRX20255.1	T07_4647	36073_50219	1790
Tnel_KRX22007.1	T07_13145	18725_33078	1679
Tnel_KRX22320.1	T07_5714	325338_329538	834
Tnel_KRX22377.1	T07_1342	331894_335462	695
Trimur_TMUE_0000000640	NA	NA	0
Trimur_TMUE_2000006338	NA	NA	0
Trimur_TMUE_2000008621	NA	NA	0
Trimur_TMUE_3000012252	NA	NA	0
Trimur_TMUE_3000012387	NA	NA	0
Trimur_TMUE_3000012690	NA	NA	0
Trimur_TMUE_3000013673	NA	NA	0
Trimur_TMUE_3000014438	NA	NA	0
Trimur_TMUE_3000014631	NA	NA	0
Tspi_XP_003368987.1	Tsp_13181	30_1673	265
Tspi_XP_003373666.1	Tsp_10660	2662796_2663728	214
Tspi_XP_003373668.1	Tsp_10658	2669112_2672416	506
Tspi_XP_003379673.1	Tsp_03329	3832160_3838571	1208
Tspi_XP_003380167.1	Tsp_05885	5746538_5757533	1358
Tspi_XP_003380411.1	Tsp_06137	6887136_6890390	394
Tspi_XP_003381934.1	Tsp_11033	1996949_2000596	538
Tsui_KHJ40148.1	D918_09805	70358_72982	688
Tsui_KHJ41041.1	D918_08929	239583_243534	567
Tsui_KHJ41379.1	D918_08489	15527_25702	1847
Tsui_KHJ43634.1	D918_06139	339014_341344	515
Tsui_KHJ45102.1	D918_04406	50233_53188	435
Tsui_KHJ49297.1	D918_00422	2292272_2295583	723
Tsui_KHJ49349.1	D918_00474	2549459_2570966	2225
Ttri_CDW52010.1	TTRE_0000026901	260825_262737	526
Ttri_CDW52309.1	TTRE_0000056801	121586_127270	1368
Ttri_CDW53161.1	TTRE_0000142401	57729_59592	437
Ttri_CDW53554.1	TTRE_0000181901	24476_25990	367
Ttri_CDW54726.1	TTRE_0000299601	70805_73336	666
Ttri_CDW55602.1	TTRE_0000387501	20959_24619	742
Ttri_CDW56225.1	TTRE_0000450001	78912_83781	491
Ttri_CDW58958.1	TTRE_0000728701	3733_9799	1078
Wban_VDM08715.1	WBA_LOCUS2101	8729_16479	1132
Wban_VDM11499.1	WBA_LOCUS4885	37_6945	755
Wban_VDM20064.1	WBA_LOCUS11006	27591_36639	819
Wban_VDM22157.1	WBA_LOCUS12335	46_3051	366
