Acey_EYC03970.1	Y032_0090g2341	139071_143517	516
Acey_EYC03979.1	Y032_0090g2345	150640_156523	543
Acey_EYC23217.1	Y032_0015g2527	56050_63729	548
Acey_EYC23220.1	Y032_0015g2530	65795_72124	288
Agrpla_XP_018323683.1	LOC108735938	1146826_1375984	760
Angcan_KAE9419295.1	Angca_004460	729343_742074	703
Angcan_KAE9419828.1	Angca_008988	903812_922617	1172
Apimel_XP_016769858.1	LOC726469	6865381_6962813	790
Aplcal_XP_005100139.1	LOC101845699	212442_243632	800
Aplcal_XP_035828739.1	LOC101859365	107700_134788	852
Asuu_AgR021X_g010_t01	AgR021X_g010	52672_65544	595
Asuu_AgR021X_g104_t03	AgR021X_g104	1360454_1429042	702
Asuu_AgR026_g084_t06	AgR026_g084	1311742_1329077	772
Avag_UJR09922.1	I4U23_014143	10625260_10626660	445
Avag_UJR21936.1	I4U23_025005	9668125_9671595	690
Avit_KAL3989759.1	ACH3XW_28925	3497228_3505443	876
Avit_KAL3997431.1	ACH3XW_10885	2374155_2378084	281
Avit_KAL3997434.1	ACH3XW_10895	2420522_2431135	681
Bmal_XP_042930800.1	BM_BM5385	14575135_14583266	876
Bmal_XP_042935972.1	BM_BM6500	5170135_5171767	172
Bmal_XP_042935975.1	BM_BM9447	5216980_5224514	459
Bmor_XP_037875164.1	LOC101739058	6797649_7157545	877
Btab_XP_018916027.1	LOC109043306	3777493_3803359	780
Bxyl_CAG9082586.1	BXYJ_LOCUS946	5268185_5272247	892
Bxyl_CAG9130920.1	BXYJ_LOCUS14975	7805968_7808810	840
Cele_NP_493366.1	CELE_Y40B1B.6	13438058_13450216	770
Cele_NP_497772.2	CELE_R13G10.2	3822403_3826260	824
Cele_NP_510000.2	CELE_T08D10.2	11948844_11951893	737
Cscu_XP_023231104.1	LOC111631135	100108_148955	820
Cscu_XP_023231112.1	LOC111631143	84479_96864	379
Cscu_XP_023240468.1	LOC111638896	488265_707379	782
Cvir_XP_022292741.1	LOC111103635	19289671_19324808	784
Cvir_XP_022301563.1	LOC111109649	20272174_20289648	784
Cvir_XP_022322256.1	LOC111123891	7386723_7414898	793
Ddip_jg3947.2	jg3947	172975_191064	743
Ddip_jg4083	jg4083	45263_50657	634
Ddip_jg4089	jg4089	112740_118218	576
Dimm_MCP9257004.1	DINM_000232	494776_502427	843
Dimm_MCP9264193.1	DINM_022208	972223_978408	516
Dimm_MCP9264196.1	DINM_022212	1021146_1023389	292
Diplco_DCO_004527	DCO_004527	309799_318647	875
Diplco_DCO_004528	DCO_004528	254042_261553	857
Diplco_DCO_005561	DCO_005561	220472_226412	742
Diplco_DCO_007947	DCO_007947	226514_231732	571
Diplco_DCO_007948	DCO_007948	56726_62160	570
Dmel_NP_649194.1	Dmel_CG17149	20226381_20230250	890
Dpul_XP_046461903.1	LOC124208192	6839921_6861903	795
Echgra_XP_024347468.1	EGR_08887	216578_226191	1344
Eela_EEL_0000107201-mRNA-1	EEL_0000107201	4558_9105	416
Eela_EEL_0000483401-mRNA-1	EEL_0000483401	62483_65059	293
Eela_EEL_0000856901-mRNA-1	EEL_0000856901	3247_12761	908
Ever_VDD92143.1	EVEC_LOCUS6894	2218_11389	737
Ever_VDD92991.1	EVEC_LOCUS7742	1831_5419	604
Gpal_Gpal_D383_g09963.t1	Gpal_D383_g09963	2283825_2284618	163
Gpal_Gpal_D383_g14601.t1	Gpal_D383_g14601	617054_618847	98
Gpal_Gpal_D383_g16178.t1	Gpal_D383_g16178	273546_278130	745
Hcon_XGW18112.1	V3C99_002597	39282288_39293255	844
Hcon_XGW23205.1	V3C99_005445	33385332_33390845	797
Hduj_OWA50781.1	BV898_15288	12338_18087	892
Hduj_OWA54114.1	BV898_18531	6725_12322	875
Hpol_VDO19148.1	HPBE_LOCUS766	9778_12854	391
Hpol_VDO92144.1	HPBE_LOCUS12432	1991_10326	664
Hrob_XP_009012395.1	HELRODRAFT_190449	1066333_1075939	893
Hrob_XP_009031024.1	HELRODRAFT_90753	90918_99328	799
Hsap_NP_001351543.1	KDM1B	18155422_18223854	822
Hsap_NP_001397691.1	KDM1A	23019468_23083689	878
Lana_XP_013396905.1	LOC106163772	43774_49512	382
Lana_XP_013396909.1	LOC106163775	50026_53478	234
Lana_XP_013400926.1	LOC106166816	30519_153554	715
Lana_XP_013406438.1	LOC106170923	284797_294596	854
Lloa_XP_003143430.1	LOAG_07849	206487_211106	416
Lloa_XP_003150441.1	LOAG_14900	1082_1994	120
Lloa_XP_020301681.1	LOAG_10384	120567_127259	672
Lloa_XP_020306301.1	LOAG_17419	153977_156649	266
Lpol_XP_013779750.1	LOC106464174	16497_208994	817
Lpol_XP_022252437.1	LOC106468389	86277_143702	949
Lsig_VDK76248.1	NLS_LOCUS3215	25124_33553	930
Lsig_VDK86407.1	NLS_LOCUS7596	13291_17654	495
Lsig_VDK87987.1	NLS_LOCUS8438	10726_12911	281
Mbel_CAJ0946194.1	MBELARI_LOCUS12756	2973497_2977924	736
Mbel_CAJ0951833.1	MBELARI_LOCUS15668	356987_359784	328
Mbel_CAJ0951837.1	MBELARI_LOCUS15670	363534_367716	568
Mhap_MhA1_Contig579.frz3.fgene1	MhA1_Contig579.frz3.fgene1	64868_67989	481
Mhap_MhA1_Contig579.frz3.gene31	MhA1_Contig579.frz3.gene31	70713_72408	358
Mjap_MIJAPON000006181.t1	MIJAPON000006181	216076_227713	844
Mjap_MIJAPON000009709.t1	MIJAPON000009709	190743_196689	793
Obim_XP_014771252.1	LOC106869849	64782184_64826888	904
Obim_XP_052822078.1	LOC106867282	29975803_30006401	812
Ofus_CAH1773154.1	OFUS_LOCUS792	13834308_13858497	1644
Ofus_CAH1799050.1	OFUS_LOCUS23107	17878152_17908557	755
Otip_Oti_15227_t	Oti_15227_g	720324_723952	519
Otip_Oti_15228_t	Oti_15228_g	725820_729581	719
Otip_Oti_1643_t	Oti_1643_g	3594535_3597307	735
Plae_KAI0982820.1	GJ496_003040	43164_45065	633
Priarc_PARCANUS000012879.t1	PARCANUS000012879	294777_299031	795
Priarc_PARCANUS000021762.t1	PARCANUS000021762	65457_75676	879
Psp.PS1159_PS1159_v2.g1042.t1	PS1159_v2.g1042	4523_7351	797
Psp.PS1159_PS1159_v2.g22585.t1	PS1159_v2.g22585	2631_6931	819
Psp.PS1159_PS1159_v2.g22586.t1	PS1159_v2.g22586	7005_8265	372
Psp.PS1159_PS1159_v2.g24762.t2	PS1159_v2.g24762	8361_14169	1166
Pvan_XP_027214242.1	Su(var)3-3	6423743_6436765	761
Rcul_nRc.2.0.1.t03601-RA	nRc.2.0.1.g03601	3601_6175	177
Rcul_nRc.2.0.1.t24552-RA	nRc.2.0.1.g24552	5406_12080	511
Rcul_nRc.2.0.1.t26280-RA	nRc.2.0.1.g26280	296_3240	267
Rvar_GAV02234.1	RvY_12826	397633_400506	827
Sbat_VDP05882.1	SBAD_LOCUS4970	13679_22656	257
Sbat_VDP10071.1	SBAD_LOCUS6455	3542_13075	304
Sbat_VDP18494.1	SBAD_LOCUS8668	6611_14338	328
Scar_TKR71681.1	L596_019238	147200_150218	763
Scar_TKR94121.1	L596_008450	4525092_4530783	884
Sman_XP_018652619.1	Smp_150560	1863017_1888703	1043
Smar_SMAR000742-PA	SMAR000742	24420_29225	845
Smar_SMAR006137-PA	SMAR006137	201698_203633	419
Smar_SMAR013509-PA	SMAR013509	317706_321352	784
Smed_h1SMcT0002450.1	h1SMcG0002450	89230729_89233838	790
Smed_h1SMcT0021871.3	h1SMcG0021871	36347918_36360391	922
Srat_XP_024505754.1	SRAE_2000122200	3822614_3824877	695
Srat_XP_024508073.1	SRAE_2000352800	11078613_11081141	805
Sypmur_SMUV_0000564301-mRNA-1	SMUV_0000564301	64303_70305	673
Sypmur_SMUV_0000777101-mRNA-1	SMUV_0000777101	28308_31590	612
Tbri_KRY54519.1	T03_7992	79490_86095	863
Tnat_KRZ59296.1	T02_6422	78864_115539	1064
Tnel_KRX24877.1	T07_3450	326361_365386	1737
Tspi_XP_003368207.1	Tsp_13307	3521_4484	154
Tspi_XP_003370186.1	Tsp_13285	314_2584	403
Tspi_XP_003380813.1	Tsp_06960	8664907_8667438	335
Tspi_XP_003380814.1	Tsp_06961	8667565_8670128	427
Tsui_KHJ43427.1	D918_06336	120429_121602	144
Tsui_KHJ43428.1	D918_06337	122223_127788	684
Ttri_CDW52911.1	TTRE_0000117301	124398_131684	792
Wban_VDM07649.1	WBA_LOCUS1035	14430_22799	894
Wban_VDM11463.1	WBA_LOCUS4849	4734_6478	203
Wban_VDM16565.1	WBA_LOCUS9438	276_1675	142
