Pucgra_XP_003334587.1	187	399	2OG-FeII_Oxy_6	PF20515.4	1e-77
Ptri_XP_053024262.1	250	459	2OG-FeII_Oxy_6	PF20515.4	6.1e-77
Pucgra_XP_003319790.1	133	345	2OG-FeII_Oxy_6	PF20515.4	2.3e-76
Pucgra_XP_003323722.1	236	446	2OG-FeII_Oxy_6	PF20515.4	6.4e-76
Pucgra_XP_003321416.1	217	425	2OG-FeII_Oxy_6	PF20515.4	8.5e-75
Ptri_XP_053022819.1	250	459	2OG-FeII_Oxy_6	PF20515.4	9.1e-75
Pucgra_XP_003337554.1	236	448	2OG-FeII_Oxy_6	PF20515.4	1.4e-74
Pstr_XP_047801573.1	144	348	2OG-FeII_Oxy_6	PF20515.4	1.9e-73
Pucgra_XP_003334921.1	236	446	2OG-FeII_Oxy_6	PF20515.4	5.4e-73
Pcor_PLW50334.1	158	364	2OG-FeII_Oxy_6	PF20515.4	9.1e-73
Pucgra_XP_003330612.1	148	356	2OG-FeII_Oxy_6	PF20515.4	1.4e-72
Pucgra_XP_003329398.2	145	351	2OG-FeII_Oxy_6	PF20515.4	1.7e-71
Pucgra_XP_003334110.1	148	356	2OG-FeII_Oxy_6	PF20515.4	2.7e-71
Pstr_XP_047801814.1	121	325	2OG-FeII_Oxy_6	PF20515.4	3.6e-71
Ptri_XP_053023061.1	158	362	2OG-FeII_Oxy_6	PF20515.4	5e-71
Ptri_XP_053021634.1	125	333	2OG-FeII_Oxy_6	PF20515.4	1.5e-70
Pucgra_XP_003329299.2	123	329	2OG-FeII_Oxy_6	PF20515.4	1.5e-70
Ptri_XP_053019179.1	118	325	2OG-FeII_Oxy_6	PF20515.4	1.6e-70
Pucgra_XP_003338812.2	117	324	2OG-FeII_Oxy_6	PF20515.4	8.2e-70
Pucgra_XP_003331410.2	96	301	2OG-FeII_Oxy_6	PF20515.4	1.4e-69
Pucgra_XP_003338714.1	156	364	2OG-FeII_Oxy_6	PF20515.4	1.9e-69
Pucgra_XP_003323967.2	191	401	2OG-FeII_Oxy_6	PF20515.4	3.4e-69
Pucgra_XP_003888514.1	118	325	2OG-FeII_Oxy_6	PF20515.4	4.5e-69
Pucgra_XP_003337139.2	116	323	2OG-FeII_Oxy_6	PF20515.4	4.3e-69
Pucgra_XP_003336760.2	139	344	2OG-FeII_Oxy_6	PF20515.4	2.3e-68
Ptri_XP_053019762.1	164	369	2OG-FeII_Oxy_6	PF20515.4	1.6e-68
Pucgra_XP_003890264.1	42	249	2OG-FeII_Oxy_6	PF20515.4	1.3e-68
Pcor_PLW08961.1	256	458	2OG-FeII_Oxy_6	PF20515.4	1.1e-68
Pcor_PLW42298.1	256	458	2OG-FeII_Oxy_6	PF20515.4	1.1e-68
Pstr_XP_047810050.1	128	327	2OG-FeII_Oxy_6	PF20515.4	1.9e-68
Psor_KNZ64619.1	57	255	2OG-FeII_Oxy_6	PF20515.4	4.7e-68
Psor_KNZ55872.1	232	447	2OG-FeII_Oxy_6	PF20515.4	6e-68
Psor_KNZ61637.1	232	447	2OG-FeII_Oxy_6	PF20515.4	6e-68
Pucgra_XP_003324163.2	178	385	2OG-FeII_Oxy_6	PF20515.4	5.7e-68
Pucgra_XP_003337758.1	150	354	2OG-FeII_Oxy_6	PF20515.4	7.5e-68
Psor_KNZ45291.1	182	385	2OG-FeII_Oxy_6	PF20515.4	8e-68
Pucgra_XP_003322315.2	149	355	2OG-FeII_Oxy_6	PF20515.4	8.8e-68
Ptri_XP_053027796.1	87	292	2OG-FeII_Oxy_6	PF20515.4	8.1e-68
Pucgra_XP_003338553.1	9	207	2OG-FeII_Oxy_6	PF20515.4	2.4e-67
Pucgra_XP_003334982.2	146	351	2OG-FeII_Oxy_6	PF20515.4	3.5e-67
Pstr_XP_047803760.1	98	305	2OG-FeII_Oxy_6	PF20515.4	3.1e-67
Pucgra_XP_003331820.2	75	282	2OG-FeII_Oxy_6	PF20515.4	4.4e-67
Psor_KNZ64618.1	198	411	2OG-FeII_Oxy_6	PF20515.4	4.6e-67
Pstr_XP_047810339.1	12	223	2OG-FeII_Oxy_6	PF20515.4	4.4e-67
Pucgra_XP_003326327.1	145	351	2OG-FeII_Oxy_6	PF20515.4	4e-67
Pucgra_XP_003337081.1	108	316	2OG-FeII_Oxy_6	PF20515.4	1.9e-66
Pucgra_XP_003327282.1	145	351	2OG-FeII_Oxy_6	PF20515.4	2.2e-66
Pucgra_XP_003336539.1	149	353	2OG-FeII_Oxy_6	PF20515.4	1.8e-66
Psor_KNZ61467.1	245	451	2OG-FeII_Oxy_6	PF20515.4	3.1e-66
Ptri_XP_053025226.1	87	292	2OG-FeII_Oxy_6	PF20515.4	2.6e-66
Pucgra_XP_003328449.2	116	308	2OG-FeII_Oxy_6	PF20515.4	2.8e-66
Pucgra_XP_003325233.2	32	238	2OG-FeII_Oxy_6	PF20515.4	4.7e-66
Pstr_XP_047809521.1	513	712	2OG-FeII_Oxy_6	PF20515.4	6.4e-64
Ptri_XP_053020944.1	214	419	2OG-FeII_Oxy_6	PF20515.4	1e-65
Pstr_XP_047797575.1	32	244	2OG-FeII_Oxy_6	PF20515.4	3.7e-65
Ptri_XP_053021632.1	365	565	2OG-FeII_Oxy_6	PF20515.4	6.4e-64
Pstr_XP_047800871.1	80	269	2OG-FeII_Oxy_6	PF20515.4	5.4e-64
Ptri_XP_053017298.1	118	323	2OG-FeII_Oxy_6	PF20515.4	6e-64
Pucgra_XP_003327428.1	138	345	2OG-FeII_Oxy_6	PF20515.4	7.6e-64
Pucgra_XP_003330253.2	153	367	2OG-FeII_Oxy_6	PF20515.4	2.4e-63
Pucgra_XP_003321759.2	256	457	2OG-FeII_Oxy_6	PF20515.4	2.5e-63
Pucgra_XP_003329343.2	88	297	2OG-FeII_Oxy_6	PF20515.4	5.7e-63
Pstr_XP_047808618.1	165	377	2OG-FeII_Oxy_6	PF20515.4	1.9e-61
Pucgra_XP_003334254.2	111	320	2OG-FeII_Oxy_6	PF20515.4	7.4e-63
Pcor_PLW18734.1	222	424	2OG-FeII_Oxy_6	PF20515.4	5.2e-63
Pucgra_XP_003323738.2	111	320	2OG-FeII_Oxy_6	PF20515.4	8.6e-63
Pucgra_XP_003327197.1	223	410	2OG-FeII_Oxy_6	PF20515.4	1.4e-62
Ptri_XP_053024400.1	118	323	2OG-FeII_Oxy_6	PF20515.4	1.1e-62
Pucgra_XP_003336320.1	270	477	2OG-FeII_Oxy_6	PF20515.4	1.4e-62
Pstr_XP_047811856.1	155	357	2OG-FeII_Oxy_6	PF20515.4	1.7e-62
Pstr_XP_047802567.1	209	405	2OG-FeII_Oxy_6	PF20515.4	1.2e-62
Pucgra_XP_003889962.1	226	430	2OG-FeII_Oxy_6	PF20515.4	2.2e-62
Pucgra_XP_003336417.1	137	351	2OG-FeII_Oxy_6	PF20515.4	2.1e-62
Pucgra_XP_003325723.1	157	371	2OG-FeII_Oxy_6	PF20515.4	3e-62
Pstr_XP_047808374.1	155	357	2OG-FeII_Oxy_6	PF20515.4	6.6e-62
Pucgra_XP_003307156.1	133	318	2OG-FeII_Oxy_6	PF20515.4	1.2e-61
Pstr_XP_047805694.1	155	357	2OG-FeII_Oxy_6	PF20515.4	4.1e-61
Pucgra_XP_003321501.2	111	313	2OG-FeII_Oxy_6	PF20515.4	4.7e-61
Pcor_PLW40508.1	484	686	2OG-FeII_Oxy_6	PF20515.4	5.9e-61
Psor_KNZ45794.1	98	307	2OG-FeII_Oxy_6	PF20515.4	7.1e-61
Pucgra_XP_003889407.1	121	309	2OG-FeII_Oxy_6	PF20515.4	3.2e-60
Pucgra_XP_003336000.2	155	367	2OG-FeII_Oxy_6	PF20515.4	1.2e-60
Pucgra_XP_003328552.2	116	318	2OG-FeII_Oxy_6	PF20515.4	1.2e-60
Pcor_PLW21526.1	133	323	2OG-FeII_Oxy_6	PF20515.4	1.1e-60
Ptri_XP_053018189.1	205	418	2OG-FeII_Oxy_6	PF20515.4	4.1e-60
Pucgra_XP_003330720.2	368	580	2OG-FeII_Oxy_6	PF20515.4	1.5e-59
Ptri_XP_053017609.1	118	318	2OG-FeII_Oxy_6	PF20515.4	1.8e-59
Mlar_XP_007410645.1	88	297	2OG-FeII_Oxy_6	PF20515.4	2.2e-58
Psor_KNZ63470.1	98	308	2OG-FeII_Oxy_6	PF20515.4	1.8e-58
Pucgra_XP_003336413.1	1	173	2OG-FeII_Oxy_6	PF20515.4	8.4e-58
Pucgra_XP_003338403.2	178	389	2OG-FeII_Oxy_6	PF20515.4	3.6e-58
Pucgra_XP_003337993.2	190	401	2OG-FeII_Oxy_6	PF20515.4	3.9e-58
Pucgra_XP_003320088.2	178	389	2OG-FeII_Oxy_6	PF20515.4	6.2e-58
Ptri_XP_053025428.1	227	425	2OG-FeII_Oxy_6	PF20515.4	6.7e-58
Pucgra_XP_003888492.1	100	305	2OG-FeII_Oxy_6	PF20515.4	3.3e-57
Pstr_XP_047804094.1	89	287	2OG-FeII_Oxy_6	PF20515.4	1.1e-56
Pucgra_XP_003324986.2	152	357	2OG-FeII_Oxy_6	PF20515.4	1.7e-56
Pstr_XP_047803331.1	112	313	2OG-FeII_Oxy_6	PF20515.4	1.9e-56
Pcor_PLW34544.1	175	390	2OG-FeII_Oxy_6	PF20515.4	1.8e-56
Pcor_PLW06760.1	375	589	2OG-FeII_Oxy_6	PF20515.4	2.6e-56
Pcor_PLW32918.1	343	522	2OG-FeII_Oxy_6	PF20515.4	4.9e-56
Pucgra_XP_003337870.1	197	372	2OG-FeII_Oxy_6	PF20515.4	9.3e-56
Pstr_XP_047808217.1	176	369	2OG-FeII_Oxy_6	PF20515.4	1.1e-55
Pcor_PLW46908.1	3	216	2OG-FeII_Oxy_6	PF20515.4	6.3e-56
Pucgra_XP_003307617.2	207	405	2OG-FeII_Oxy_6	PF20515.4	1.1e-55
Mlar_XP_007417119.1	39	243	2OG-FeII_Oxy_6	PF20515.4	8.8e-56
Pstr_XP_047800439.1	112	313	2OG-FeII_Oxy_6	PF20515.4	1.3e-55
Pstr_XP_047808510.1	216	438	2OG-FeII_Oxy_6	PF20515.4	5.7e-54
Pcor_PLW49949.1	236	425	2OG-FeII_Oxy_6	PF20515.4	3.2e-55
Pucgra_XP_003888656.1	141	336	2OG-FeII_Oxy_6	PF20515.4	1.3e-54
Ptri_XP_053022711.1	270	427	2OG-FeII_Oxy_6	PF20515.4	1.5e-54
Pcor_PLW26960.1	386	573	2OG-FeII_Oxy_6	PF20515.4	1.4e-54
Pcor_PLW28643.1	312	525	2OG-FeII_Oxy_6	PF20515.4	1.3e-53
Pucgra_XP_003333442.2	144	307	2OG-FeII_Oxy_6	PF20515.4	1.3e-53
Pucgra_XP_003336983.2	140	351	2OG-FeII_Oxy_6	PF20515.4	2.3e-53
Pcor_PLW15521.1	96	279	2OG-FeII_Oxy_6	PF20515.4	1.9e-53
Ptri_XP_053018186.1	87	267	2OG-FeII_Oxy_6	PF20515.4	2.9e-53
Pcor_PLW04698.1	156	339	2OG-FeII_Oxy_6	PF20515.4	5.9e-53
Pcor_PLW41052.1	171	354	2OG-FeII_Oxy_6	PF20515.4	1.1e-52
Mlar_XP_007410423.1	121	334	2OG-FeII_Oxy_6	PF20515.4	1.2e-52
Pucgra_XP_003327236.2	176	372	2OG-FeII_Oxy_6	PF20515.4	3.3e-52
Pucgra_XP_003324130.1	446	658	2OG-FeII_Oxy_6	PF20515.4	7.2e-52
Pcor_PLW27233.1	189	367	2OG-FeII_Oxy_6	PF20515.4	1.1e-51
Egla_KZV78969.1	164	361	2OG-FeII_Oxy_6	PF20515.4	2.5e-50
Pcor_PLW37783.1	520	733	2OG-FeII_Oxy_6	PF20515.4	1e-51
Pcor_PLW09251.1	520	733	2OG-FeII_Oxy_6	PF20515.4	1.1e-51
Pucgra_XP_003319807.2	214	322	2OG-FeII_Oxy_6	PF20515.4	1.3e-33
Pucgra_XP_003319807.2	396	472	2OG-FeII_Oxy_6	PF20515.4	6.7e-17
Pcor_PLW23131.1	256	418	2OG-FeII_Oxy_6	PF20515.4	7.7e-52
Pcor_PLW35714.1	443	626	2OG-FeII_Oxy_6	PF20515.4	1.5e-51
Pucgra_XP_003335476.2	168	378	2OG-FeII_Oxy_6	PF20515.4	1.6e-51
Pcor_PLW50116.1	123	292	2OG-FeII_Oxy_6	PF20515.4	2.7e-51
Pstr_XP_047799029.1	110	285	2OG-FeII_Oxy_6	PF20515.4	5e-51
Pcor_PLW48854.1	309	469	2OG-FeII_Oxy_6	PF20515.4	4.5e-51
Pcor_PLW25143.1	2	197	2OG-FeII_Oxy_6	PF20515.4	7.3e-51
Hsub_KJA16326.1	2	215	2OG-FeII_Oxy_6	PF20515.4	8.2e-51
Pucgra_XP_003324079.1	446	658	2OG-FeII_Oxy_6	PF20515.4	1.2e-50
Pcor_PLW28270.1	245	446	2OG-FeII_Oxy_6	PF20515.4	1.5e-50
Ptri_XP_053022656.1	63	225	2OG-FeII_Oxy_6	PF20515.4	2.9e-50
Pcor_PLW30032.1	256	416	2OG-FeII_Oxy_6	PF20515.4	1.1e-50
Pcor_PLW37073.1	256	427	2OG-FeII_Oxy_6	PF20515.4	2.1e-50
Pstr_XP_047808643.1	1	180	2OG-FeII_Oxy_6	PF20515.4	3.3e-50
Mlar_XP_007409709.1	131	320	2OG-FeII_Oxy_6	PF20515.4	4.1e-50
Pcor_PLW47564.1	4	216	2OG-FeII_Oxy_6	PF20515.4	3.8e-50
Pucgra_XP_003327422.1	193	390	2OG-FeII_Oxy_6	PF20515.4	5.8e-50
Pucgra_XP_003338686.2	156	320	2OG-FeII_Oxy_6	PF20515.4	5e-50
Pcor_PLW24594.1	352	512	2OG-FeII_Oxy_6	PF20515.4	3.1e-50
Pcor_PLW05384.1	161	356	2OG-FeII_Oxy_6	PF20515.4	4.5e-50
Pcor_PLW40122.1	161	356	2OG-FeII_Oxy_6	PF20515.4	4.5e-50
Pucgra_XP_003326083.2	145	202	2OG-FeII_Oxy_6	PF20515.4	1.3e-14
Pucgra_XP_003326083.2	200	315	2OG-FeII_Oxy_6	PF20515.4	1.5e-35
Pcor_PLW25439.1	248	410	2OG-FeII_Oxy_6	PF20515.4	1.1e-49
Pcor_PLW30016.1	227	385	2OG-FeII_Oxy_6	PF20515.4	1.2e-49
Pcor_PLW24911.1	277	454	2OG-FeII_Oxy_6	PF20515.4	1.7e-49
Psor_KNZ46628.1	2	189	2OG-FeII_Oxy_6	PF20515.4	1.8e-49
Pcor_PLW13378.1	252	414	2OG-FeII_Oxy_6	PF20515.4	1.2e-49
Pcor_PLW18564.1	305	467	2OG-FeII_Oxy_6	PF20515.4	1.5e-49
Pcor_PLW24429.1	147	321	2OG-FeII_Oxy_6	PF20515.4	5.3e-49
Pucgra_XP_003320732.2	146	310	2OG-FeII_Oxy_6	PF20515.4	7.7e-49
Ctor_KIY60667.1	115	318	2OG-FeII_Oxy_6	PF20515.4	7.3e-49
Pcor_PLW51954.1	348	531	2OG-FeII_Oxy_6	PF20515.4	1.1e-48
Pucgra_XP_003322166.2	39	105	2OG-FeII_Oxy_6	PF20515.4	5.1e-16
Pucgra_XP_003322166.2	101	203	2OG-FeII_Oxy_6	PF20515.4	1e-32
Pucgra_XP_003337809.2	13	166	2OG-FeII_Oxy_6	PF20515.4	7.8e-49
Pcor_PLW06993.1	227	385	2OG-FeII_Oxy_6	PF20515.4	8.3e-49
Pcor_PLW32337.1	252	414	2OG-FeII_Oxy_6	PF20515.4	1.7e-48
Pcor_PLW27924.1	138	347	2OG-FeII_Oxy_6	PF20515.4	4e-48
Ctor_KIY73624.1	242	438	2OG-FeII_Oxy_6	PF20515.4	3.8e-48
Pcor_PLW47763.1	192	368	2OG-FeII_Oxy_6	PF20515.4	3.9e-48
Mlar_XP_007419201.1	123	344	2OG-FeII_Oxy_6	PF20515.4	7.2e-48
Mlar_XP_007413854.1	148	359	2OG-FeII_Oxy_6	PF20515.4	7.5e-48
Pstr_XP_047811292.1	234	386	2OG-FeII_Oxy_6	PF20515.4	1.6e-47
Pcor_PLW34856.1	486	662	2OG-FeII_Oxy_6	PF20515.4	3.2e-47
Egla_KZW04322.1	342	570	2OG-FeII_Oxy_6	PF20515.4	1.8e-46
Pcor_PLW38557.1	192	363	2OG-FeII_Oxy_6	PF20515.4	4.4e-47
Pcor_PLW11209.1	188	355	2OG-FeII_Oxy_6	PF20515.4	3e-47
Mlar_XP_007414690.1	132	320	2OG-FeII_Oxy_6	PF20515.4	6.9e-47
Pucgra_XP_003889937.1	10	195	2OG-FeII_Oxy_6	PF20515.4	5.5e-47
Psor_KNZ47933.1	44	212	2OG-FeII_Oxy_6	PF20515.4	9.2e-47
Pstr_XP_047796782.1	4	157	2OG-FeII_Oxy_6	PF20515.4	1.1e-46
Mlar_XP_007415172.1	112	318	2OG-FeII_Oxy_6	PF20515.4	1.4e-46
Pucgra_XP_003337236.2	4	156	2OG-FeII_Oxy_6	PF20515.4	1.7e-46
Pucgra_XP_003339023.2	10	195	2OG-FeII_Oxy_6	PF20515.4	2.2e-46
Pstr_XP_047804951.1	1	164	2OG-FeII_Oxy_6	PF20515.4	1.8e-46
Ptri_XP_053024655.1	253	413	2OG-FeII_Oxy_6	PF20515.4	1.9e-46
Psor_KNZ56399.1	60	277	2OG-FeII_Oxy_6	PF20515.4	2.9e-44
Pucgra_XP_003338874.1	236	435	2OG-FeII_Oxy_6	PF20515.4	3e-46
Mlar_XP_007410913.1	126	318	2OG-FeII_Oxy_6	PF20515.4	3.5e-46
Pstr_XP_047808614.1	1	179	2OG-FeII_Oxy_6	PF20515.4	3.3e-46
Mlar_XP_007412452.1	128	319	2OG-FeII_Oxy_6	PF20515.4	3.9e-46
Pucgra_XP_003337909.2	186	391	2OG-FeII_Oxy_6	PF20515.4	3.8e-46
Pstr_XP_047803159.1	1	170	2OG-FeII_Oxy_6	PF20515.4	3.4e-46
Mlar_XP_007415843.1	111	320	2OG-FeII_Oxy_6	PF20515.4	5.6e-46
Mlar_XP_007407779.1	113	324	2OG-FeII_Oxy_6	PF20515.4	5.5e-46
Pcor_PLW52444.1	188	354	2OG-FeII_Oxy_6	PF20515.4	9.8e-46
Mlar_XP_007417374.1	438	628	2OG-FeII_Oxy_6	PF20515.4	1e-45
Pcor_PLW14620.1	374	524	2OG-FeII_Oxy_6	PF20515.4	6.7e-46
Pcor_PLW42679.1	1	138	2OG-FeII_Oxy_6	PF20515.4	1.1e-45
Psor_KNZ47835.1	277	441	2OG-FeII_Oxy_6	PF20515.4	1.8e-45
Pcor_PLW27630.1	436	608	2OG-FeII_Oxy_6	PF20515.4	1.3e-45
Pcor_PLW47556.1	1	156	2OG-FeII_Oxy_6	PF20515.4	1.9e-45
Pcor_PLW50774.1	374	524	2OG-FeII_Oxy_6	PF20515.4	1.5e-45
Pcor_PLW51930.1	188	369	2OG-FeII_Oxy_6	PF20515.4	2.6e-45
Pucgra_XP_003329552.2	97	272	2OG-FeII_Oxy_6	PF20515.4	2e-45
Pcor_PLW48211.1	314	474	2OG-FeII_Oxy_6	PF20515.4	1.6e-45
Psor_KNZ43920.1	104	256	2OG-FeII_Oxy_6	PF20515.4	2.3e-45
Pcor_PLW29358.1	2	155	2OG-FeII_Oxy_6	PF20515.4	2.4e-45
Mlar_XP_007408444.1	435	620	2OG-FeII_Oxy_6	PF20515.4	3.9e-45
Pucgra_XP_003331549.2	186	371	2OG-FeII_Oxy_6	PF20515.4	5.3e-45
Mlar_XP_007415636.1	111	316	2OG-FeII_Oxy_6	PF20515.4	5.7e-45
Mlar_XP_007409461.1	117	324	2OG-FeII_Oxy_6	PF20515.4	5.8e-45
Ctor_KIY62118.1	194	408	2OG-FeII_Oxy_6	PF20515.4	7.2e-45
Mlar_XP_007411214.1	114	316	2OG-FeII_Oxy_6	PF20515.4	1.5e-44
Pucgra_XP_003333260.2	155	331	2OG-FeII_Oxy_6	PF20515.4	1.3e-44
Psor_KNZ47248.1	38	237	2OG-FeII_Oxy_6	PF20515.4	1.4e-44
Psor_KNZ58534.1	2	181	2OG-FeII_Oxy_6	PF20515.4	1.2e-44
Pcri_KII87045.1	3	186	2OG-FeII_Oxy_6	PF20515.4	1.7e-44
Pstr_XP_047807636.1	2	140	2OG-FeII_Oxy_6	PF20515.4	2.7e-44
Mlar_XP_007409886.1	390	588	2OG-FeII_Oxy_6	PF20515.4	5e-44
Pucgra_XP_003338115.1	590	751	2OG-FeII_Oxy_6	PF20515.4	6.2e-44
Psor_KNZ46304.1	23	208	2OG-FeII_Oxy_6	PF20515.4	5.8e-44
Pucgra_XP_003321729.1	111	279	2OG-FeII_Oxy_6	PF20515.4	1.1e-43
Galmar_KDR65649.1	4	183	2OG-FeII_Oxy_6	PF20515.4	3.5e-43
Mlar_XP_007405508.1	378	578	2OG-FeII_Oxy_6	PF20515.4	8.1e-43
Pcor_PLW29264.1	192	338	2OG-FeII_Oxy_6	PF20515.4	9e-43
Mlar_XP_007414212.1	411	599	2OG-FeII_Oxy_6	PF20515.4	1.1e-42
Sbru_KAA8893908.1	54	255	2OG-FeII_Oxy_6	PF20515.4	1.5e-42
Mlar_XP_007413953.1	173	357	2OG-FeII_Oxy_6	PF20515.4	2.4e-42
Rsol_XP_043186906.1	142	364	2OG-FeII_Oxy_6	PF20515.4	2.4e-42
Rsol_XP_043182750.1	142	364	2OG-FeII_Oxy_6	PF20515.4	2.9e-42
Pcor_PLW23511.1	3	183	2OG-FeII_Oxy_6	PF20515.4	2.1e-42
Sbru_KAA8893285.1	140	343	2OG-FeII_Oxy_6	PF20515.4	3.5e-42
Pcor_PLW46160.1	548	694	2OG-FeII_Oxy_6	PF20515.4	4.4e-42
Pcor_PLW13038.1	155	313	2OG-FeII_Oxy_6	PF20515.4	4.3e-42
Pcor_PLW28410.1	155	313	2OG-FeII_Oxy_6	PF20515.4	4.7e-42
Pcor_PLW17715.1	382	589	2OG-FeII_Oxy_6	PF20515.4	8.7e-42
Mlar_XP_007415562.1	119	329	2OG-FeII_Oxy_6	PF20515.4	7.2e-42
Pcor_PLW46380.1	235	411	2OG-FeII_Oxy_6	PF20515.4	6.9e-42
Pucgra_XP_003323551.1	607	768	2OG-FeII_Oxy_6	PF20515.4	1.1e-41
Pcor_PLW34768.1	107	286	2OG-FeII_Oxy_6	PF20515.4	9.5e-42
Pstr_XP_047799033.1	1	129	2OG-FeII_Oxy_6	PF20515.4	8.5e-42
Soch_TCD59903.1	302	486	2OG-FeII_Oxy_6	PF20515.4	1.2e-41
Pucgra_XP_003323132.1	111	270	2OG-FeII_Oxy_6	PF20515.4	1.2e-41
Pstr_XP_047808922.1	99	283	2OG-FeII_Oxy_6	PF20515.4	1.2e-41
Soch_TCD60231.1	216	412	2OG-FeII_Oxy_6	PF20515.4	1.2e-41
Pstr_XP_047807344.1	4	210	2OG-FeII_Oxy_6	PF20515.4	1.7e-41
Pcor_PLW42674.1	158	338	2OG-FeII_Oxy_6	PF20515.4	1.9e-41
Mlar_XP_007411079.1	150	307	2OG-FeII_Oxy_6	PF20515.4	2.2e-41
Mlar_XP_007405061.1	21	207	2OG-FeII_Oxy_6	PF20515.4	2.1e-41
Mlar_XP_007407932.1	7	217	2OG-FeII_Oxy_6	PF20515.4	2.5e-41
Mlar_XP_007418416.1	397	588	2OG-FeII_Oxy_6	PF20515.4	3.6e-41
Pstr_XP_047811889.1	190	374	2OG-FeII_Oxy_6	PF20515.4	4.1e-41
Pcor_PLW37525.1	861	1019	2OG-FeII_Oxy_6	PF20515.4	4.7e-41
Sbru_KAA8892696.1	80	281	2OG-FeII_Oxy_6	PF20515.4	5.8e-41
Pstr_XP_047800574.1	2	127	2OG-FeII_Oxy_6	PF20515.4	6e-41
Pucgra_XP_003319394.2	180	364	2OG-FeII_Oxy_6	PF20515.4	9.8e-41
Pstr_XP_047801306.1	1	143	2OG-FeII_Oxy_6	PF20515.4	8.4e-41
Pcor_PLW32214.1	372	509	2OG-FeII_Oxy_6	PF20515.4	1.2e-40
Psor_KNZ48153.1	29	94	2OG-FeII_Oxy_6	PF20515.4	2.1e-15
Psor_KNZ48153.1	95	165	2OG-FeII_Oxy_6	PF20515.4	1.2e-25
Psor_KNZ46861.1	82	238	2OG-FeII_Oxy_6	PF20515.4	1.4e-40
Dbis_THU96436.1	195	395	2OG-FeII_Oxy_6	PF20515.4	1.4e-40
Pcor_PLW25711.1	107	270	2OG-FeII_Oxy_6	PF20515.4	2.1e-40
Pcor_PLW41834.1	260	439	2OG-FeII_Oxy_6	PF20515.4	1.3e-39
Pcor_PLW10446.1	9	212	2OG-FeII_Oxy_6	PF20515.4	2.4e-40
Pcor_PLW04480.1	107	284	2OG-FeII_Oxy_6	PF20515.4	4.5e-40
Ccor_KZT55308.1	1	175	2OG-FeII_Oxy_6	PF20515.4	4.3e-40
Mlar_XP_007410637.1	123	310	2OG-FeII_Oxy_6	PF20515.4	6.3e-40
Pstr_XP_047808652.1	1	126	2OG-FeII_Oxy_6	PF20515.4	1.1e-39
Mlar_XP_007404418.1	67	246	2OG-FeII_Oxy_6	PF20515.4	7.6e-40
Pucgra_XP_003322175.2	1	127	2OG-FeII_Oxy_6	PF20515.4	1e-39
Tsp.J132_KNZ71654.1	208	401	2OG-FeII_Oxy_6	PF20515.4	2.1e-39
Pcor_PLW06609.1	157	319	2OG-FeII_Oxy_6	PF20515.4	2.4e-39
Pucgra_XP_003323635.2	214	388	2OG-FeII_Oxy_6	PF20515.4	2.5e-39
Pstr_XP_047810562.1	130	283	2OG-FeII_Oxy_6	PF20515.4	2.3e-39
Amus_KIL65066.1	3	190	2OG-FeII_Oxy_6	PF20515.4	2.2e-39
Aimm_RPA72980.1	121	330	2OG-FeII_Oxy_6	PF20515.4	3.3e-39
Psor_KNZ45412.1	1	126	2OG-FeII_Oxy_6	PF20515.4	3.1e-39
Pcor_PLW04360.1	566	711	2OG-FeII_Oxy_6	PF20515.4	5.1e-39
Psor_KNZ45062.1	16	190	2OG-FeII_Oxy_6	PF20515.4	1.1e-38
Pucgra_XP_003334600.2	4	151	2OG-FeII_Oxy_6	PF20515.4	4.1e-38
Psor_KNZ43977.1	51	192	2OG-FeII_Oxy_6	PF20515.4	2e-38
Psor_KNZ52889.1	91	251	2OG-FeII_Oxy_6	PF20515.4	2.1e-38
Psor_KNZ49258.1	101	244	2OG-FeII_Oxy_6	PF20515.4	3.9e-38
Psor_KNZ46070.1	87	255	2OG-FeII_Oxy_6	PF20515.4	4e-37
Pstr_XP_047803445.1	67	268	2OG-FeII_Oxy_6	PF20515.4	5.3e-38
Ptri_XP_053027650.1	39	223	2OG-FeII_Oxy_6	PF20515.4	4.8e-38
Mlar_XP_007413061.1	131	327	2OG-FeII_Oxy_6	PF20515.4	1.1e-37
Mlar_XP_007409094.1	42	178	2OG-FeII_Oxy_6	PF20515.4	7.9e-38
Pstr_XP_047800248.1	2	123	2OG-FeII_Oxy_6	PF20515.4	9.4e-38
Mlar_XP_007415665.1	507	701	2OG-FeII_Oxy_6	PF20515.4	2.3e-37
Pucgra_XP_003322043.2	348	534	2OG-FeII_Oxy_6	PF20515.4	2.1e-37
Psor_KNZ53297.1	1	113	2OG-FeII_Oxy_6	PF20515.4	1.8e-37
Pcor_PLW23198.1	41	157	2OG-FeII_Oxy_6	PF20515.4	2.4e-37
Mlar_XP_007417319.1	338	526	2OG-FeII_Oxy_6	PF20515.4	3.2e-37
Pstr_XP_047799894.1	115	295	2OG-FeII_Oxy_6	PF20515.4	3.3e-37
Pcor_PLW27729.1	162	267	2OG-FeII_Oxy_6	PF20515.4	4.9e-30
Psor_KNZ63652.1	158	202	2OG-FeII_Oxy_6	PF20515.4	1.2e-07
Psor_KNZ63652.1	212	306	2OG-FeII_Oxy_6	PF20515.4	1.3e-28
Psor_KNZ47827.1	8	145	2OG-FeII_Oxy_6	PF20515.4	2.6e-34
Mlar_XP_007419209.1	160	321	2OG-FeII_Oxy_6	PF20515.4	1.1e-34
Ctor_KIY61786.1	130	341	2OG-FeII_Oxy_6	PF20515.4	2e-36
Ptri_XP_053018608.1	1	109	2OG-FeII_Oxy_6	PF20515.4	2.6e-36
Mlar_XP_007414257.1	1	177	2OG-FeII_Oxy_6	PF20515.4	3.4e-36
Psor_KNZ63195.1	3	90	2OG-FeII_Oxy_6	PF20515.4	6.1e-36
Pucgra_XP_003329664.2	283	399	2OG-FeII_Oxy_6	PF20515.4	2.9e-35
Pcor_PLW45264.1	4	163	2OG-FeII_Oxy_6	PF20515.4	2.1e-35
Pcor_PLW30809.1	139	320	2OG-FeII_Oxy_6	PF20515.4	4.6e-35
Mlar_XP_007419597.1	389	555	2OG-FeII_Oxy_6	PF20515.4	4.7e-35
Pcor_PLW28468.1	35	164	2OG-FeII_Oxy_6	PF20515.4	3.9e-35
Pucgra_XP_003336994.2	211	385	2OG-FeII_Oxy_6	PF20515.4	1.6e-32
Pucgra_XP_003322023.1	4	178	2OG-FeII_Oxy_6	PF20515.4	4.4e-35
Mlar_XP_007403964.1	1	178	2OG-FeII_Oxy_6	PF20515.4	1.1e-34
Pucgra_XP_003307491.1	144	332	2OG-FeII_Oxy_6	PF20515.4	2.5e-34
Psor_KNZ44281.1	52	148	2OG-FeII_Oxy_6	PF20515.4	1.8e-34
Psor_KNZ49386.1	63	200	2OG-FeII_Oxy_6	PF20515.4	2.2e-34
Pcor_PLW30135.1	4	183	2OG-FeII_Oxy_6	PF20515.4	2.6e-34
Dbis_THV05923.1	200	393	2OG-FeII_Oxy_6	PF20515.4	4.1e-34
Ptri_XP_053027707.1	243	379	2OG-FeII_Oxy_6	PF20515.4	4.5e-34
Mlar_XP_007409188.1	391	557	2OG-FeII_Oxy_6	PF20515.4	4.6e-34
Psor_KNZ51105.1	108	272	2OG-FeII_Oxy_6	PF20515.4	5.5e-34
Pcor_PLW30733.1	256	396	2OG-FeII_Oxy_6	PF20515.4	1.2e-33
Psor_KNZ47334.1	51	126	2OG-FeII_Oxy_6	PF20515.4	1.5e-09
Psor_KNZ47334.1	130	205	2OG-FeII_Oxy_6	PF20515.4	1.4e-23
Pstr_XP_047809519.1	1	71	2OG-FeII_Oxy_6	PF20515.4	9.7e-17
Pstr_XP_047809519.1	74	139	2OG-FeII_Oxy_6	PF20515.4	2.7e-16
Ptri_XP_053020590.1	218	314	2OG-FeII_Oxy_6	PF20515.4	2.4e-22
Ptri_XP_053020590.1	314	357	2OG-FeII_Oxy_6	PF20515.4	1.3e-10
Mlar_XP_007410134.1	246	376	2OG-FeII_Oxy_6	PF20515.4	1.1e-33
Tmes_XP_007004041.1	986	1167	2OG-FeII_Oxy_6	PF20515.4	2e-33
Pucgra_XP_003320092.1	11	180	2OG-FeII_Oxy_6	PF20515.4	1.2e-33
Aimm_RPA87696.1	138	330	2OG-FeII_Oxy_6	PF20515.4	1.4e-33
Psor_KNZ64096.1	2	108	2OG-FeII_Oxy_6	PF20515.4	2e-33
Pucgra_XP_003336624.2	1126	1283	2OG-FeII_Oxy_6	PF20515.4	4.3e-33
Soch_TCD70772.1	313	481	2OG-FeII_Oxy_6	PF20515.4	1.2e-32
Pcor_PLW31524.1	10	190	2OG-FeII_Oxy_6	PF20515.4	4.3e-33
Mlar_XP_007414240.1	326	456	2OG-FeII_Oxy_6	PF20515.4	6.1e-33
Pcor_PLW37803.1	3	128	2OG-FeII_Oxy_6	PF20515.4	5.5e-33
Pstr_XP_047810536.1	2	144	2OG-FeII_Oxy_6	PF20515.4	8.5e-33
Ctor_KIY61629.1	116	331	2OG-FeII_Oxy_6	PF20515.4	1.4e-32
Pucgra_XP_003335662.2	2	126	2OG-FeII_Oxy_6	PF20515.4	9.3e-33
Nenc_ORY27934.1	166	355	2OG-FeII_Oxy_6	PF20515.4	1e-32
Pcor_PLW31209.1	236	371	2OG-FeII_Oxy_6	PF20515.4	1.2e-32
Pcor_PLW41628.1	7	143	2OG-FeII_Oxy_6	PF20515.4	1e-32
Pcor_PLW47884.1	382	559	2OG-FeII_Oxy_6	PF20515.4	2e-32
Pcor_PLW41659.1	142	286	2OG-FeII_Oxy_6	PF20515.4	1.8e-32
Dbis_THU98009.1	220	410	2OG-FeII_Oxy_6	PF20515.4	2.7e-32
Ptri_XP_053017507.1	9	166	2OG-FeII_Oxy_6	PF20515.4	2.6e-32
Ptri_XP_053017984.1	97	248	2OG-FeII_Oxy_6	PF20515.4	3.5e-32
Psor_KNZ54722.1	90	142	2OG-FeII_Oxy_6	PF20515.4	2.3e-09
Psor_KNZ54722.1	196	245	2OG-FeII_Oxy_6	PF20515.4	2e-16
Psor_KNZ47396.1	129	241	2OG-FeII_Oxy_6	PF20515.4	6.2e-32
Aimm_RPA85268.1	112	315	2OG-FeII_Oxy_6	PF20515.4	8.4e-32
Ptri_XP_053024524.1	18	163	2OG-FeII_Oxy_6	PF20515.4	1e-31
Mlar_XP_007408376.1	130	297	2OG-FeII_Oxy_6	PF20515.4	1.1e-31
Pcor_PLW29789.1	4	56	2OG-FeII_Oxy_6	PF20515.4	3.8e-09
Pcor_PLW29789.1	55	145	2OG-FeII_Oxy_6	PF20515.4	4.5e-22
Aimm_RPA79688.1	629	817	2OG-FeII_Oxy_6	PF20515.4	3.5e-31
Psor_KNZ44691.1	194	343	2OG-FeII_Oxy_6	PF20515.4	2.1e-31
Mlar_XP_007407964.1	353	483	2OG-FeII_Oxy_6	PF20515.4	2.6e-31
Dbis_THU77891.1	323	513	2OG-FeII_Oxy_6	PF20515.4	2.5e-31
Pcor_PLW51133.1	106	245	2OG-FeII_Oxy_6	PF20515.4	2.8e-31
Nenc_ORY31071.1	84	267	2OG-FeII_Oxy_6	PF20515.4	2.9e-31
Pcor_PLW34004.1	142	265	2OG-FeII_Oxy_6	PF20515.4	5.3e-31
Aimm_RPA71358.1	135	332	2OG-FeII_Oxy_6	PF20515.4	6.7e-31
Pcor_PLW39006.1	466	596	2OG-FeII_Oxy_6	PF20515.4	6.4e-31
Pcor_PLW04897.1	50	161	2OG-FeII_Oxy_6	PF20515.4	6.1e-31
Pcor_PLW39450.1	50	161	2OG-FeII_Oxy_6	PF20515.4	6.1e-31
Pcor_PLW23614.1	510	640	2OG-FeII_Oxy_6	PF20515.4	9.9e-31
Lbic_XP_001888886.1	4	187	2OG-FeII_Oxy_6	PF20515.4	9.5e-31
Psor_KNZ50186.1	55	226	2OG-FeII_Oxy_6	PF20515.4	2.1e-29
Soch_TCD59762.1	239	402	2OG-FeII_Oxy_6	PF20515.4	1.8e-30
Mlar_XP_007407313.1	136	237	2OG-FeII_Oxy_6	PF20515.4	5.9e-10
Mlar_XP_007407313.1	238	311	2OG-FeII_Oxy_6	PF20515.4	2.3e-19
Tmes_XP_007001615.1	387	570	2OG-FeII_Oxy_6	PF20515.4	2e-30
Psor_KNZ52608.1	32	168	2OG-FeII_Oxy_6	PF20515.4	2.6e-30
Mlar_XP_007405866.1	130	228	2OG-FeII_Oxy_6	PF20515.4	3.3e-29
Mlar_XP_007407147.1	228	329	2OG-FeII_Oxy_6	PF20515.4	3.1e-08
Mlar_XP_007407147.1	330	403	2OG-FeII_Oxy_6	PF20515.4	2.4e-20
Pucgra_XP_003335318.1	118	235	2OG-FeII_Oxy_6	PF20515.4	2.3e-29
Pucgra_XP_003322384.2	186	336	2OG-FeII_Oxy_6	PF20515.4	3.4e-29
Pcor_PLW28463.1	52	140	2OG-FeII_Oxy_6	PF20515.4	3.1e-25
Mlar_XP_007405108.1	119	248	2OG-FeII_Oxy_6	PF20515.4	6.6e-29
Psor_KNZ45172.1	43	124	2OG-FeII_Oxy_6	PF20515.4	9.3e-29
Pucgra_XP_003331413.2	4	130	2OG-FeII_Oxy_6	PF20515.4	1e-28
Psor_KNZ55699.1	63	191	2OG-FeII_Oxy_6	PF20515.4	3.9e-28
Pcor_PLW12671.1	166	322	2OG-FeII_Oxy_6	PF20515.4	1e-27
Pstr_XP_047808524.1	5	58	2OG-FeII_Oxy_6	PF20515.4	1.1e-07
Pstr_XP_047808524.1	84	175	2OG-FeII_Oxy_6	PF20515.4	2.2e-20
Pcor_PLW47449.1	54	145	2OG-FeII_Oxy_6	PF20515.4	9.8e-22
Pstr_XP_047795758.1	84	175	2OG-FeII_Oxy_6	PF20515.4	3.2e-20
Pcor_PLW15742.1	5	116	2OG-FeII_Oxy_6	PF20515.4	2.7e-28
Ptri_XP_053023155.1	365	530	2OG-FeII_Oxy_6	PF20515.4	4.6e-28
Psor_KNZ59907.1	128	232	2OG-FeII_Oxy_6	PF20515.4	1.5e-25
Pucgra_XP_003326947.1	361	459	2OG-FeII_Oxy_6	PF20515.4	1.9e-24
Ptri_XP_053022596.1	429	592	2OG-FeII_Oxy_6	PF20515.4	6.6e-28
Pucgra_XP_003321782.2	443	584	2OG-FeII_Oxy_6	PF20515.4	8.6e-28
Psor_KNZ44653.1	1	98	2OG-FeII_Oxy_6	PF20515.4	6.8e-28
Pstr_XP_047808641.1	160	352	2OG-FeII_Oxy_6	PF20515.4	1.4e-27
Psor_KNZ58935.1	56	152	2OG-FeII_Oxy_6	PF20515.4	6.5e-17
Psor_KNZ58935.1	171	220	2OG-FeII_Oxy_6	PF20515.4	1.7e-09
Pcor_PLW30935.1	1	145	2OG-FeII_Oxy_6	PF20515.4	2e-27
Pucgra_XP_003332244.2	225	339	2OG-FeII_Oxy_6	PF20515.4	3.7e-23
Psor_KNZ44879.1	1	109	2OG-FeII_Oxy_6	PF20515.4	3.6e-27
Pucgra_XP_003307357.1	1	109	2OG-FeII_Oxy_6	PF20515.4	6.1e-27
Psor_KNZ61079.1	5	94	2OG-FeII_Oxy_6	PF20515.4	6.9e-27
Pucgra_XP_003323202.1	112	252	2OG-FeII_Oxy_6	PF20515.4	1.2e-26
Mlar_XP_007417885.1	26	169	2OG-FeII_Oxy_6	PF20515.4	1.8e-26
Psor_KNZ64697.1	52	105	2OG-FeII_Oxy_6	PF20515.4	1.4e-08
Psor_KNZ64697.1	106	206	2OG-FeII_Oxy_6	PF20515.4	5.8e-17
Psor_KNZ48352.1	50	205	2OG-FeII_Oxy_6	PF20515.4	3e-26
Psor_KNZ56708.1	123	197	2OG-FeII_Oxy_6	PF20515.4	4.4e-11
Psor_KNZ56708.1	198	233	2OG-FeII_Oxy_6	PF20515.4	1.4e-12
Psor_KNZ47777.1	21	135	2OG-FeII_Oxy_6	PF20515.4	3e-26
Psor_KNZ57871.1	65	186	2OG-FeII_Oxy_6	PF20515.4	4.2e-25
Psor_KNZ64698.1	35	195	2OG-FeII_Oxy_6	PF20515.4	1.2e-25
Psor_KNZ60404.1	1	128	2OG-FeII_Oxy_6	PF20515.4	4.8e-26
Psor_KNZ51589.1	178	284	2OG-FeII_Oxy_6	PF20515.4	6.9e-26
Psor_KNZ46303.1	46	143	2OG-FeII_Oxy_6	PF20515.4	5.5e-26
Psor_KNZ47539.1	3	85	2OG-FeII_Oxy_6	PF20515.4	5.1e-17
Psor_KNZ47539.1	84	117	2OG-FeII_Oxy_6	PF20515.4	8.5e-09
Mlar_XP_007404488.1	134	332	2OG-FeII_Oxy_6	PF20515.4	1e-25
Ptri_XP_053027802.1	66	184	2OG-FeII_Oxy_6	PF20515.4	8.8e-24
Psor_KNZ57032.1	84	158	2OG-FeII_Oxy_6	PF20515.4	6.2e-14
Psor_KNZ57032.1	223	266	2OG-FeII_Oxy_6	PF20515.4	1.6e-10
Psor_KNZ48444.1	39	145	2OG-FeII_Oxy_6	PF20515.4	1.2e-25
Mlar_XP_007415949.1	130	259	2OG-FeII_Oxy_6	PF20515.4	1.2e-25
Psor_KNZ63625.1	35	155	2OG-FeII_Oxy_6	PF20515.4	1.6e-25
Pucgra_XP_003334323.1	3	144	2OG-FeII_Oxy_6	PF20515.4	1.5e-25
Psor_KNZ51394.1	5	112	2OG-FeII_Oxy_6	PF20515.4	1.6e-25
Psor_KNZ55740.1	214	345	2OG-FeII_Oxy_6	PF20515.4	5.7e-25
Pcor_PLW09009.1	72	216	2OG-FeII_Oxy_6	PF20515.4	1.1e-24
Pstr_XP_047811106.1	45	136	2OG-FeII_Oxy_6	PF20515.4	5.5e-25
Pstr_XP_047811107.1	45	136	2OG-FeII_Oxy_6	PF20515.4	5.5e-25
Mlar_XP_007419443.1	101	305	2OG-FeII_Oxy_6	PF20515.4	7e-25
Psor_KNZ49551.1	7	97	2OG-FeII_Oxy_6	PF20515.4	1.3e-24
Psor_KNZ50240.1	58	151	2OG-FeII_Oxy_6	PF20515.4	1.3e-24
Tmes_XP_007005841.1	290	489	2OG-FeII_Oxy_6	PF20515.4	2.4e-24
Pstr_XP_047800078.1	6	147	2OG-FeII_Oxy_6	PF20515.4	1.8e-24
Pcor_PLW31083.1	198	323	2OG-FeII_Oxy_6	PF20515.4	3.3e-24
Psor_KNZ44802.1	150	242	2OG-FeII_Oxy_6	PF20515.4	4.9e-20
Mlar_XP_007419435.1	111	315	2OG-FeII_Oxy_6	PF20515.4	5.5e-24
Pucgra_XP_003307595.2	118	218	2OG-FeII_Oxy_6	PF20515.4	4.8e-24
Pcor_PLW47442.1	145	248	2OG-FeII_Oxy_6	PF20515.4	8.8e-24
Pucgra_XP_003336883.2	142	220	2OG-FeII_Oxy_6	PF20515.4	8.6e-24
Pstr_XP_047804869.1	5	168	2OG-FeII_Oxy_6	PF20515.4	6.8e-24
Pcor_PLW45016.1	107	242	2OG-FeII_Oxy_6	PF20515.4	9.9e-24
Pcor_PLW44153.1	117	217	2OG-FeII_Oxy_6	PF20515.4	8.8e-24
Pstr_XP_047798377.1	19	137	2OG-FeII_Oxy_6	PF20515.4	1.6e-23
Pstr_XP_047804958.1	3	96	2OG-FeII_Oxy_6	PF20515.4	1.3e-23
Psor_KNZ58562.1	44	105	2OG-FeII_Oxy_6	PF20515.4	4.5e-18
Psor_KNZ50446.1	21	85	2OG-FeII_Oxy_6	PF20515.4	1.4e-23
Pstr_XP_047795851.1	182	233	2OG-FeII_Oxy_6	PF20515.4	6.8e-08
Pstr_XP_047795851.1	255	300	2OG-FeII_Oxy_6	PF20515.4	1.8e-14
Psor_KNZ64386.1	3	78	2OG-FeII_Oxy_6	PF20515.4	1.8e-23
Psor_KNZ56286.1	11	149	2OG-FeII_Oxy_6	PF20515.4	2.1e-23
Pstr_XP_047810439.1	63	147	2OG-FeII_Oxy_6	PF20515.4	2.8e-23
Psor_KNZ53554.1	33	156	2OG-FeII_Oxy_6	PF20515.4	3.8e-23
Ptri_XP_053024945.1	695	868	2OG-FeII_Oxy_6	PF20515.4	3.3e-23
Mlar_XP_007412378.1	115	304	2OG-FeII_Oxy_6	PF20515.4	7.5e-23
Pcor_PLW24971.1	473	597	2OG-FeII_Oxy_6	PF20515.4	5.7e-23
Psor_KNZ64568.1	10	85	2OG-FeII_Oxy_6	PF20515.4	2.1e-14
Pcor_PLW09938.1	165	262	2OG-FeII_Oxy_6	PF20515.4	1.8e-22
Pcor_PLW39332.1	165	262	2OG-FeII_Oxy_6	PF20515.4	1.8e-22
Mlar_XP_007410738.1	396	532	2OG-FeII_Oxy_6	PF20515.4	1.1e-20
Psor_KNZ49144.1	170	242	2OG-FeII_Oxy_6	PF20515.4	3.9e-20
Mlar_XP_007405404.1	116	305	2OG-FeII_Oxy_6	PF20515.4	1e-21
Psor_KNZ57604.1	84	154	2OG-FeII_Oxy_6	PF20515.4	9.5e-22
Ptri_XP_053028442.1	502	599	2OG-FeII_Oxy_6	PF20515.4	1.8e-21
Mlar_XP_007411690.1	6	92	2OG-FeII_Oxy_6	PF20515.4	9.6e-22
Psor_KNZ47411.1	20	94	2OG-FeII_Oxy_6	PF20515.4	8.5e-22
Psor_KNZ49134.1	20	124	2OG-FeII_Oxy_6	PF20515.4	7.4e-22
Psor_KNZ45485.1	67	155	2OG-FeII_Oxy_6	PF20515.4	1.1e-21
Psor_KNZ48935.1	2	129	2OG-FeII_Oxy_6	PF20515.4	1.5e-21
Mlar_XP_007418741.1	91	145	2OG-FeII_Oxy_6	PF20515.4	8.8e-14
Pstr_XP_047799034.1	154	224	2OG-FeII_Oxy_6	PF20515.4	2.7e-21
Psor_KNZ64624.1	97	179	2OG-FeII_Oxy_6	PF20515.4	7e-20
Psor_KNZ50101.1	46	138	2OG-FeII_Oxy_6	PF20515.4	3e-21
Psor_KNZ44561.1	29	115	2OG-FeII_Oxy_6	PF20515.4	3e-13
Pstr_XP_047811177.1	135	216	2OG-FeII_Oxy_6	PF20515.4	4.6e-21
Ptri_XP_053025205.1	187	276	2OG-FeII_Oxy_6	PF20515.4	5.9e-21
Ptri_XP_053028246.1	119	235	2OG-FeII_Oxy_6	PF20515.4	2.6e-20
Hcyl_KIM37465.1	2	83	2OG-FeII_Oxy_6	PF20515.4	5.4e-21
Ptri_XP_053026470.1	71	153	2OG-FeII_Oxy_6	PF20515.4	1.2e-18
Mlar_XP_007412574.1	1	180	2OG-FeII_Oxy_6	PF20515.4	9.4e-21
Psor_KNZ44161.1	111	173	2OG-FeII_Oxy_6	PF20515.4	1.2e-20
Psor_KNZ63090.1	170	232	2OG-FeII_Oxy_6	PF20515.4	7.7e-14
Psor_KNZ55769.1	1	58	2OG-FeII_Oxy_6	PF20515.4	1.7e-20
Psor_KNZ62075.1	200	240	2OG-FeII_Oxy_6	PF20515.4	3.4e-14
Psor_KNZ51652.1	7	93	2OG-FeII_Oxy_6	PF20515.4	1.8e-20
Pstr_XP_047808736.1	3	71	2OG-FeII_Oxy_6	PF20515.4	2.2e-20
Psor_KNZ63019.1	57	99	2OG-FeII_Oxy_6	PF20515.4	1.3e-11
Psor_KNZ62071.1	186	227	2OG-FeII_Oxy_6	PF20515.4	8.1e-09
Mlar_XP_007407804.1	150	293	2OG-FeII_Oxy_6	PF20515.4	1.3e-19
Psor_KNZ54155.1	134	197	2OG-FeII_Oxy_6	PF20515.4	2.6e-16
Psor_KNZ45984.1	6	103	2OG-FeII_Oxy_6	PF20515.4	3.8e-13
Mlar_XP_007412459.1	3	85	2OG-FeII_Oxy_6	PF20515.4	1.2e-19
Ptri_XP_053018558.1	10	121	2OG-FeII_Oxy_6	PF20515.4	1.3e-19
Pstr_XP_047803366.1	1	98	2OG-FeII_Oxy_6	PF20515.4	3.5e-19
Mlar_XP_007414965.1	126	226	2OG-FeII_Oxy_6	PF20515.4	1.2e-09
Mlar_XP_007414965.1	229	259	2OG-FeII_Oxy_6	PF20515.4	1.7e-08
Pucgra_XP_003322254.1	256	354	2OG-FeII_Oxy_6	PF20515.4	3.4e-19
Mlar_XP_007416189.1	116	286	2OG-FeII_Oxy_6	PF20515.4	4.8e-19
Psor_KNZ48000.1	10	92	2OG-FeII_Oxy_6	PF20515.4	6.1e-19
Psor_KNZ62695.1	169	231	2OG-FeII_Oxy_6	PF20515.4	8e-19
Psor_KNZ44312.1	5	73	2OG-FeII_Oxy_6	PF20515.4	7.9e-11
Psor_KNZ49483.1	64	106	2OG-FeII_Oxy_6	PF20515.4	3e-14
Psor_KNZ52742.1	123	211	2OG-FeII_Oxy_6	PF20515.4	3.7e-18
Psor_KNZ62492.1	123	211	2OG-FeII_Oxy_6	PF20515.4	3.7e-18
Psor_KNZ57409.1	44	109	2OG-FeII_Oxy_6	PF20515.4	1.6e-18
Aimm_RPA87694.1	119	269	2OG-FeII_Oxy_6	PF20515.4	3.1e-18
Psor_KNZ60410.1	174	220	2OG-FeII_Oxy_6	PF20515.4	4.9e-13
Pucgra_XP_003320799.2	144	218	2OG-FeII_Oxy_6	PF20515.4	8.5e-18
Mlar_XP_007411172.1	91	198	2OG-FeII_Oxy_6	PF20515.4	6.2e-18
Nenc_ORY21640.1	7	94	2OG-FeII_Oxy_6	PF20515.4	5.9e-18
Mlar_XP_007418366.1	19	85	2OG-FeII_Oxy_6	PF20515.4	1.3e-17
Mlar_XP_007419227.1	19	85	2OG-FeII_Oxy_6	PF20515.4	1.3e-17
Pcor_PLW32331.1	5	85	2OG-FeII_Oxy_6	PF20515.4	1.1e-17
Psor_KNZ49449.1	73	160	2OG-FeII_Oxy_6	PF20515.4	1.6e-15
Psor_KNZ64531.1	1	70	2OG-FeII_Oxy_6	PF20515.4	2.2e-16
Pucgra_XP_003330141.2	339	394	2OG-FeII_Oxy_6	PF20515.4	6.3e-17
Pstr_XP_047800247.1	118	189	2OG-FeII_Oxy_6	PF20515.4	3.8e-17
Psor_KNZ47815.1	185	235	2OG-FeII_Oxy_6	PF20515.4	5.3e-10
Soch_TCD59876.1	336	421	2OG-FeII_Oxy_6	PF20515.4	2.1e-10
Mlar_XP_007413076.1	74	157	2OG-FeII_Oxy_6	PF20515.4	1.2e-14
Psor_KNZ46867.1	56	124	2OG-FeII_Oxy_6	PF20515.4	2e-10
Pcor_PLW16284.1	236	327	2OG-FeII_Oxy_6	PF20515.4	1.2e-16
Pcor_PLW35320.1	235	327	2OG-FeII_Oxy_6	PF20515.4	1.3e-16
Psor_KNZ62756.1	1	57	2OG-FeII_Oxy_6	PF20515.4	1.3e-16
Pcor_PLW38718.1	127	231	2OG-FeII_Oxy_6	PF20515.4	2.1e-16
Psor_KNZ63844.1	32	122	2OG-FeII_Oxy_6	PF20515.4	7.6e-16
Psor_KNZ63117.1	62	118	2OG-FeII_Oxy_6	PF20515.4	9.5e-16
Pcor_PLW33228.1	9	111	2OG-FeII_Oxy_6	PF20515.4	2.7e-16
Psor_KNZ63118.1	68	124	2OG-FeII_Oxy_6	PF20515.4	1.2e-15
Psor_KNZ49871.1	129	194	2OG-FeII_Oxy_6	PF20515.4	7.6e-16
Psor_KNZ55145.1	1	48	2OG-FeII_Oxy_6	PF20515.4	5.9e-09
Psor_KNZ46458.1	82	158	2OG-FeII_Oxy_6	PF20515.4	5.2e-16
Mlar_XP_007418836.1	495	571	2OG-FeII_Oxy_6	PF20515.4	6.3e-16
Psor_KNZ49476.1	27	68	2OG-FeII_Oxy_6	PF20515.4	4.3e-16
Mlar_XP_007408258.1	110	219	2OG-FeII_Oxy_6	PF20515.4	1.2e-11
Psor_KNZ50060.1	1	58	2OG-FeII_Oxy_6	PF20515.4	5.1e-16
Ptri_XP_053023413.1	128	196	2OG-FeII_Oxy_6	PF20515.4	7.4e-16
Psor_KNZ59205.1	10	145	2OG-FeII_Oxy_6	PF20515.4	6.9e-16
Pcor_PLW07402.1	116	225	2OG-FeII_Oxy_6	PF20515.4	1.2e-15
Ptri_XP_053021528.1	3	90	2OG-FeII_Oxy_6	PF20515.4	7.8e-16
Psor_KNZ63931.1	43	99	2OG-FeII_Oxy_6	PF20515.4	8e-16
Psor_KNZ63714.1	26	76	2OG-FeII_Oxy_6	PF20515.4	1.3e-15
Psor_KNZ44348.1	2	56	2OG-FeII_Oxy_6	PF20515.4	1.2e-15
Pcor_PLW26631.1	438	517	2OG-FeII_Oxy_6	PF20515.4	4.3e-15
Psor_KNZ44089.1	108	186	2OG-FeII_Oxy_6	PF20515.4	1.1e-14
Psor_KNZ52462.1	2	101	2OG-FeII_Oxy_6	PF20515.4	2.7e-15
Psor_KNZ49498.1	197	237	2OG-FeII_Oxy_6	PF20515.4	1.4e-07
Pcor_PLW24235.1	192	254	2OG-FeII_Oxy_6	PF20515.4	8.1e-15
Psor_KNZ63463.1	40	122	2OG-FeII_Oxy_6	PF20515.4	4.1e-15
Tmes_XP_007005030.1	381	554	2OG-FeII_Oxy_6	PF20515.4	1.3e-13
Psor_KNZ58050.1	64	134	2OG-FeII_Oxy_6	PF20515.4	7.2e-15
Psor_KNZ64162.1	134	235	2OG-FeII_Oxy_6	PF20515.4	1e-13
Psor_KNZ61002.1	64	138	2OG-FeII_Oxy_6	PF20515.4	3.5e-10
Psor_KNZ61003.1	64	138	2OG-FeII_Oxy_6	PF20515.4	3.5e-10
Pstr_XP_047808617.1	115	165	2OG-FeII_Oxy_6	PF20515.4	2.8e-11
Pcor_PLW39515.1	155	207	2OG-FeII_Oxy_6	PF20515.4	2.8e-14
Psor_KNZ46048.1	1	39	2OG-FeII_Oxy_6	PF20515.4	1.9e-14
Psor_KNZ48478.1	108	171	2OG-FeII_Oxy_6	PF20515.4	2.5e-14
Pcor_PLW33386.1	187	239	2OG-FeII_Oxy_6	PF20515.4	3.6e-14
Pcor_PLW49655.1	187	239	2OG-FeII_Oxy_6	PF20515.4	3.6e-14
Pcor_PLW09940.1	10	70	2OG-FeII_Oxy_6	PF20515.4	3.3e-14
Pcor_PLW39347.1	10	70	2OG-FeII_Oxy_6	PF20515.4	3.3e-14
Mlar_XP_007409881.1	229	271	2OG-FeII_Oxy_6	PF20515.4	8.5e-12
Psor_KNZ45782.1	3	49	2OG-FeII_Oxy_6	PF20515.4	4.3e-14
Psor_KNZ63908.1	78	161	2OG-FeII_Oxy_6	PF20515.4	7.6e-14
Psor_KNZ63756.1	1	85	2OG-FeII_Oxy_6	PF20515.4	3.6e-12
Pcor_PLW04884.1	170	244	2OG-FeII_Oxy_6	PF20515.4	2.6e-13
Pstr_XP_047798696.1	60	120	2OG-FeII_Oxy_6	PF20515.4	2.8e-13
Pcor_PLW26240.1	183	256	2OG-FeII_Oxy_6	PF20515.4	5.5e-13
Psor_KNZ61648.1	164	243	2OG-FeII_Oxy_6	PF20515.4	3e-13
Psor_KNZ45754.1	15	70	2OG-FeII_Oxy_6	PF20515.4	2.3e-13
Psor_KNZ51264.1	20	70	2OG-FeII_Oxy_6	PF20515.4	2.1e-09
Psor_KNZ49418.1	84	134	2OG-FeII_Oxy_6	PF20515.4	1e-08
Psor_KNZ52925.1	45	101	2OG-FeII_Oxy_6	PF20515.4	5e-13
Pstr_XP_047799415.1	3	59	2OG-FeII_Oxy_6	PF20515.4	6.5e-13
Psor_KNZ46211.1	131	187	2OG-FeII_Oxy_6	PF20515.4	6.4e-13
Psor_KNZ58015.1	93	163	2OG-FeII_Oxy_6	PF20515.4	1.8e-11
Pcor_PLW50258.1	340	389	2OG-FeII_Oxy_6	PF20515.4	9.9e-13
Psor_KNZ61658.1	138	253	2OG-FeII_Oxy_6	PF20515.4	1.5e-12
Mlar_XP_007407509.1	125	227	2OG-FeII_Oxy_6	PF20515.4	1.1e-12
Pcor_PLW40983.1	171	244	2OG-FeII_Oxy_6	PF20515.4	1.9e-12
Pstr_XP_047806593.1	77	165	2OG-FeII_Oxy_6	PF20515.4	8.4e-13
Psor_KNZ64433.1	55	96	2OG-FeII_Oxy_6	PF20515.4	1.2e-12
Psor_KNZ56933.1	87	135	2OG-FeII_Oxy_6	PF20515.4	7.5e-12
Psor_KNZ59072.1	110	168	2OG-FeII_Oxy_6	PF20515.4	1.2e-12
Pucgra_XP_003328355.1	20	94	2OG-FeII_Oxy_6	PF20515.4	1.2e-12
Psor_KNZ62985.1	105	172	2OG-FeII_Oxy_6	PF20515.4	3.7e-12
Pcor_PLW31719.1	82	130	2OG-FeII_Oxy_6	PF20515.4	1.6e-12
Pcor_PLW31720.1	82	130	2OG-FeII_Oxy_6	PF20515.4	1.6e-12
Psor_KNZ57179.1	54	135	2OG-FeII_Oxy_6	PF20515.4	1.5e-12
Psor_KNZ47324.1	102	204	2OG-FeII_Oxy_6	PF20515.4	1.7e-12
Psor_KNZ59749.1	113	143	2OG-FeII_Oxy_6	PF20515.4	1.2e-07
Pcor_PLW25201.1	192	265	2OG-FeII_Oxy_6	PF20515.4	3.9e-12
Pcor_PLW29614.1	192	265	2OG-FeII_Oxy_6	PF20515.4	5e-12
Pstr_XP_047805667.1	1	51	2OG-FeII_Oxy_6	PF20515.4	3.1e-12
Psor_KNZ51901.1	46	105	2OG-FeII_Oxy_6	PF20515.4	5.2e-12
Psor_KNZ61915.1	142	199	2OG-FeII_Oxy_6	PF20515.4	9.3e-12
Psor_KNZ64565.1	20	129	2OG-FeII_Oxy_6	PF20515.4	6.3e-10
Psor_KNZ45308.1	112	163	2OG-FeII_Oxy_6	PF20515.4	1.6e-11
Mlar_XP_007418832.1	1	85	2OG-FeII_Oxy_6	PF20515.4	9.3e-09
Psor_KNZ45223.1	51	87	2OG-FeII_Oxy_6	PF20515.4	1.1e-11
Pcor_PLW09478.1	55	114	2OG-FeII_Oxy_6	PF20515.4	1.6e-11
Psor_KNZ61253.1	1	53	2OG-FeII_Oxy_6	PF20515.4	1.7e-11
Psor_KNZ46151.1	16	64	2OG-FeII_Oxy_6	PF20515.4	1.1e-07
Psor_KNZ47035.1	119	179	2OG-FeII_Oxy_6	PF20515.4	2.6e-11
Psor_KNZ62106.1	29	105	2OG-FeII_Oxy_6	PF20515.4	2.1e-11
Pucgra_XP_003334756.2	120	170	2OG-FeII_Oxy_6	PF20515.4	3.9e-11
Psor_KNZ56288.1	2	39	2OG-FeII_Oxy_6	PF20515.4	2.2e-11
Pstr_XP_047811464.1	10	108	2OG-FeII_Oxy_6	PF20515.4	2.9e-11
Psor_KNZ62177.1	1	61	2OG-FeII_Oxy_6	PF20515.4	3.6e-11
Psor_KNZ50844.1	31	69	2OG-FeII_Oxy_6	PF20515.4	4e-11
Psor_KNZ50968.1	134	212	2OG-FeII_Oxy_6	PF20515.4	2.3e-10
Psor_KNZ59032.1	99	173	2OG-FeII_Oxy_6	PF20515.4	5.6e-11
Psor_KNZ56466.1	36	132	2OG-FeII_Oxy_6	PF20515.4	6e-11
Psor_KNZ53912.1	68	125	2OG-FeII_Oxy_6	PF20515.4	1.3e-10
Psor_KNZ45397.1	88	142	2OG-FeII_Oxy_6	PF20515.4	3.2e-10
Psor_KNZ53602.1	54	94	2OG-FeII_Oxy_6	PF20515.4	1.3e-10
Psor_KNZ55873.1	30	120	2OG-FeII_Oxy_6	PF20515.4	1e-08
Psor_KNZ56717.1	137	196	2OG-FeII_Oxy_6	PF20515.4	4.2e-08
Psor_KNZ63669.1	28	95	2OG-FeII_Oxy_6	PF20515.4	1.4e-10
Pucgra_XP_003333813.2	2	70	2OG-FeII_Oxy_6	PF20515.4	1.3e-10
Psor_KNZ63654.1	75	145	2OG-FeII_Oxy_6	PF20515.4	1.6e-10
Psor_KNZ60085.1	183	238	2OG-FeII_Oxy_6	PF20515.4	2.6e-10
Pstr_XP_047800077.1	11	92	2OG-FeII_Oxy_6	PF20515.4	1.5e-10
Anig_TGZ77316.1	147	250	2OG-FeII_Oxy_6	PF20515.4	2.2e-10
Psor_KNZ62754.1	1	42	2OG-FeII_Oxy_6	PF20515.4	1.7e-10
Psor_KNZ63567.1	23	81	2OG-FeII_Oxy_6	PF20515.4	2.1e-10
Pucgra_XP_003330412.1	189	235	2OG-FeII_Oxy_6	PF20515.4	9.6e-09
Psor_KNZ48698.1	20	85	2OG-FeII_Oxy_6	PF20515.4	2.2e-10
Pcor_PLW32869.1	220	274	2OG-FeII_Oxy_6	PF20515.4	4.9e-10
Psor_KNZ53076.1	29	94	2OG-FeII_Oxy_6	PF20515.4	3.9e-10
Pcor_PLW43944.1	430	474	2OG-FeII_Oxy_6	PF20515.4	9.6e-10
Pcor_PLW30693.1	412	456	2OG-FeII_Oxy_6	PF20515.4	9.1e-10
Psor_KNZ57473.1	37	96	2OG-FeII_Oxy_6	PF20515.4	6.4e-10
Psor_KNZ51848.1	78	110	2OG-FeII_Oxy_6	PF20515.4	1.1e-09
Psor_KNZ45345.1	2	54	2OG-FeII_Oxy_6	PF20515.4	7.7e-10
Psor_KNZ62035.1	9	56	2OG-FeII_Oxy_6	PF20515.4	8.2e-10
Psor_KNZ46624.1	3	43	2OG-FeII_Oxy_6	PF20515.4	7.6e-10
Mlar_XP_007404227.1	1	86	2OG-FeII_Oxy_6	PF20515.4	1.2e-09
Psor_KNZ52392.1	41	114	2OG-FeII_Oxy_6	PF20515.4	8.3e-08
Psor_KNZ61554.1	1	88	2OG-FeII_Oxy_6	PF20515.4	1.9e-08
Psor_KNZ63539.1	1	42	2OG-FeII_Oxy_6	PF20515.4	1.5e-09
Psor_KNZ55402.1	45	98	2OG-FeII_Oxy_6	PF20515.4	2.1e-09
Pcor_PLW17386.1	357	421	2OG-FeII_Oxy_6	PF20515.4	7.3e-09
Psor_KNZ60428.1	30	83	2OG-FeII_Oxy_6	PF20515.4	4.1e-09
Psor_KNZ60568.1	29	105	2OG-FeII_Oxy_6	PF20515.4	8.7e-08
Psor_KNZ44770.1	13	62	2OG-FeII_Oxy_6	PF20515.4	6.3e-09
Psor_KNZ56326.1	1	51	2OG-FeII_Oxy_6	PF20515.4	4.7e-09
Psor_KNZ61477.1	7	46	2OG-FeII_Oxy_6	PF20515.4	5.5e-09
Psor_KNZ45805.1	6	65	2OG-FeII_Oxy_6	PF20515.4	6.3e-09
Pcor_PLW44978.1	3	82	2OG-FeII_Oxy_6	PF20515.4	7.2e-09
Psor_KNZ58444.1	65	113	2OG-FeII_Oxy_6	PF20515.4	1e-08
Mlar_XP_007414270.1	1	86	2OG-FeII_Oxy_6	PF20515.4	1e-08
Psor_KNZ62806.1	2	50	2OG-FeII_Oxy_6	PF20515.4	9.2e-09
Pstr_XP_047801879.1	10	139	2OG-FeII_Oxy_6	PF20515.4	5.1e-08
Pcor_PLW44986.1	405	449	2OG-FeII_Oxy_6	PF20515.4	1.9e-08
Psor_KNZ54647.1	75	130	2OG-FeII_Oxy_6	PF20515.4	1.4e-08
Pcor_PLW28713.1	2	71	2OG-FeII_Oxy_6	PF20515.4	1.1e-08
Pcor_PLW31906.1	193	243	2OG-FeII_Oxy_6	PF20515.4	1.7e-08
Psor_KNZ60504.1	7	60	2OG-FeII_Oxy_6	PF20515.4	1.4e-08
Psor_KNZ54723.1	103	151	2OG-FeII_Oxy_6	PF20515.4	2.7e-08
Pstr_XP_047804000.1	147	192	2OG-FeII_Oxy_6	PF20515.4	4.2e-08
Psor_KNZ59992.1	103	160	2OG-FeII_Oxy_6	PF20515.4	3.6e-08
Psor_KNZ60781.1	15	59	2OG-FeII_Oxy_6	PF20515.4	3e-08
Psor_KNZ61804.1	110	150	2OG-FeII_Oxy_6	PF20515.4	4.7e-08
Psor_KNZ44345.1	40	95	2OG-FeII_Oxy_6	PF20515.4	6.4e-08
Psor_KNZ63562.1	3	48	2OG-FeII_Oxy_6	PF20515.4	5.5e-08
Mlar_XP_007407109.1	168	220	2OG-FeII_Oxy_6	PF20515.4	1e-07
Psor_KNZ44237.1	112	188	2OG-FeII_Oxy_6	PF20515.4	8.9e-08
Psor_KNZ60758.1	72	120	2OG-FeII_Oxy_6	PF20515.4	7.5e-08
Mlar_XP_007405480.1	26	104	2OG-FeII_Oxy_6	PF20515.4	1.1e-07
Mlar_XP_007412716.1	1	85	2OG-FeII_Oxy_6	PF20515.4	1.2e-07
Pstr_XP_047808632.1	14	52	2OG-FeII_Oxy_6	PF20515.4	1.3e-07
Psor_KNZ64420.1	26	81	2OG-FeII_Oxy_6	PF20515.4	1.3e-07
