Sros_XP_004993174.1	AOD.HG3.0:like:KDM1A	92.0	NA	NA
Clim_Clim_evm95s150	AOD.HG3.0:like:KDM1A	92.0	NA	NA
Rcul_nRc.2.0.1.t03601-RA	AOD.HG3.0:like:KDM1A	92.0	NA	NA
Ccri_XP_005714032.1	AOD.HG3.0:like:KDM1A	92.0	NA	NA
Srat_XP_024505754.1	AOD.HG3.1:KDM1A	92.0	KDM1A	92.0
Scar_TKR94120.1	AOD.HG3.1:KDM1A	92.0	NA	NA
Ppat_XP_024364204.1	AOD.HG3.1:KDM1A	92.0	KDM1A	45.0
Mtru_XP_024635116.1	AOD.HG3.1:KDM1A	92.0	KDM1A	45.0
Psat_XP_050891664.1	AOD.HG3.1:KDM1A	92.0	KDM1A	45.0
Atha_NP_001328666.1	AOD.HG3.1:KDM1A	92.0	KDM1A	45.0
Mtru_XP_039689183.1	AOD.HG3.1:KDM1A	92.0	KDM1A	45.0
Tadh_XP_002118392.1	AOD.HG3.1:KDM1A	92.0	KDM1A	72.0
Sollyc_XP_019069262.2	AOD.HG3.1:KDM1A	92.0	KDM1A	45.0
Mtru_XP_039689182.1	AOD.HG3.1:KDM1A	92.0	KDM1A	45.0
Lsig_VDK86407.1	AOD.HG3.1:KDM1A	92.0	NA	NA
Aque_XP_019848757.1	AOD.HG3.1:KDM1A	92.0	KDM1A	72.0
Priarc_PARCANUS000012879.t1	AOD.HG3.1:KDM1A	92.0	NA	NA
Bmal_XP_042935975.1	AOD.HG3.1:KDM1A	92.0	NA	NA
Mbel_CAJ0946194.1	AOD.HG3.1:KDM1A	92.0	NA	NA
Bnap_XP_013655753.2	AOD.HG3.1:KDM1A	92.0	KDM1A	45.0
Blan_XP_066288181.1	AOD.HG3.1:KDM1A	92.0	KDM1A	96.0
Ppat_XP_024400919.1	AOD.HG3.1:KDM1A	92.0	KDM1A	45.0
Ppat_XP_024401291.1	AOD.HG3.1:KDM1A	92.0	KDM1A	45.0
Skow_XP_002741168.1	AOD.HG3.1:KDM1A	92.0	KDM1A	99.0
Ppat_XP_024379438.1	AOD.HG3.1:KDM1A	92.0	KDM1A	45.0
Acey_EYC23217.1	AOD.HG3.1:KDM1A	92.0	NA	NA
Mjap_MIJAPON000009709.t1	AOD.HG3.1:KDM1A	92.0	NA	NA
Gpal_Gpal_D383_g16178.t1	AOD.HG3.1:KDM1A	92.0	NA	NA
Emue_Em0022g12a	AOD.HG3.1:KDM1A	92.0	KDM1A	72.0
Pgem_Unigene33395_Pirum_gemmata|m.20145	AOD.HG3.1:KDM1A	92.0	KDM1A	45.0
Mtru_XP_003589373.2	AOD.HG3.1:KDM1A	92.0	KDM1A	45.0
Scil_XP_065176494.1	AOD.HG3.1:KDM1A	92.0	KDM1A	72.0
Dpul_XP_046461894.1	AOD.HG3.1:KDM1A	92.0	KDM1A	99.0
Smed_h1SMcT0021871.3	AOD.HG3.1:KDM1A	92.0	KDM1A	58.0
Psp.PS1159_PS1159_v2.g22586.t1	AOD.HG3.1:KDM1A	92.0	NA	NA
Bmor_XP_037875164.1	AOD.HG3.1:KDM1A	92.0	KDM1A	99.0
Cele_NP_510000.2	AOD.HG3.1:KDM1A	92.0	NA	NA
Zmay_XP_008657823.1	AOD.HG3.1:KDM1A	92.0	KDM1A	45.0
Ddip_jg3947.2	AOD.HG3.1:KDM1A	92.0	NA	NA
Apla_XP_022111120.1	AOD.HG3.1:KDM1A	92.0	KDM1A	99.0
Pigvie_Pvie_g14537	AOD.HG3.1:KDM1A	92.0	KDM1A	45.0
Awhi_Unigene6491_Abeoforma_whisleri|m.3647	AOD.HG3.1:KDM1A	92.0	KDM1A	45.0
Ggal_XP_417719.6	AOD.HG3.1:KDM1A	92.0	KDM1A	98.0
Qlob_XP_030950677.1	AOD.HG3.1:KDM1A	92.0	KDM1A	45.0
Otau_XP_022838542.1	AOD.HG3.1:KDM1A	92.0	KDM1A	45.0
Sbat_VDP05882.1	AOD.HG3.1:KDM1A	92.0	KDM1A	66.0
Scar_TKR94121.1	AOD.HG3.1:KDM1A	92.0	NA	NA
Hcon_XGW23205.1	AOD.HG3.1:KDM1A	92.0	NA	NA
Twil_T_wilhelma_c33235_g1_i1|m.53607	AOD.HG3.1:KDM1A	92.0	NA	NA
Bnap_XP_013655750.2	AOD.HG3.1:KDM1A	92.0	KDM1A	45.0
Blan_XP_066288192.1	AOD.HG3.1:KDM1A	92.0	KDM1A	96.0
Pvan_XP_027214242.1	AOD.HG3.1:KDM1A	92.0	KDM1A	99.0
Lloa_XP_003143430.1	AOD.HG3.1:KDM1A	92.0	NA	NA
Ppat_XP_024379408.1	AOD.HG3.1:KDM1A	92.0	KDM1A	45.0
Ppat_XP_024379456.1	AOD.HG3.1:KDM1A	92.0	KDM1A	45.0
Emue_Em0005g1427a	AOD.HG3.1:KDM1A	92.0	NA	NA
Drer_XP_005158840.1	AOD.HG3.1:KDM1A	92.0	KDM1A	63.0
Ppat_XP_024401008.1	AOD.HG3.1:KDM1A	92.0	KDM1A	45.0
Bnap_XP_013655752.2	AOD.HG3.1:KDM1A	92.0	KDM1A	45.0
Rvar_GAV02234.1	AOD.HG3.1:KDM1A	92.0	KDM1A	58.0
Bmor_XP_012553427.2	AOD.HG3.1:KDM1A	92.0	KDM1A	99.0
Blan_XP_066288172.1	AOD.HG3.1:KDM1A	92.0	KDM1A	96.0
Ecur_TVU47064.1	AOD.HG3.1:KDM1A	92.0	KDM1A	45.0
Cvir_XP_022301567.1	AOD.HG3.1:KDM1A	92.0	KDM1A	99.0
Mpol_BFI33003.1	AOD.HG3.1:KDM1A	92.0	NA	NA
Skow_XP_006824583.1	AOD.HG3.1:KDM1A	92.0	KDM1A	99.0
Dmel_NP_001262100.1	AOD.HG3.1:KDM1A	92.0	KDM1A	99.0
Obim_XP_014771266.1	AOD.HG3.1:KDM1A	92.0	KDM1A	99.0
Ppat_XP_024401213.1	AOD.HG3.1:KDM1A	92.0	KDM1A	45.0
Hrob_XP_009031024.1	AOD.HG3.1:KDM1A	92.0	KDM1A	99.0
Smar_SMAR006137-PA	AOD.HG3.1:KDM1A	92.0	KDM1A	99.0
Psp.PS1159_PS1159_v2.g22585.t1	AOD.HG3.1:KDM1A	92.0	NA	NA
Twil_T_wilhelma_c1239_g1_i1|m.180	AOD.HG3.1:KDM1A	92.0	NA	NA
Blan_XP_066288160.1	AOD.HG3.1:KDM1A	92.0	KDM1A	96.0
Hsap_XP_006710536.1	AOD.HG3.1:KDM1A	92.0	KDM1A	100.0
Smed_h1SMcT0021871.1	AOD.HG3.1:KDM1A	92.0	KDM1A	58.0
Mtru_XP_024631185.2	AOD.HG3.1:KDM1A	92.0	KDM1A	45.0
Cvir_XP_022292744.1	AOD.HG3.1:KDM1A	92.0	KDM1A	99.0
Ppat_XP_024400490.1	AOD.HG3.1:KDM1A	92.0	KDM1A	45.0
Sypmur_SMUV_0000564301-mRNA-1	AOD.HG3.1:KDM1A	92.0	NA	NA
Bdis_XP_010234777.1	AOD.HG3.1:KDM1A	92.0	KDM1A	45.0
Emue_Em0001g1965a	AOD.HG3.1:KDM1A	92.0	NA	NA
Asuu_AgR021X_g104_t03	AOD.HG3.1:KDM1A	92.0	NA	NA
Mlei_ML06333a-PA	AOD.HG3.1:KDM1A	92.0	KDM1A	72.0
Dmel_NP_730497.1	AOD.HG3.1:KDM1A	92.0	KDM1A	99.0
Avit_KAL3997431.1	AOD.HG3.1:KDM1A	92.0	NA	NA
Angcan_KAE9419295.1	AOD.HG3.1:KDM1A	92.0	NA	NA
Mtru_XP_039689188.1	AOD.HG3.1:KDM1A	92.0	KDM1A	45.0
Emue_Em0005g1116a	AOD.HG3.1:KDM1A	92.0	NA	NA
Ofus_CAH1799050.1	AOD.HG3.1:KDM1A	92.0	KDM1A	99.0
Ccri_XP_005714352.1	AOD.HG3.1:KDM1A	92.0	KDM1A	45.0
Aplcal_XP_005100139.1	AOD.HG3.1:KDM1A	92.0	KDM1A	99.0
Ppat_XP_024400829.1	AOD.HG3.1:KDM1A	92.0	KDM1A	45.0
Blan_XP_066288168.1	AOD.HG3.1:KDM1A	92.0	KDM1A	96.0
Ppat_XP_024400659.1	AOD.HG3.1:KDM1A	92.0	KDM1A	45.0
Cvir_XP_022292743.1	AOD.HG3.1:KDM1A	92.0	KDM1A	99.0
Cvir_XP_022301563.1	AOD.HG3.1:KDM1A	92.0	KDM1A	99.0
Eela_EEL_0000107201-mRNA-1	AOD.HG3.1:KDM1A	92.0	NA	NA
Psp.PS1159_PS1159_v2.g1042.t1	AOD.HG3.1:KDM1A	92.0	NA	NA
Pigchi_Pchi_g958	AOD.HG3.1:KDM1A	92.0	KDM1A	45.0
Gpal_Gpal_D383_g14601.t1	AOD.HG3.1:KDM1A	92.0	NA	NA
Aque_XP_019848756.1	AOD.HG3.1:KDM1A	92.0	KDM1A	72.0
Smoe_XP_024522564.1	AOD.HG3.1:KDM1A	92.0	KDM1A	45.0
Bnap_XP_013655751.2	AOD.HG3.1:KDM1A	92.0	KDM1A	45.0
Mtru_XP_013462192.1	AOD.HG3.1:KDM1A	92.0	KDM1A	45.0
Hcon_XGW23206.1	AOD.HG3.1:KDM1A	92.0	NA	NA
Mesc_XP_043808846.1	AOD.HG3.1:KDM1A	92.0	KDM1A	45.0
Acey_EYC23214.1	AOD.HG3.1:KDM1A	92.0	NA	NA
Smar_SMAR013509-PA	AOD.HG3.1:KDM1A	92.0	KDM1A	99.0
Cvir_XP_022301565.1	AOD.HG3.1:KDM1A	92.0	KDM1A	99.0
Hsap_NP_055828.2	AOD.HG3.1:KDM1A	92.0	KDM1A	82.0
Pvan_XP_027214250.1	AOD.HG3.1:KDM1A	92.0	KDM1A	99.0
Rcul_nRc.2.0.1.t26280-RA	AOD.HG3.1:KDM1A	92.0	KDM1A	38.0
Hduj_OWA50781.1	AOD.HG3.1:KDM1A	92.0	KDM1A	58.0
Bmal_XP_042935973.1	AOD.HG3.1:KDM1A	92.0	NA	NA
Btab_XP_018916027.1	AOD.HG3.1:KDM1A	92.0	KDM1A	99.0
Emue_Em0001g2011a	AOD.HG3.1:KDM1A	92.0	NA	NA
Pgem_Unigene31076_Pirum_gemmata|m.18507	AOD.HG3.1:KDM1A	92.0	KDM1A	45.0
Obim_XP_014771278.1	AOD.HG3.1:KDM1A	92.0	KDM1A	99.0
Asuu_AgR021X_g104_t01	AOD.HG3.1:KDM1A	92.0	NA	NA
Cvir_XP_022292745.1	AOD.HG3.1:KDM1A	92.0	KDM1A	99.0
Ppat_XP_024400419.1	AOD.HG3.1:KDM1A	92.0	KDM1A	45.0
Eela_EEL_0000483401-mRNA-1	AOD.HG3.1:KDM1A	92.0	NA	NA
Xtro_XP_002936640.1	AOD.HG3.1:KDM1A	92.0	KDM1A	100.0
Dimm_MCP9264196.1	AOD.HG3.1:KDM1A	92.0	NA	NA
Lana_XP_013406438.1	AOD.HG3.1:KDM1A	92.0	KDM1A	99.0
Cele_NP_493366.1	AOD.HG3.1:KDM1A	92.0	NA	NA
Asuu_AgR021X_g104_t05	AOD.HG3.1:KDM1A	92.0	NA	NA
Hsap_NP_001009999.1	AOD.HG3.1:KDM1A	92.0	KDM1A	82.0
Apimel_XP_016769858.1	AOD.HG3.1:KDM1A	92.0	KDM1A	99.0
Hsap_NP_001397691.1	AOD.HG3.1:KDM1A	92.0	KDM1A	86.0
Obim_XP_014771261.1	AOD.HG3.1:KDM1A	92.0	KDM1A	99.0
Cscu_XP_023240468.1	AOD.HG3.1:KDM1A	92.0	KDM1A	99.0
Bnap_XP_022545554.2	AOD.HG3.1:KDM1A	92.0	KDM1A	45.0
Acey_EYC23216.1	AOD.HG3.1:KDM1A	92.0	NA	NA
Ppat_XP_024400741.1	AOD.HG3.1:KDM1A	92.0	KDM1A	45.0
Bmal_XP_042935972.1	AOD.HG3.1:KDM1A	92.0	NA	NA
Emue_Em0001g1976a	AOD.HG3.1:KDM1A	92.0	NA	NA
Acey_EYC23215.1	AOD.HG3.1:KDM1A	92.0	NA	NA
Gpal_Gpal_D383_g09963.t1	AOD.HG3.1:KDM1A	92.0	NA	NA
Emue_Em0022g26a	AOD.HG3.1:KDM1A	92.0	KDM1A	72.0
Cper_Nk52_evm1s280	AOD.HG3.1:KDM1A	92.0	KDM1A	45.0
Psat_XP_050885066.1	AOD.HG3.1:KDM1A	92.0	KDM1A	45.0
Cofcan_CDP07432.1	AOD.HG3.1:KDM1A	92.0	KDM1A	45.0
Awhi_Unigene37680_Abeoforma_whisleri|m.24429	AOD.HG3.1:KDM1A	92.0	KDM1A	45.0
Sbat_VDP10071.1	AOD.HG3.1:KDM1A	92.0	NA	NA
Lcom_lcpid36350|	AOD.HG3.1:KDM1A	92.0	KDM1A	72.0
Tura_XP_048537005.1	AOD.HG3.1:KDM1A	92.0	KDM1A	45.0
Twil_T_wilhelma_c33235_g1_i3|m.53610	AOD.HG3.1:KDM1A	92.0	NA	NA
Diplco_DCO_004528	AOD.HG3.1:KDM1A	92.0	NA	NA
Ppat_XP_024400580.1	AOD.HG3.1:KDM1A	92.0	KDM1A	45.0
Clim_Clim_evm24s158	AOD.HG3.1:KDM1A	92.0	KDM1A	45.0
Osat_XP_015614418.1	AOD.HG3.1:KDM1A	92.0	KDM1A	45.0
Mhap_MhA1_Contig579.frz3.gene31	AOD.HG3.1:KDM1A	92.0	NA	NA
Blan_XP_066288188.1	AOD.HG3.1:KDM1A	92.0	KDM1A	96.0
Ppat_XP_024379447.1	AOD.HG3.1:KDM1A	92.0	KDM1A	45.0
Hsap_XP_016856205.1	AOD.HG3.1:KDM1A	92.0	KDM1A	100.0
Plae_KAI0982820.1	AOD.HG3.1:KDM1A	92.0	KDM1A	71.0
Otip_Oti_1643_t	AOD.HG3.1:KDM1A	92.0	NA	NA
Atha_NP_001328664.1	AOD.HG3.1:KDM1A	92.0	KDM1A	45.0
Twil_T_wilhelma_c33235_g1_i2|m.53608	AOD.HG3.1:KDM1A	92.0	NA	NA
Hsap_XP_047305633.1	AOD.HG3.1:KDM1A	92.0	KDM1A	100.0
Dmel_NP_649194.1	AOD.HG3.1:KDM1A	92.0	KDM1A	99.0
Ddip_jg3947.3	AOD.HG3.1:KDM1A	92.0	NA	NA
Echgra_XP_024347468.1	AOD.HG3.1:KDM1A	92.0	KDM1A	58.0
Sros_XP_004995713.1	AOD.HG3.1:KDM1A	92.0	NA	NA
Acey_EYC23220.1	AOD.HG3.1:KDM1A	92.0	NA	NA
Atha_NP_193364.5	AOD.HG3.1:KDM1A	92.0	KDM1A	45.0
Asuu_AgR021X_g104_t04	AOD.HG3.1:KDM1A	92.0	NA	NA
Lloa_XP_020306301.1	AOD.HG3.1:KDM1A	92.0	NA	NA
Hsap_NP_001350583.1	AOD.HG3.1:KDM1A	92.0	KDM1A	82.0
Dimm_MCP9264193.1	AOD.HG3.1:KDM1A	92.0	NA	NA
Mesc_XP_021613084.1	AOD.HG3.1:KDM1A	92.0	KDM1A	45.0
Emue_Em0001g1964a	AOD.HG3.1:KDM1A	92.0	NA	NA
Avit_KAL3997434.1	AOD.HG3.1:KDM1A	92.0	NA	NA
Lpol_XP_013779750.1	AOD.HG3.1:KDM1A	92.0	KDM1A	99.0
Mbre_XP_001748941.1	AOD.HG3.1:KDM1A	92.0	KDM1A	82.0
Psat_XP_050891663.1	AOD.HG3.1:KDM1A	92.0	KDM1A	45.0
Dpul_XP_046461903.1	AOD.HG3.1:KDM1A	92.0	KDM1A	99.0
Wban_VDM16565.1	AOD.HG3.1:KDM1A	92.0	NA	NA
Hduj_OWA54114.1	AOD.HG3.1:KDM1A	92.0	KDM1A	58.0
Obim_XP_014771271.1	AOD.HG3.1:KDM1A	92.0	KDM1A	99.0
Smed_h1SMcT0021871.2	AOD.HG3.1:KDM1A	92.0	KDM1A	58.0
Bnap_XP_013711309.2	AOD.HG3.1:KDM1A	92.0	KDM1A	45.0
Obim_XP_014771252.1	AOD.HG3.1:KDM1A	92.0	KDM1A	99.0
Ppat_XP_024379400.1	AOD.HG3.1:KDM1A	92.0	KDM1A	45.0
Acey_EYC23218.1	AOD.HG3.1:KDM1A	92.0	NA	NA
Apla_XP_022111117.1	AOD.HG3.1:KDM1A	92.0	KDM1A	99.0
Apla_XP_022111118.1	AOD.HG3.1:KDM1A	92.0	KDM1A	99.0
Twil_T_wilhelma_c30980_g1_i1|m.38945	AOD.HG3.1:KDM1A	92.0	KDM1A	72.0
Atha_NP_001328665.1	AOD.HG3.1:KDM1A	92.0	KDM1A	45.0
Ddip_jg3947.1	AOD.HG3.1:KDM1A	92.0	NA	NA
Hsap_XP_005245843.1	AOD.HG3.1:KDM1A	92.0	KDM1A	86.0
Lcom_lcpid73589|	AOD.HG3.1:KDM1A	92.0	KDM1A	72.0
Avag_UJR21936.1	AOD.HG3.1:KDM1A	92.0	KDM1A	67.0
Hsap_NP_001397692.1	AOD.HG3.1:KDM1A	92.0	KDM1A	100.0
Spur_XP_030850350.1	AOD.HG3.1:KDM1A	92.0	KDM1A	99.0
Ovol_OVOC180	AOD.HG3.1:KDM1A	92.0	NA	NA
Cint_XP_002131150.1	AOD.HG3.1:KDM1A	92.0	KDM1A	74.0
Diplco_DCO_004527	AOD.HG3.1:KDM1A	92.0	NA	NA
Agrpla_XP_018323683.1	AOD.HG3.1:KDM1A	92.0	KDM1A	99.0
Atri_XP_011627240.1	AOD.HG3.1:KDM1A	92.0	KDM1A	45.0
Smoe_XP_002964157.1	AOD.HG3.1:KDM1A	92.0	KDM1A	45.0
Lsig_VDK87987.1	AOD.HG3.1:KDM1A	92.0	NA	NA
Blan_XP_066288199.1	AOD.HG3.1:KDM1A	92.0	KDM1A	96.0
Cvir_XP_022301564.1	AOD.HG3.1:KDM1A	92.0	KDM1A	99.0
Emue_Em0001g2013a	AOD.HG3.1:KDM1A	92.0	NA	NA
Sman_XP_018652619.1	AOD.HG3.1:KDM1A	92.0	KDM1A	58.0
Ovol_OVOC184	AOD.HG3.1:KDM1A	92.0	NA	NA
Scil_XP_065176492.1	AOD.HG3.1:KDM1A	92.0	KDM1A	72.0
Ppat_XP_024379428.1	AOD.HG3.1:KDM1A	92.0	KDM1A	45.0
Bxyl_CAG9082586.1	AOD.HG3.1:KDM1A	92.0	NA	NA
Ppat_XP_024401132.1	AOD.HG3.1:KDM1A	92.0	KDM1A	45.0
Lsat_XP_023745295.1	AOD.HG3.1:KDM1A	92.0	KDM1A	45.0
Asuu_AgR021X_g104_t02	AOD.HG3.1:KDM1A	92.0	NA	NA
Scil_XP_065176493.1	AOD.HG3.1:KDM1A	92.0	KDM1A	72.0
Blan_XP_066288152.1	AOD.HG3.1:KDM1A	92.0	KDM1A	96.0
Mhap_MhA1_Contig579.frz3.fgene1	AOD.HG3.1:KDM1A	92.0	NA	NA
Ever_VDD92143.1	AOD.HG3.1:KDM1A	92.0	NA	NA
Btab_XP_018916026.1	AOD.HG3.1:KDM1A	92.0	KDM1A	99.0
Mpol_BFI33004.1	AOD.HG3.1:KDM1A	92.0	NA	NA
Ihof_Ihof_evm4s38	AOD.HG3.1:KDM1A	92.0	KDM1A	45.0
Drer_NP_001229924.1	AOD.HG3.1:KDM1A	92.0	KDM1A	63.0
Apla_XP_022111119.1	AOD.HG3.1:KDM1A	92.0	KDM1A	99.0
Psat_XP_050885067.1	AOD.HG3.1:KDM1A	92.0	KDM1A	45.0
Wban_VDM11463.1	AOD.HG3.1:KDM1A	92.0	NA	NA
Atha_NP_001319957.1	AOD.HG3.1:KDM1A	92.0	KDM1A	45.0
Emue_Em0019g125a	AOD.HG3.1:KDM1A	92.0	NA	NA
Blan_XP_066288206.1	AOD.HG3.1:KDM1A	92.0	KDM1A	96.0
Cvir_XP_022292741.1	AOD.HG3.1:KDM1A	92.0	KDM1A	99.0
Ppat_XP_024379417.1	AOD.HG3.1:KDM1A	92.0	KDM1A	45.0
Rchi_XP_024165771.1	AOD.HG3.1:KDM1A	92.0	KDM1A	45.0
Sollyc_XP_010320415.2	AOD.HG3.1:KDM1A	92.0	KDM1A	45.0
Avag_UJR09922.1	AOD.HG8.0:like:KDM1B	99.0	NA	NA
Lcom_lcpid45766|	AOD.HG8.0:like:KDM1B	99.0	NA	NA
Pigchi_Pchi_g4643	AOD.HG8.0:like:KDM1B	99.0	NA	NA
Scil_XP_065184847.1	AOD.HG8.0:like:KDM1B	99.0	NA	NA
Lcom_lcpid35917|	AOD.HG8.0:like:KDM1B	99.0	NA	NA
Smoe_XP_024537109.1	AOD.HG8.0:like:KDM1B	99.0	NA	NA
Scil_XP_065184846.1	AOD.HG8.0:like:KDM1B	99.0	NA	NA
Crei_XP_001694551.2	AOD.HG8.0:like:KDM1B	99.0	NA	NA
Cowc_XP_004365590.1	AOD.HG8.0:like:KDM1B	99.0	NA	NA
Scil_XP_065193488.1	AOD.HG8.0:like:KDM1B	99.0	NA	NA
Smoe_XP_024537108.1	AOD.HG8.0:like:KDM1B	99.0	NA	NA
Scil_XP_065193469.1	AOD.HG8.0:like:KDM1B	99.0	NA	NA
Scil_XP_065193484.1	AOD.HG8.0:like:KDM1B	99.0	NA	NA
Cbra_GBG78364.1	AOD.HG8.0:like:KDM1B	99.0	NA	NA
Scil_XP_065193477.1	AOD.HG8.0:like:KDM1B	99.0	NA	NA
Scil_XP_065184848.1	AOD.HG8.0:like:KDM1B	99.0	NA	NA
Pigvie_Pvie_g14612	AOD.HG8.0:like:KDM1B	99.0	NA	NA
Ppat_XP_024399269.1	AOD.HG8.0:like:KDM1B	99.0	NA	NA
Lcom_lcpid56361|	AOD.HG8.0:like:KDM1B	99.0	NA	NA
Lcom_lcpid31938|	AOD.HG8.0:like:KDM1B	99.0	NA	NA
Mpol_BFI42826.1	AOD.HG8.0:like:KDM1B	99.0	NA	NA
Smoe_XP_002987114.2	AOD.HG8.0:like:KDM1B	99.0	NA	NA
Sarc_XP_014158170.1	AOD.HG8.1:KDM1B	99.0	KDM1B	99.0
Acey_EYC03970.1	AOD.HG8.1:KDM1B	99.0	KDM1B	83.0
Spur_XP_030830284.1	AOD.HG8.1:KDM1B	99.0	KDM1B	93.0
Aque_XP_019850257.1	AOD.HG8.1:KDM1B	99.0	KDM1B	57.0
Twil_T_wilhelma_c33615_g1_i3|m.56446	AOD.HG8.1:KDM1B	99.0	KDM1B	57.0
Smar_SMAR000742-PA	AOD.HG8.1:KDM1B	99.0	KDM1B	33.0
Hsap_XP_016865930.1	AOD.HG8.1:KDM1B	99.0	KDM1B	1.0
Xtro_XP_012820859.1	AOD.HG8.1:KDM1B	99.0	KDM1B	98.0
Hsap_XP_047274314.1	AOD.HG8.1:KDM1B	99.0	KDM1B	55.0
Hsap_XP_005248985.1	AOD.HG8.1:KDM1B	99.0	KDM1B	55.0
Cvir_XP_022322256.1	AOD.HG8.1:KDM1B	99.0	KDM1B	56.0
Hsap_XP_005248982.1	AOD.HG8.1:KDM1B	99.0	KDM1B	1.0
Otip_Oti_15228_t	AOD.HG8.1:KDM1B	99.0	KDM1B	83.0
Hsap_XP_047274313.1	AOD.HG8.1:KDM1B	99.0	KDM1B	55.0
Diplco_DCO_007948	AOD.HG8.1:KDM1B	99.0	KDM1B	83.0
Hsap_XP_047274323.1	AOD.HG8.1:KDM1B	99.0	KDM1B	55.0
Asuu_AgR026_g084_t05	AOD.HG8.1:KDM1B	99.0	KDM1B	83.0
Smed_h1SMcT0002450.2	AOD.HG8.1:KDM1B	99.0	KDM1B	100.0
Avit_KAL3989759.1	AOD.HG8.1:KDM1B	99.0	KDM1B	83.0
Trimur_TMUE_3000014219	AOD.HG8.1:KDM1B	99.0	KDM1B	83.0
Hsap_NP_694587.3	AOD.HG8.1:KDM1B	99.0	KDM1B	55.0
Acey_EYC03979.1	AOD.HG8.1:KDM1B	99.0	KDM1B	83.0
Tspi_XP_003380813.1	AOD.HG8.1:KDM1B	99.0	KDM1B	83.0
Hcon_XGW18112.1	AOD.HG8.1:KDM1B	99.0	KDM1B	83.0
Cele_NP_497772.2	AOD.HG8.1:KDM1B	99.0	KDM1B	83.0
Emue_Em0005g1571a	AOD.HG8.1:KDM1B	99.0	KDM1B	57.0
Cint_XP_026695857.1	AOD.HG8.1:KDM1B	99.0	KDM1B	91.0
Tnel_KRX24877.1	AOD.HG8.1:KDM1B	99.0	KDM1B	83.0
Smed_h1SMcT0002450.1	AOD.HG8.1:KDM1B	99.0	KDM1B	100.0
Hsap_XP_047274321.1	AOD.HG8.1:KDM1B	99.0	KDM1B	55.0
Scar_TKR71681.1	AOD.HG8.1:KDM1B	99.0	KDM1B	83.0
Ddip_jg4089	AOD.HG8.1:KDM1B	99.0	KDM1B	83.0
Ovol_OVOC3134	AOD.HG8.1:KDM1B	99.0	KDM1B	83.0
Hsap_XP_047274310.1	AOD.HG8.1:KDM1B	99.0	KDM1B	55.0
Hsap_XP_016865932.1	AOD.HG8.1:KDM1B	99.0	KDM1B	1.0
Priarc_PARCANUS000021762.t1	AOD.HG8.1:KDM1B	99.0	KDM1B	83.0
Tsui_KHJ43428.1	AOD.HG8.1:KDM1B	99.0	KDM1B	83.0
Tspi_XP_003368207.1	AOD.HG8.1:KDM1B	99.0	KDM1B	83.0
Hsap_XP_047274317.1	AOD.HG8.1:KDM1B	99.0	KDM1B	55.0
Hsap_XP_016865929.1	AOD.HG8.1:KDM1B	99.0	KDM1B	1.0
Acey_EYC03971.1	AOD.HG8.1:KDM1B	99.0	KDM1B	83.0
Asuu_AgR026_g084_t02	AOD.HG8.1:KDM1B	99.0	KDM1B	83.0
Obim_XP_052822077.1	AOD.HG8.1:KDM1B	99.0	KDM1B	56.0
Lsig_VDK76248.1	AOD.HG8.1:KDM1B	99.0	KDM1B	83.0
Asuu_AgR021X_g010_t01	AOD.HG8.1:KDM1B	99.0	KDM1B	83.0
Dimm_MCP9257004.1	AOD.HG8.1:KDM1B	99.0	KDM1B	83.0
Ofus_CAH1773154.1	AOD.HG8.1:KDM1B	99.0	KDM1B	56.0
Mlei_ML095310a-PA	AOD.HG8.1:KDM1B	99.0	KDM1B	57.0
Cscu_XP_023231104.1	AOD.HG8.1:KDM1B	99.0	KDM1B	33.0
Hpol_VDO92144.1	AOD.HG8.1:KDM1B	99.0	KDM1B	83.0
Cscu_XP_023231112.1	AOD.HG8.1:KDM1B	99.0	KDM1B	33.0
Hsap_XP_047274315.1	AOD.HG8.1:KDM1B	99.0	KDM1B	55.0
Tspi_XP_003380814.1	AOD.HG8.1:KDM1B	99.0	KDM1B	83.0
Eela_EEL_0000856901-mRNA-1	AOD.HG8.1:KDM1B	99.0	KDM1B	83.0
Hsap_XP_047274320.1	AOD.HG8.1:KDM1B	99.0	KDM1B	55.0
Avit_KAL3989760.1	AOD.HG8.1:KDM1B	99.0	KDM1B	83.0
Asuu_AgR026_g084_t01	AOD.HG8.1:KDM1B	99.0	KDM1B	83.0
Lpol_XP_022252437.1	AOD.HG8.1:KDM1B	99.0	KDM1B	33.0
Apla_XP_022088783.1	AOD.HG8.1:KDM1B	99.0	KDM1B	93.0
Asuu_AgR026_g084_t04	AOD.HG8.1:KDM1B	99.0	KDM1B	83.0
Tbri_KRY54519.1	AOD.HG8.1:KDM1B	99.0	KDM1B	83.0
Acey_EYC03972.1	AOD.HG8.1:KDM1B	99.0	KDM1B	83.0
Lana_XP_013396905.1	AOD.HG8.1:KDM1B	99.0	KDM1B	56.0
Hsap_XP_047274319.1	AOD.HG8.1:KDM1B	99.0	KDM1B	55.0
Scil_XP_065184780.1	AOD.HG8.1:KDM1B	99.0	KDM1B	57.0
Twil_T_wilhelma_c33615_g2_i3|m.56445	AOD.HG8.1:KDM1B	99.0	KDM1B	57.0
Hsap_XP_047274308.1	AOD.HG8.1:KDM1B	99.0	KDM1B	55.0
Tsui_KHJ43427.1	AOD.HG8.1:KDM1B	99.0	KDM1B	83.0
Xtro_XP_002932724.1	AOD.HG8.1:KDM1B	99.0	KDM1B	98.0
Tnat_KRZ59293.1	AOD.HG8.1:KDM1B	99.0	KDM1B	83.0
Obim_XP_052822078.1	AOD.HG8.1:KDM1B	99.0	KDM1B	56.0
Asuu_AgR026_g084_t03	AOD.HG8.1:KDM1B	99.0	KDM1B	83.0
Tnat_KRZ59296.1	AOD.HG8.1:KDM1B	99.0	KDM1B	83.0
Hsap_XP_011512688.1	AOD.HG8.1:KDM1B	99.0	KDM1B	55.0
Avit_KAL3989757.1	AOD.HG8.1:KDM1B	99.0	KDM1B	83.0
Asuu_AgR026_g084_t07	AOD.HG8.1:KDM1B	99.0	KDM1B	83.0
Bxyl_CAG9130920.1	AOD.HG8.1:KDM1B	99.0	KDM1B	83.0
Skow_XP_006825544.1	AOD.HG8.1:KDM1B	99.0	KDM1B	57.0
Avit_KAL3989758.1	AOD.HG8.1:KDM1B	99.0	KDM1B	83.0
Hsap_XP_047274309.1	AOD.HG8.1:KDM1B	99.0	KDM1B	55.0
Asuu_AgR026_g084_t06	AOD.HG8.1:KDM1B	99.0	KDM1B	83.0
Hsap_XP_047274311.1	AOD.HG8.1:KDM1B	99.0	KDM1B	1.0
Otip_Oti_15227_t	AOD.HG8.1:KDM1B	99.0	KDM1B	83.0
Asuu_AgR021X_g010_t03	AOD.HG8.1:KDM1B	99.0	KDM1B	83.0
Sbat_VDP18494.1	AOD.HG8.1:KDM1B	99.0	KDM1B	83.0
Tnat_KRZ59297.1	AOD.HG8.1:KDM1B	99.0	KDM1B	83.0
Hsap_XP_016865935.1	AOD.HG8.1:KDM1B	99.0	KDM1B	29.0
Hsap_XP_047274322.1	AOD.HG8.1:KDM1B	99.0	KDM1B	55.0
Lcom_lcpid31687|	AOD.HG8.1:KDM1B	99.0	KDM1B	57.0
Cint_XP_026695851.1	AOD.HG8.1:KDM1B	99.0	KDM1B	91.0
Drer_XP_068071447.1	AOD.HG8.1:KDM1B	99.0	KDM1B	100.0
Apla_XP_022088785.1	AOD.HG8.1:KDM1B	99.0	KDM1B	93.0
Blan_XP_066268593.1	AOD.HG8.1:KDM1B	99.0	KDM1B	84.0
Lloa_XP_003150441.1	AOD.HG8.1:KDM1B	99.0	KDM1B	83.0
Acey_EYC03969.1	AOD.HG8.1:KDM1B	99.0	KDM1B	83.0
Asuu_AgR026_g084_t08	AOD.HG8.1:KDM1B	99.0	KDM1B	83.0
Aplcal_XP_035828739.1	AOD.HG8.1:KDM1B	99.0	KDM1B	56.0
Tnat_KRZ59289.1	AOD.HG8.1:KDM1B	99.0	KDM1B	83.0
Twil_T_wilhelma_c33615_g1_i2|m.56441	AOD.HG8.1:KDM1B	99.0	KDM1B	57.0
Ddip_jg4083	AOD.HG8.1:KDM1B	99.0	KDM1B	83.0
Tnat_KRZ59292.1	AOD.HG8.1:KDM1B	99.0	KDM1B	83.0
Ever_VDD92991.1	AOD.HG8.1:KDM1B	99.0	KDM1B	83.0
Hsap_XP_047274316.1	AOD.HG8.1:KDM1B	99.0	KDM1B	55.0
Tspi_XP_003370186.1	AOD.HG8.1:KDM1B	99.0	KDM1B	83.0
Ttri_CDW52911.1	AOD.HG8.1:KDM1B	99.0	KDM1B	83.0
Apla_XP_022088786.1	AOD.HG8.1:KDM1B	99.0	KDM1B	93.0
Diplco_DCO_007947	AOD.HG8.1:KDM1B	99.0	KDM1B	83.0
Bmal_XP_042930800.1	AOD.HG8.1:KDM1B	99.0	KDM1B	83.0
Hsap_XP_047274312.1	AOD.HG8.1:KDM1B	99.0	KDM1B	1.0
Diplco_DCO_005561	AOD.HG8.1:KDM1B	99.0	KDM1B	83.0
Tnat_KRZ59294.1	AOD.HG8.1:KDM1B	99.0	KDM1B	83.0
Hsap_XP_016865931.1	AOD.HG8.1:KDM1B	99.0	KDM1B	55.0
Sypmur_SMUV_0000777101-mRNA-1	AOD.HG8.1:KDM1B	99.0	KDM1B	83.0
Lana_XP_013400926.1	AOD.HG8.1:KDM1B	99.0	KDM1B	56.0
Hsap_XP_016865934.1	AOD.HG8.1:KDM1B	99.0	KDM1B	55.0
Lana_XP_013396909.1	AOD.HG8.1:KDM1B	99.0	KDM1B	56.0
Hsap_XP_011512687.1	AOD.HG8.1:KDM1B	99.0	KDM1B	55.0
Ggal_XP_025003413.1	AOD.HG8.1:KDM1B	99.0	KDM1B	100.0
Wban_VDM07649.1	AOD.HG8.1:KDM1B	99.0	KDM1B	83.0
Mbel_CAJ0951837.1	AOD.HG8.1:KDM1B	99.0	KDM1B	83.0
Hsap_NP_001351543.1	AOD.HG8.1:KDM1B	99.0	KDM1B	55.0
Mbel_CAJ0951833.1	AOD.HG8.1:KDM1B	99.0	KDM1B	83.0
Psp.PS1159_PS1159_v2.g24762.t2	AOD.HG8.1:KDM1B	99.0	KDM1B	83.0
Bmal_XP_042930801.1	AOD.HG8.1:KDM1B	99.0	KDM1B	83.0
Emue_Em0005g1560a	AOD.HG8.1:KDM1B	99.0	KDM1B	57.0
Angcan_KAE9419828.1	AOD.HG8.1:KDM1B	99.0	KDM1B	83.0
Ggal_XP_015131437.1	AOD.HG8.1:KDM1B	99.0	KDM1B	100.0
Obim_XP_014767604.1	AOD.HG8.1:KDM1B	99.0	KDM1B	56.0
Tnat_KRZ59290.1	AOD.HG8.1:KDM1B	99.0	KDM1B	83.0
Hrob_XP_009012395.1	AOD.HG8.1:KDM1B	99.0	KDM1B	56.0
Hsap_XP_047274324.1	AOD.HG8.1:KDM1B	99.0	KDM1B	100.0
Lloa_XP_020301681.1	AOD.HG8.1:KDM1B	99.0	KDM1B	83.0
Mjap_MIJAPON000006181.t1	AOD.HG8.1:KDM1B	99.0	KDM1B	83.0
Rcul_nRc.2.0.1.t24552-RA	AOD.HG8.1:KDM1B	99.0	KDM1B	83.0
Apla_XP_022088784.1	AOD.HG8.1:KDM1B	99.0	KDM1B	93.0
Hsap_XP_047274318.1	AOD.HG8.1:KDM1B	99.0	KDM1B	55.0
Hpol_VDO19148.1	AOD.HG8.1:KDM1B	99.0	KDM1B	83.0
Srat_XP_024508073.1	AOD.HG8.1:KDM1B	99.0	KDM1B	83.0
