Mlei_ML048213a-PA	Tet_JBP.HG1.0:TET1/TET2/TET3	1.0	TET1/TET2/TET3	1.0/1.0/1.0
Apla_XP_022088484.1	Tet_JBP.HG1.0:TET1/TET2/TET3	1.0	TET1/TET2/TET3	57.0/57.0/57.0
Twil_T_wilhelma_c27731_g1_i4|m.21818	Tet_JBP.HG1.0:TET1/TET2/TET3	1.0	TET1/TET2/TET3	1.0/1.0/1.0
Obim_XP_014772827.1	Tet_JBP.HG1.0:TET1/TET2/TET3	1.0	TET1/TET2/TET3	57.0/57.0/57.0
Hsap_XP_047299615.1	Tet_JBP.HG1.0:TET1/TET2/TET3	1.0	TET3	25.0
Hsap_XP_047299616.1	Tet_JBP.HG1.0:TET1/TET2/TET3	1.0	TET3	1.0
Xtro_XP_012810969.1	Tet_JBP.HG1.0:TET1/TET2/TET3	1.0	TET2	100.0
Dmel_NP_001261343.1	Tet_JBP.HG1.0:TET1/TET2/TET3	1.0	TET1/TET2/TET3	57.0/57.0/57.0
Dpul_XP_046460501.1	Tet_JBP.HG1.0:TET1/TET2/TET3	1.0	TET1/TET2/TET3	57.0/57.0/57.0
Aplcal_XP_005092662.1	Tet_JBP.HG1.0:TET1/TET2/TET3	1.0	TET1/TET2/TET3	57.0/57.0/57.0
Pvan_XP_069980505.1	Tet_JBP.HG1.0:TET1/TET2/TET3	1.0	TET1/TET2/TET3	57.0/57.0/57.0
Dmel_NP_001246581.1	Tet_JBP.HG1.0:TET1/TET2/TET3	1.0	TET1/TET2/TET3	57.0/57.0/57.0
Bmor_XP_037874989.1	Tet_JBP.HG1.0:TET1/TET2/TET3	1.0	TET1/TET2/TET3	57.0/57.0/57.0
Scil_XP_065175429.1	Tet_JBP.HG1.0:TET1/TET2/TET3	1.0	TET1/TET2/TET3	1.0/1.0/1.0
Apimel_XP_006561260.1	Tet_JBP.HG1.0:TET1/TET2/TET3	1.0	TET1/TET2/TET3	57.0/57.0/57.0
Lana_XP_013410270.1	Tet_JBP.HG1.0:TET1/TET2/TET3	1.0	TET1/TET2/TET3	57.0/57.0/57.0
Hsap_NP_001120680.1	Tet_JBP.HG1.0:TET1/TET2/TET3	1.0	TET2	53.0
Blan_XP_066304216.1	Tet_JBP.HG1.0:TET1/TET2/TET3	1.0	TET1/TET2/TET3	57.0/57.0/57.0
Ggal_NP_001264723.3	Tet_JBP.HG1.0:TET1/TET2/TET3	1.0	TET2	96.0
Xtro_XP_002934823.2	Tet_JBP.HG1.0:TET1/TET2/TET3	1.0	TET2	100.0
Agrpla_XP_025834609.1	Tet_JBP.HG1.0:TET1/TET2/TET3	1.0	TET1/TET2/TET3	57.0/57.0/57.0
Xtro_XP_031753347.1	Tet_JBP.HG1.0:TET1/TET2/TET3	1.0	TET3	100.0
Scil_XP_065175430.1	Tet_JBP.HG1.0:TET1/TET2/TET3	1.0	TET1/TET2/TET3	1.0/1.0/1.0
Hsap_XP_016859055.1	Tet_JBP.HG1.0:TET1/TET2/TET3	1.0	TET3	1.0
Ggal_XP_015131709.2	Tet_JBP.HG1.0:TET1/TET2/TET3	1.0	TET2	96.0
Ggal_XP_040559104.1	Tet_JBP.HG1.0:TET1/TET2/TET3	1.0	TET1	99.0
Drer_NP_001314875.1	Tet_JBP.HG1.0:TET1/TET2/TET3	1.0	TET3	99.0
Hsap_XP_016872177.1	Tet_JBP.HG1.0:TET1/TET2/TET3	1.0	TET1	35.0
Pvan_XP_069980507.1	Tet_JBP.HG1.0:TET1/TET2/TET3	1.0	TET1/TET2/TET3	57.0/57.0/57.0
Twil_T_wilhelma_c27731_g1_i1|m.21809	Tet_JBP.HG1.0:TET1/TET2/TET3	1.0	TET1/TET2/TET3	1.0/1.0/1.0
Cscu_XP_023209742.1	Tet_JBP.HG1.0:TET1/TET2/TET3	1.0	TET1/TET2/TET3	57.0/57.0/57.0
Hsap_NP_001393300.1	Tet_JBP.HG1.0:TET1/TET2/TET3	1.0	TET1	30.0
Lcom_lcpid55280|	Tet_JBP.HG1.0:TET1/TET2/TET3	1.0	TET1/TET2/TET3	1.0/1.0/1.0
Xtro_XP_031753349.1	Tet_JBP.HG1.0:TET1/TET2/TET3	1.0	TET3	100.0
Hsap_XP_011530984.1	Tet_JBP.HG1.0:TET1/TET2/TET3	1.0	TET3	1.0
Apimel_XP_026300193.1	Tet_JBP.HG1.0:TET1/TET2/TET3	1.0	TET1/TET2/TET3	57.0/57.0/57.0
Pvan_XP_069980506.1	Tet_JBP.HG1.0:TET1/TET2/TET3	1.0	TET1/TET2/TET3	57.0/57.0/57.0
Drer_XP_005156766.1	Tet_JBP.HG1.0:TET1/TET2/TET3	1.0	TET1	92.0
Dmel_NP_001261344.1	Tet_JBP.HG1.0:TET1/TET2/TET3	1.0	TET1/TET2/TET3	57.0/57.0/57.0
Bmor_XP_021202702.2	Tet_JBP.HG1.0:TET1/TET2/TET3	1.0	TET1/TET2/TET3	57.0/57.0/57.0
Apimel_XP_026300194.1	Tet_JBP.HG1.0:TET1/TET2/TET3	1.0	TET1/TET2/TET3	57.0/57.0/57.0
Ofus_CAH1794055.1	Tet_JBP.HG1.0:TET1/TET2/TET3	1.0	TET1/TET2/TET3	57.0/57.0/57.0
Hsap_NP_001393298.1	Tet_JBP.HG1.0:TET1/TET2/TET3	1.0	TET1	22.0
Lcom_lcpid41144|	Tet_JBP.HG1.0:TET1/TET2/TET3	1.0	TET1/TET2/TET3	1.0/1.0/1.0
Drer_NP_001314874.1	Tet_JBP.HG1.0:TET1/TET2/TET3	1.0	TET3	99.0
Cvir_XP_022313682.1	Tet_JBP.HG1.0:TET1/TET2/TET3	1.0	TET1/TET2/TET3	57.0/57.0/57.0
Lpol_XP_022241646.1	Tet_JBP.HG1.0:TET1/TET2/TET3	1.0	TET1/TET2/TET3	57.0/57.0/57.0
Hsap_NP_001274420.1	Tet_JBP.HG1.0:TET1/TET2/TET3	1.0	TET3	100.0
Obim_XP_014772828.1	Tet_JBP.HG1.0:TET1/TET2/TET3	1.0	TET1/TET2/TET3	57.0/57.0/57.0
Hsap_XP_016872175.1	Tet_JBP.HG1.0:TET1/TET2/TET3	1.0	TET1	21.0
Hsap_NP_001393304.1	Tet_JBP.HG1.0:TET1/TET2/TET3	1.0	TET1	45.0
Aque_XP_019849055.1	Tet_JBP.HG1.0:TET1/TET2/TET3	1.0	TET1/TET2/TET3	1.0/1.0/1.0
Scil_XP_065182918.1	Tet_JBP.HG1.0:TET1/TET2/TET3	1.0	TET1/TET2/TET3	1.0/1.0/1.0
Drer_XP_005159960.1	Tet_JBP.HG1.0:TET1/TET2/TET3	1.0	TET2	100.0
Dmel_NP_001246582.1	Tet_JBP.HG1.0:TET1/TET2/TET3	1.0	TET1/TET2/TET3	57.0/57.0/57.0
Hsap_XP_011530987.1	Tet_JBP.HG1.0:TET1/TET2/TET3	1.0	TET3	100.0
Blan_XP_066304213.1	Tet_JBP.HG1.0:TET1/TET2/TET3	1.0	TET1/TET2/TET3	57.0/57.0/57.0
Drer_XP_021328377.1	Tet_JBP.HG1.0:TET1/TET2/TET3	1.0	TET1	92.0
Lpol_XP_022240586.1	Tet_JBP.HG1.0:TET1/TET2/TET3	1.0	TET1/TET2/TET3	57.0/57.0/57.0
Hsap_NP_001393297.1	Tet_JBP.HG1.0:TET1/TET2/TET3	1.0	TET1	22.0
Hsap_NP_001393299.1	Tet_JBP.HG1.0:TET1/TET2/TET3	1.0	TET1	22.0
Hsap_XP_011530985.1	Tet_JBP.HG1.0:TET1/TET2/TET3	1.0	TET3	1.0
Blan_XP_066304217.1	Tet_JBP.HG1.0:TET1/TET2/TET3	1.0	TET1/TET2/TET3	57.0/57.0/57.0
Ggal_XP_040559105.1	Tet_JBP.HG1.0:TET1/TET2/TET3	1.0	TET1	99.0
Aplcal_XP_012934816.1	Tet_JBP.HG1.0:TET1/TET2/TET3	1.0	TET1/TET2/TET3	57.0/57.0/57.0
Hsap_NP_001393303.1	Tet_JBP.HG1.0:TET1/TET2/TET3	1.0	TET1	45.0
Hsap_XP_024308514.1	Tet_JBP.HG1.0:TET1/TET2/TET3	1.0	TET3	10.0
Hsap_XP_011530990.1	Tet_JBP.HG1.0:TET1/TET2/TET3	1.0	TET3	10.0
Twil_T_wilhelma_c27731_g1_i3|m.21815	Tet_JBP.HG1.0:TET1/TET2/TET3	1.0	TET1/TET2/TET3	1.0/1.0/1.0
Tadh_XP_002108965.1	Tet_JBP.HG1.0:TET1/TET2/TET3	1.0	TET1/TET2/TET3	1.0/1.0/1.0
Scil_XP_065175432.1	Tet_JBP.HG1.0:TET1/TET2/TET3	1.0	TET1/TET2/TET3	1.0/1.0/1.0
Bmor_XP_037874987.1	Tet_JBP.HG1.0:TET1/TET2/TET3	1.0	TET1/TET2/TET3	57.0/57.0/57.0
Drer_XP_009299504.1	Tet_JBP.HG1.0:TET1/TET2/TET3	1.0	TET3	99.0
Obim_XP_052828821.1	Tet_JBP.HG1.0:TET1/TET2/TET3	1.0	TET1/TET2/TET3	57.0/57.0/57.0
Skow_XP_006816862.1	Tet_JBP.HG1.0:TET1/TET2/TET3	1.0	TET1/TET2/TET3	57.0/57.0/57.0
Smar_SMAR014123-PA	Tet_JBP.HG1.0:TET1/TET2/TET3	1.0	TET1/TET2/TET3	57.0/57.0/57.0
Drer_XP_068069124.1	Tet_JBP.HG1.0:TET1/TET2/TET3	1.0	TET1	92.0
Drer_XP_068074829.1	Tet_JBP.HG1.0:TET1/TET2/TET3	1.0	TET1	92.0
Hsap_NP_085128.2	Tet_JBP.HG1.0:TET1/TET2/TET3	1.0	TET1	69.0
Blan_XP_066304215.1	Tet_JBP.HG1.0:TET1/TET2/TET3	1.0	TET1/TET2/TET3	57.0/57.0/57.0
Xtro_XP_031753348.1	Tet_JBP.HG1.0:TET1/TET2/TET3	1.0	TET3	100.0
Hsap_XP_024309870.1	Tet_JBP.HG1.0:TET1/TET2/TET3	1.0	TET2	1.0
Ggal_XP_040507506.2	Tet_JBP.HG1.0:TET1/TET2/TET3	1.0	TET3	100.0
Hsap_XP_011530989.1	Tet_JBP.HG1.0:TET1/TET2/TET3	1.0	TET3	100.0
Dmel_NP_001246583.1	Tet_JBP.HG1.0:TET1/TET2/TET3	1.0	TET1/TET2/TET3	57.0/57.0/57.0
Apimel_XP_016770977.1	Tet_JBP.HG1.0:TET1/TET2/TET3	1.0	TET1/TET2/TET3	57.0/57.0/57.0
Hsap_XP_024309871.1	Tet_JBP.HG1.0:TET1/TET2/TET3	1.0	TET2	1.0
Spur_XP_030835481.1	Tet_JBP.HG1.0:TET1/TET2/TET3	1.0	TET1/TET2/TET3	57.0/57.0/57.0
Btab_XP_018895737.1	Tet_JBP.HG1.0:TET1/TET2/TET3	1.0	TET1/TET2/TET3	57.0/57.0/57.0
Drer_XP_009305542.1	Tet_JBP.HG1.0:TET1/TET2/TET3	1.0	TET1	92.0
Lana_XP_013410271.1	Tet_JBP.HG1.0:TET1/TET2/TET3	1.0	TET1/TET2/TET3	57.0/57.0/57.0
Hsap_XP_005263139.1	Tet_JBP.HG1.0:TET1/TET2/TET3	1.0	TET2	53.0
Hsap_NP_001393301.1	Tet_JBP.HG1.0:TET1/TET2/TET3	1.0	TET1	30.0
Drer_XP_021328376.1	Tet_JBP.HG1.0:TET1/TET2/TET3	1.0	TET1	92.0
Twil_T_wilhelma_c27731_g1_i1|m.21810	Tet_JBP.HG1.0:TET1/TET2/TET3	1.0	TET1/TET2/TET3	1.0/1.0/1.0
Scil_XP_065175431.1	Tet_JBP.HG1.0:TET1/TET2/TET3	1.0	TET1/TET2/TET3	1.0/1.0/1.0
Agrpla_XP_025834621.1	Tet_JBP.HG1.0:TET1/TET2/TET3	1.0	TET1/TET2/TET3	57.0/57.0/57.0
Lcom_lcpid12098|	Tet_JBP.HG1.0:TET1/TET2/TET3	1.0	TET1/TET2/TET3	1.0/1.0/1.0
Lcom_lcpid54347|	Tet_JBP.HG1.0:TET1/TET2/TET3	1.0	TET1/TET2/TET3	1.0/1.0/1.0
Hsap_NP_001393305.1	Tet_JBP.HG1.0:TET1/TET2/TET3	1.0	TET1	100.0
Lcom_lcpid73962|	Tet_JBP.HG1.0:TET1/TET2/TET3	1.0	TET1/TET2/TET3	1.0/1.0/1.0
Ggal_XP_040559103.1	Tet_JBP.HG1.0:TET1/TET2/TET3	1.0	TET1	99.0
Apla_XP_022088315.1	Tet_JBP.HG1.0:TET1/TET2/TET3	1.0	TET1/TET2/TET3	57.0/57.0/57.0
Xtro_XP_031753350.1	Tet_JBP.HG1.0:TET1/TET2/TET3	1.0	TET3	100.0
Bmor_XP_037874990.1	Tet_JBP.HG1.0:TET1/TET2/TET3	1.0	TET1/TET2/TET3	57.0/57.0/57.0
Lana_XP_013410269.1	Tet_JBP.HG1.0:TET1/TET2/TET3	1.0	TET1/TET2/TET3	57.0/57.0/57.0
Hsap_XP_006714305.1	Tet_JBP.HG1.0:TET1/TET2/TET3	1.0	TET2	100.0
Hsap_NP_001393296.1	Tet_JBP.HG1.0:TET1/TET2/TET3	1.0	TET1	16.0
Hrob_XP_009022495.1	Tet_JBP.HG1.0:TET1/TET2/TET3	1.0	TET1/TET2/TET3	57.0/57.0/57.0
Pvan_XP_069980508.1	Tet_JBP.HG1.0:TET1/TET2/TET3	1.0	TET1/TET2/TET3	57.0/57.0/57.0
Cint_XP_002125458.3	Tet_JBP.HG1.0:TET1/TET2/TET3	1.0	TET1/TET2/TET3	1.0/1.0/1.0
Xtro_XP_031753343.1	Tet_JBP.HG1.0:TET1/TET2/TET3	1.0	TET3	100.0
Rcul_nRc.2.0.1.t28809-RA	Tet_JBP.HG1.0:TET1/TET2/TET3	1.0	TET1/TET2/TET3	57.0/57.0/57.0
Hsap_XP_011530992.1	Tet_JBP.HG1.0:TET1/TET2/TET3	1.0	TET3	100.0
Xtro_XP_031753345.1	Tet_JBP.HG1.0:TET1/TET2/TET3	1.0	TET3	100.0
Drer_XP_003198655.2	Tet_JBP.HG1.0:TET1/TET2/TET3	1.0	TET3	99.0
Hsap_XP_047299620.1	Tet_JBP.HG1.0:TET1/TET2/TET3	1.0	TET3	100.0
Spur_XP_030835480.1	Tet_JBP.HG1.0:TET1/TET2/TET3	1.0	TET1/TET2/TET3	57.0/57.0/57.0
Hsap_XP_047299618.1	Tet_JBP.HG1.0:TET1/TET2/TET3	1.0	TET3	33.0
Hsap_XP_011530986.1	Tet_JBP.HG1.0:TET1/TET2/TET3	1.0	TET3	1.0
Ggal_XP_040559108.1	Tet_JBP.HG1.0:TET1/TET2/TET3	1.0	TET1	99.0
Twil_T_wilhelma_c27731_g1_i6|m.21824	Tet_JBP.HG1.0:TET1/TET2/TET3	1.0	TET1/TET2/TET3	1.0/1.0/1.0
Hsap_NP_001393302.1	Tet_JBP.HG1.0:TET1/TET2/TET3	1.0	TET1	45.0
Ofus_CAH1794056.1	Tet_JBP.HG1.0:TET1/TET2/TET3	1.0	TET1/TET2/TET3	57.0/57.0/57.0
Ggal_XP_040559107.1	Tet_JBP.HG1.0:TET1/TET2/TET3	1.0	TET1	99.0
Apimel_XP_026300195.1	Tet_JBP.HG1.0:TET1/TET2/TET3	1.0	TET1/TET2/TET3	57.0/57.0/57.0
Dpul_XP_046460499.1	Tet_JBP.HG1.0:TET1/TET2/TET3	1.0	TET1/TET2/TET3	57.0/57.0/57.0
Xtro_NP_001090656.1	Tet_JBP.HG1.0:TET1/TET2/TET3	1.0	TET3	100.0
Dmel_NP_647750.4	Tet_JBP.HG1.0:TET1/TET2/TET3	1.0	TET1/TET2/TET3	57.0/57.0/57.0
Hsap_NP_001393294.1	Tet_JBP.HG1.0:TET1/TET2/TET3	1.0	TET1	16.0
Hsap_NP_001352951.1	Tet_JBP.HG1.0:TET1/TET2/TET3	1.0	TET3	100.0
Hsap_XP_016872176.1	Tet_JBP.HG1.0:TET1/TET2/TET3	1.0	TET1	24.0
Blan_XP_066304211.1	Tet_JBP.HG1.0:TET1/TET2/TET3	1.0	TET1/TET2/TET3	57.0/57.0/57.0
Xtro_XP_031753342.1	Tet_JBP.HG1.0:TET1/TET2/TET3	1.0	TET3	100.0
Emue_Em0019g1209a	Tet_JBP.HG1.0:TET1/TET2/TET3	1.0	TET1/TET2/TET3	1.0/1.0/1.0
Ggal_XP_040559109.1	Tet_JBP.HG1.0:TET1/TET2/TET3	1.0	TET1	99.0
Dpul_XP_046460500.1	Tet_JBP.HG1.0:TET1/TET2/TET3	1.0	TET1/TET2/TET3	57.0/57.0/57.0
Apla_XP_022088396.1	Tet_JBP.HG1.0:TET1/TET2/TET3	1.0	TET1/TET2/TET3	57.0/57.0/57.0
Dpul_XP_046460497.1	Tet_JBP.HG1.0:TET1/TET2/TET3	1.0	TET1/TET2/TET3	57.0/57.0/57.0
Blan_XP_066304214.1	Tet_JBP.HG1.0:TET1/TET2/TET3	1.0	TET1/TET2/TET3	57.0/57.0/57.0
Hsap_XP_024308513.1	Tet_JBP.HG1.0:TET1/TET2/TET3	1.0	TET3	10.0
Xtro_XP_031753346.1	Tet_JBP.HG1.0:TET1/TET2/TET3	1.0	TET3	100.0
Blan_XP_066304212.1	Tet_JBP.HG1.0:TET1/TET2/TET3	1.0	TET1/TET2/TET3	57.0/57.0/57.0
Ggal_XP_040559106.1	Tet_JBP.HG1.0:TET1/TET2/TET3	1.0	TET1	99.0
Bmor_XP_037874988.1	Tet_JBP.HG1.0:TET1/TET2/TET3	1.0	TET1/TET2/TET3	57.0/57.0/57.0
