Aque_XP_019849055.1	LOC100632527	13348_22526	1120
Hsap_XP_011530985.1	TET3	73983631_74135498	1811
Hsap_XP_047299615.1	TET3	73983631_74135498	1795
Hsap_XP_016859055.1	TET3	73983631_74135498	1811
Hsap_XP_011530986.1	TET3	73983631_74135498	1811
Hsap_XP_011530984.1	TET3	73983631_74135498	1811
Hsap_NP_001274420.1	TET3	73983631_74135498	1795
Hsap_XP_011530987.1	TET3	73983631_74135498	1792
Hsap_XP_047299616.1	TET3	73983631_74135498	1795
Hsap_XP_024308513.1	TET3	73983631_74135498	1105
Hsap_XP_024308514.1	TET3	73983631_74135498	1089
Hsap_XP_011530990.1	TET3	73983631_74135498	1050
Hsap_XP_047299618.1	TET3	73983631_74135498	1776
Hsap_XP_011530992.1	TET3	73983631_74135498	953
Hsap_XP_011530989.1	TET3	73983631_74135498	1718
Hsap_NP_001352951.1	TET3	73983631_74135498	1702
Hsap_XP_047299620.1	TET3	73983631_74135498	953
Hsap_XP_024309871.1	TET2	105171354_105352881	2002
Hsap_XP_024309870.1	TET2	105171354_105352881	2002
Hsap_NP_001120680.1	TET2	105171354_105352881	2002
Hsap_XP_006714305.1	TET2	105171354_105352881	1902
Hsap_XP_005263139.1	TET2	105171354_105352881	2002
Hsap_NP_001393294.1	TET1	68560337_68694487	2165
Hsap_NP_085128.2	TET1	68560337_68694487	2136
Hsap_NP_001393302.1	TET1	68560337_68694487	1334
Hsap_NP_001393303.1	TET1	68560337_68694487	1305
Hsap_XP_016872177.1	TET1	68560337_68694487	1512
Hsap_NP_001393297.1	TET1	68560337_68694487	1494
Hsap_NP_001393300.1	TET1	68560337_68694487	1465
Hsap_NP_001393304.1	TET1	68560337_68694487	713
Hsap_NP_001393296.1	TET1	68560337_68694487	1528
Hsap_XP_016872176.1	TET1	68560337_68694487	1512
Hsap_NP_001393299.1	TET1	68560337_68694487	1494
Hsap_NP_001393301.1	TET1	68560337_68694487	1465
Hsap_NP_001393298.1	TET1	68560337_68694487	1494
Hsap_NP_001393305.1	TET1	68560337_68694487	684
Hsap_XP_016872175.1	TET1	68560337_68694487	1516
Mlei_ML048213a-PA	ML048213a	130841_138716	541
Scil_XP_065175431.1	LOC135805336	73018011_73041282	2058
Scil_XP_065175432.1	LOC135805336	73018011_73041282	2052
Scil_XP_065175429.1	LOC135805336	73018011_73041282	2070
Scil_XP_065175430.1	LOC135805336	73018011_73041282	2068
Scil_XP_065182918.1	LOC135813829	1620006_1639429	2623
Tadh_XP_002108965.1	TRIADDRAFT_52488	10121499_10128283	687
