Agrpla_XP_025834609.1	LOC112905768	785863_788019	491
Agrpla_XP_025834621.1	LOC108734145	789671_868098	1892
Apimel_XP_026300195.1	LOC412878	4025468_4208180	2784
Aplcal_XP_005092662.1	LOC101846562	1696752_1759645	3191
Bmor_XP_021202702.2	LOC101743969	2990253_3148918	2465
Btab_XP_018895737.1	LOC109029641	1919991_2049258	2454
Cscu_XP_023209742.1	LOC111612732	37817_118932	2178
Cvir_XP_022313682.1	LOC111118472	5838242_5870635	1297
Dmel_NP_001261344.1	Dmel_CG43444	2786207_2879158	2921
Dpul_XP_046460497.1	LOC124207200	315337_331835	1628
Hrob_XP_009022495.1	HELRODRAFT_66924	6540162_6544719	323
Hsap_NP_001120680.1	TET2	105171354_105352881	2002
Hsap_NP_001274420.1	TET3	73983631_74135498	1795
Hsap_NP_001393294.1	TET1	68560337_68694487	2165
Lana_XP_013410270.1	LOC106173631	203834_221437	1655
Lpol_XP_022240586.1	LOC106458609	495997_542913	2989
Lpol_XP_022241646.1	LOC106459439	392955_491227	2391
Obim_XP_052828821.1	LOC106871070	177187747_177279658	2156
Ofus_CAH1794055.1	OFUS_LOCUS18822	12248997_12250361	347
Ofus_CAH1794056.1	OFUS_LOCUS18823	12250483_12275997	1990
Pvan_XP_069980505.1	Tet	16003868_16180315	2837
Rcul_nRc.2.0.1.t28809-RA	nRc.2.0.1.g28809	690_15933	891
Smar_SMAR014123-PA	SMAR014123	49525_56786	1104
