Bnap_NP_001303020.1	45	394	Iso_dh	PF00180.25	7.9e-147
Bnap_XP_022559308.1	45	394	Iso_dh	PF00180.25	7.9e-147
Bnap_XP_048630572.1	45	394	Iso_dh	PF00180.25	7.9e-147
Atha_NP_178171.1	44	393	Iso_dh	PF00180.25	8.6e-147
Bnap_XP_013650340.2	45	394	Iso_dh	PF00180.25	2.2e-146
Atha_NP_174403.1	45	394	Iso_dh	PF00180.25	2.4e-145
Atha_NP_001322636.1	60	409	Iso_dh	PF00180.25	2.7e-145
Atha_NP_196924.1	48	397	Iso_dh	PF00180.25	3e-145
Bnap_XP_013662408.1	45	394	Iso_dh	PF00180.25	4.7e-145
Bnap_XP_013727005.1	45	394	Iso_dh	PF00180.25	1.3e-144
Mesc_XP_021628571.1	75	423	Iso_dh	PF00180.25	1e-144
Qlob_XP_030971906.1	45	394	Iso_dh	PF00180.25	1.9e-144
Cbra_GBG59098.1	97	445	Iso_dh	PF00180.25	9.2e-144
Smoe_XP_002979709.2	42	391	Iso_dh	PF00180.25	1.5e-143
Smoe_XP_002988362.1	42	391	Iso_dh	PF00180.25	1.6e-143
Bdis_XP_003580860.1	39	388	Iso_dh	PF00180.25	1.9e-143
Tura_XP_048559935.1	42	390	Iso_dh	PF00180.25	2e-143
Sollyc_XP_004238906.1	45	394	Iso_dh	PF00180.25	7.8e-143
Zmay_NP_001150956.2	44	393	Iso_dh	PF00180.25	1.9e-142
Zmay_NP_001149749.1	46	395	Iso_dh	PF00180.25	2e-142
Atri_XP_011624020.1	45	394	Iso_dh	PF00180.25	2.8e-142
Atha_NP_001031880.1	48	382	Iso_dh	PF00180.25	4e-142
Osat_XP_015633256.1	45	394	Iso_dh	PF00180.25	4.5e-142
Ppat_XP_024360050.1	64	412	Iso_dh	PF00180.25	1.1e-141
Rchi_XP_024184507.1	43	392	Iso_dh	PF00180.25	1.2e-141
Rchi_XP_024184506.1	43	392	Iso_dh	PF00180.25	1.2e-141
Bnap_XP_022553068.1	45	415	Iso_dh	PF00180.25	4.2e-140
Cbra_GBG70675.1	702	1050	Iso_dh	PF00180.25	5.4e-141
Lsat_XP_023730482.1	44	393	Iso_dh	PF00180.25	5.9e-141
Psat_XP_050884492.1	45	394	Iso_dh	PF00180.25	1.4e-140
Otau_XP_003083133.2	37	385	Iso_dh	PF00180.25	4.1e-140
Mtru_XP_003597980.1	42	391	Iso_dh	PF00180.25	7.2e-140
Ecur_TVU16694.1	41	386	Iso_dh	PF00180.25	1.8e-139
Mpol_BFI25369.1	52	401	Iso_dh	PF00180.25	3.4e-139
Ttri_CDW58990.1	4	341	Iso_dh	PF00180.25	6.8e-138
Crei_XP_001701074.1	44	395	Iso_dh	PF00180.25	3.9e-137
Ttri_CDW59421.1	497	830	Iso_dh	PF00180.25	1.2e-136
Cper_Nk52_evm35s222	17	361	Iso_dh	PF00180.25	1.4e-136
Clim_Clim_evm76s11	6	350	Iso_dh	PF00180.25	1.6e-136
Ppur_KAA8500004.1	68	422	Iso_dh	PF00180.25	4e-134
Pigchi_Pchi_g7155	5	345	Iso_dh	PF00180.25	9.4e-132
Pgem_Unigene31170_Pirum_gemmata|m.18579	6	353	Iso_dh	PF00180.25	6.6e-128
Pigvie_Pvie_g11088	5	345	Iso_dh	PF00180.25	1.4e-127
Cfra_CFRG0192T1	7	361	Iso_dh	PF00180.25	1.3e-127
Sarc_XP_014150249.1	9	361	Iso_dh	PF00180.25	1e-125
Awhi_Unigene16905_Abeoforma_whisleri|m.10657	4	349	Iso_dh	PF00180.25	2.6e-125
Bnap_XP_022553818.1	48	401	Iso_dh	PF00180.25	2.8e-121
Bnap_XP_048611867.1	48	401	Iso_dh	PF00180.25	9.7e-121
Bnap_XP_013694417.2	44	393	Iso_dh	PF00180.25	1.1e-119
Bnap_XP_048611863.1	44	393	Iso_dh	PF00180.25	1.1e-119
Tura_XP_048549874.1	1	283	Iso_dh	PF00180.25	3.2e-119
Hsap_NP_005521.1	33	358	Iso_dh	PF00180.25	6.2e-118
Xtro_NP_989352.1	33	358	Iso_dh	PF00180.25	1.7e-117
Ggal_XP_015134372.1	25	350	Iso_dh	PF00180.25	4.8e-117
Ggal_NP_001005808.2	33	358	Iso_dh	PF00180.25	5.2e-117
Drer_NP_957245.2	32	356	Iso_dh	PF00180.25	8.2e-117
Blan_XP_066271367.1	30	355	Iso_dh	PF00180.25	4.7e-112
Lana_XP_013413294.1	28	353	Iso_dh	PF00180.25	1.4e-111
Smoe_XP_024541654.1	41	364	Iso_dh	PF00180.25	2e-111
Sros_XP_004988689.1	21	347	Iso_dh	PF00180.25	2.2e-110
Bmor_XP_037874378.1	60	384	Iso_dh	PF00180.25	3.5e-110
Bmor_XP_037874376.1	64	388	Iso_dh	PF00180.25	3.6e-110
Agrpla_XP_025835609.1	26	348	Iso_dh	PF00180.25	5.8e-110
Rcul_nRc.2.0.1.t13768-RA	33	355	Iso_dh	PF00180.25	6e-110
Bmor_XP_037874379.1	60	384	Iso_dh	PF00180.25	6.6e-110
Bmor_XP_037874377.1	64	388	Iso_dh	PF00180.25	6.8e-110
Dpul_XP_046442558.1	28	352	Iso_dh	PF00180.25	6.4e-110
Psat_XP_050887387.1	31	354	Iso_dh	PF00180.25	7.8e-110
Agrpla_XP_018320651.2	41	363	Iso_dh	PF00180.25	6.7e-110
Avag_UJR22250.1	48	373	Iso_dh	PF00180.25	7.6e-110
Ofus_CAH1797449.1	28	352	Iso_dh	PF00180.25	1.1e-109
Btab_XP_018910696.1	27	349	Iso_dh	PF00180.25	1.2e-109
Mbre_XP_001743519.1	1	323	Iso_dh	PF00180.25	1.3e-109
Skow_XP_002731367.2	45	369	Iso_dh	PF00180.25	1.4e-109
Smoe_XP_002989336.1	41	364	Iso_dh	PF00180.25	1.5e-109
Avag_UJR26859.1	55	380	Iso_dh	PF00180.25	1.4e-109
Rchi_XP_024187010.1	49	372	Iso_dh	PF00180.25	2.8e-109
Ecur_TVU04179.1	35	358	Iso_dh	PF00180.25	4.2e-109
Mesc_XP_021621120.1	50	373	Iso_dh	PF00180.25	4.9e-109
Ecur_TVU22661.1	125	448	Iso_dh	PF00180.25	6.4e-109
Bnap_XP_022559590.1	37	360	Iso_dh	PF00180.25	6.9e-109
Hsap_XP_024305679.1	3	308	Iso_dh	PF00180.25	7.7e-109
Hsap_XP_047288384.1	3	308	Iso_dh	PF00180.25	7.7e-109
Hsap_XP_047288385.1	3	308	Iso_dh	PF00180.25	7.7e-109
Tnat_KRZ60926.1	59	382	Iso_dh	PF00180.25	8.2e-109
Cint_XP_002130367.1	40	363	Iso_dh	PF00180.25	1.3e-108
Zmay_NP_001149947.1	38	361	Iso_dh	PF00180.25	1.4e-108
Pigvie_Pvie_g28	33	358	Iso_dh	PF00180.25	1.5e-108
Mtru_XP_003590469.1	31	354	Iso_dh	PF00180.25	1.9e-108
Pvan_XP_027214912.1	27	351	Iso_dh	PF00180.25	1.9e-108
Tbri_KRY48474.1	59	382	Iso_dh	PF00180.25	2e-108
Mtru_XP_003603020.1	26	349	Iso_dh	PF00180.25	2.1e-108
Dmel_NP_573388.1	26	350	Iso_dh	PF00180.25	2.2e-108
Dmel_NP_728257.2	26	350	Iso_dh	PF00180.25	2.2e-108
Zmay_XP_008655019.1	97	420	Iso_dh	PF00180.25	2.4e-108
Dmel_NP_001259705.1	49	373	Iso_dh	PF00180.25	2.8e-108
Zmay_NP_001130737.1	38	361	Iso_dh	PF00180.25	2.8e-108
Zmay_XP_020405023.1	38	361	Iso_dh	PF00180.25	2.8e-108
Zmay_XP_035821513.1	38	361	Iso_dh	PF00180.25	2.8e-108
Atha_NP_568113.1	47	370	Iso_dh	PF00180.25	3e-108
Spur_XP_792505.4	28	353	Iso_dh	PF00180.25	3.2e-108
Mpol_BFI26019.1	66	389	Iso_dh	PF00180.25	4.2e-108
Bnap_XP_013640218.3	37	360	Iso_dh	PF00180.25	5.5e-108
Cofcan_CDP06749.1	48	371	Iso_dh	PF00180.25	5.5e-108
Lsat_XP_023766654.1	47	370	Iso_dh	PF00180.25	6.1e-108
Tura_XP_048534211.1	35	358	Iso_dh	PF00180.25	6e-108
Tura_XP_048534455.1	35	358	Iso_dh	PF00180.25	6e-108
Bnap_XP_048624336.1	38	361	Iso_dh	PF00180.25	6.5e-108
Bnap_XP_013699780.1	44	367	Iso_dh	PF00180.25	6.9e-108
Osat_XP_015611169.1	35	358	Iso_dh	PF00180.25	7.1e-108
Sollyc_XP_004245818.1	40	363	Iso_dh	PF00180.25	7.3e-108
Bnap_XP_013724971.2	47	370	Iso_dh	PF00180.25	8e-108
Cowc_XP_004343741.1	30	355	Iso_dh	PF00180.25	7.6e-108
Psat_XP_050885043.1	31	354	Iso_dh	PF00180.25	9.6e-108
Ovol_OVOC564	28	351	Iso_dh	PF00180.25	9.1e-108
Hduj_OQV14700.1	44	369	Iso_dh	PF00180.25	1.1e-107
Gpal_Gpal_D383_g05953.t1	39	362	Iso_dh	PF00180.25	1.3e-107
Bnap_XP_022554156.2	47	370	Iso_dh	PF00180.25	1.4e-107
Apla_XP_022108231.1	36	361	Iso_dh	PF00180.25	1.4e-107
Crei_XP_001694857.2	13	336	Iso_dh	PF00180.25	2.5e-107
Apimel_XP_006564183.2	26	349	Iso_dh	PF00180.25	2.5e-107
Bnap_XP_013720264.2	39	362	Iso_dh	PF00180.25	2.7e-107
Bnap_XP_013721509.2	39	362	Iso_dh	PF00180.25	2.7e-107
Sollyc_XP_019070797.1	37	360	Iso_dh	PF00180.25	2.6e-107
Sollyc_XP_004245819.1	40	363	Iso_dh	PF00180.25	2.7e-107
Bxyl_CAG9086872.1	24	347	Iso_dh	PF00180.25	3.2e-107
Bdis_XP_003574964.1	35	358	Iso_dh	PF00180.25	3.6e-107
Bdis_XP_024317523.1	35	358	Iso_dh	PF00180.25	3.6e-107
Bdis_XP_024317524.1	35	358	Iso_dh	PF00180.25	3.6e-107
Bmal_XP_042936995.1	28	351	Iso_dh	PF00180.25	3.6e-107
Priarc_PARCANUS000024741.t1	23	346	Iso_dh	PF00180.25	4.2e-107
Tnel_KRX16030.1	59	391	Iso_dh	PF00180.25	4.4e-107
Cbra_GBG63464.1	105	428	Iso_dh	PF00180.25	6.8e-107
Asuu_AgB04_g259_t02	33	355	Iso_dh	PF00180.25	7e-107
Asuu_AgB04_g259_t03	33	355	Iso_dh	PF00180.25	7e-107
Avit_KAL3997991.1	28	351	Iso_dh	PF00180.25	7.1e-107
Scar_TKR92891.1	27	349	Iso_dh	PF00180.25	8.5e-107
Eela_EEL_0000076201-mRNA-1	28	351	Iso_dh	PF00180.25	8.2e-107
Cofcan_CDP07926.1	47	314	Iso_dh	PF00180.25	8.1e-107
Atri_XP_006828907.1	45	368	Iso_dh	PF00180.25	8.5e-107
Atri_XP_011628943.1	45	368	Iso_dh	PF00180.25	8.5e-107
Ppat_XP_024396478.1	61	383	Iso_dh	PF00180.25	1e-106
Emue_Em0009g1132a	28	352	Iso_dh	PF00180.25	1.1e-106
Emue_Em0009g1143a	28	352	Iso_dh	PF00180.25	1.1e-106
Cvir_XP_022334803.1	30	353	Iso_dh	PF00180.25	1.3e-106
Asuu_AgB04_g259_t01	111	433	Iso_dh	PF00180.25	1.4e-106
Tadh_XP_002111064.1	51	375	Iso_dh	PF00180.25	1.5e-106
Lloa_XP_003142355.1	28	351	Iso_dh	PF00180.25	1.5e-106
Cvir_XP_022329316.1	67	390	Iso_dh	PF00180.25	1.8e-106
Qlob_XP_030926701.1	35	358	Iso_dh	PF00180.25	1.7e-106
Otip_Oti_1547_t	29	352	Iso_dh	PF00180.25	2e-106
Lsat_XP_052620568.1	49	372	Iso_dh	PF00180.25	2.1e-106
Rvar_GAV07616.1	38	363	Iso_dh	PF00180.25	2.8e-106
Ppat_XP_024384186.1	51	373	Iso_dh	PF00180.25	3.1e-106
Tura_XP_048553680.1	35	358	Iso_dh	PF00180.25	3.5e-106
Hrob_XP_009014800.1	28	352	Iso_dh	PF00180.25	3.9e-106
Qlob_XP_030949521.1	35	358	Iso_dh	PF00180.25	4.9e-106
Atri_XP_011622294.1	45	368	Iso_dh	PF00180.25	5.2e-106
Aplcal_XP_005092713.1	54	377	Iso_dh	PF00180.25	5.3e-106
Aplcal_XP_005092712.1	56	379	Iso_dh	PF00180.25	5.4e-106
Ppat_XP_024383893.1	90	413	Iso_dh	PF00180.25	6.3e-106
Ppat_XP_024383894.1	90	413	Iso_dh	PF00180.25	6.3e-106
Lsig_VDK77085.1	28	351	Iso_dh	PF00180.25	9.8e-106
Sypmur_SMUV_0000048701-mRNA-1	29	352	Iso_dh	PF00180.25	1.1e-105
Hcon_XGW19078.1	27	350	Iso_dh	PF00180.25	1.2e-105
Mjap_MIJAPON000005264.t1	29	352	Iso_dh	PF00180.25	1.2e-105
Atha_NP_850549.1	47	370	Iso_dh	PF00180.25	1.4e-105
Psp.PS1159_PS1159_v2.g53.t1	31	354	Iso_dh	PF00180.25	1.9e-105
Smed_h1SMcT0019597.4	24	348	Iso_dh	PF00180.25	2.3e-105
Obim_XP_014779391.1	34	358	Iso_dh	PF00180.25	4.2e-105
Srat_XP_024506294.1	32	354	Iso_dh	PF00180.25	7.1e-105
Wban_VDM19159.1	28	347	Iso_dh	PF00180.25	1.4e-104
Bnap_XP_048630570.1	48	407	Iso_dh	PF00180.25	2.1e-104
Tsui_KHJ45603.1	254	577	Iso_dh	PF00180.25	2.2e-104
Cele_NP_492330.2	27	350	Iso_dh	PF00180.25	2.3e-104
Mesc_XP_021622485.1	51	372	Iso_dh	PF00180.25	2.9e-104
Mbel_CAJ0944027.1	24	346	Iso_dh	PF00180.25	5.4e-104
Bnap_XP_048635979.1	78	384	Iso_dh	PF00180.25	3.9e-101
Mhap_MhA1_Contig849.frz3.fgene2	33	357	Iso_dh	PF00180.25	4.7e-103
Tbri_KRY48476.1	59	403	Iso_dh	PF00180.25	1.7e-100
Smar_SMAR004908-PA	27	337	Iso_dh	PF00180.25	6.4e-103
Echgra_XP_024346322.1	30	354	Iso_dh	PF00180.25	2e-102
Dimm_MCP9260895.1	28	347	Iso_dh	PF00180.25	2.5e-102
Ddip_jg4633	36	357	Iso_dh	PF00180.25	7.5e-102
Ppur_KAA8498564.1	39	361	Iso_dh	PF00180.25	1.5e-101
Tnel_KRX16031.1	59	148	Iso_dh	PF00180.25	2.3e-13
Tnel_KRX16031.1	161	417	Iso_dh	PF00180.25	7.5e-87
Hpol_VDO64253.1	27	352	Iso_dh	PF00180.25	5.2e-101
Ever_VDD91704.1	13	330	Iso_dh	PF00180.25	1.2e-100
Scil_XP_065187145.1	8	335	Iso_dh	PF00180.25	1.1e-100
Mlei_ML07699a-PA	20	347	Iso_dh	PF00180.25	7.4e-100
Cscu_XP_023243496.1	33	330	Iso_dh	PF00180.25	1.8e-99
Sarc_XP_014153772.1	28	360	Iso_dh	PF00180.25	1.3e-98
Angcan_KAE9418540.1	4	315	Iso_dh	PF00180.25	2.2e-98
Ccri_XP_005717341.1	32	358	Iso_dh	PF00180.25	3e-98
Lcom_lcpid92593|	90	417	Iso_dh	PF00180.25	4.1e-98
Cfra_CFRG6323T1	29	361	Iso_dh	PF00180.25	2.4e-97
Tnat_KRZ60927.1	59	148	Iso_dh	PF00180.25	2.2e-13
Tnat_KRZ60927.1	161	411	Iso_dh	PF00180.25	5.4e-83
Sman_XP_018653640.1	1	278	Iso_dh	PF00180.25	4.7e-97
Tspi_XP_003373203.1	84	173	Iso_dh	PF00180.25	2.5e-13
Tspi_XP_003373203.1	186	438	Iso_dh	PF00180.25	1e-82
Pgem_Unigene7800_Pirum_gemmata|m.4813	22	359	Iso_dh	PF00180.25	4.7e-97
Hsap_XP_047288386.1	3	249	Iso_dh	PF00180.25	5.1e-97
Clim_Clim_evm80s147	29	363	Iso_dh	PF00180.25	6.1e-97
Pigchi_Pchi_g9356	37	370	Iso_dh	PF00180.25	5.7e-97
Tbri_KRY48475.1	59	148	Iso_dh	PF00180.25	2.2e-13
Tbri_KRY48475.1	161	411	Iso_dh	PF00180.25	1.3e-82
Pigvie_Pvie_g9877	37	370	Iso_dh	PF00180.25	1.1e-96
Cper_Nk52_evm9s2356	38	367	Iso_dh	PF00180.25	6.9e-96
Tbri_KRY48477.1	132	375	Iso_dh	PF00180.25	9.1e-89
Awhi_Unigene8926_Abeoforma_whisleri|m.6171	29	364	Iso_dh	PF00180.25	4.9e-95
Cowc_XP_004347265.1	46	381	Iso_dh	PF00180.25	2.9e-94
Dmel_NP_729420.1	385	713	Iso_dh	PF00180.25	6.9e-94
Ttri_CDW60192.1	29	412	Iso_dh	PF00180.25	2.9e-93
Mbre_XP_001743390.1	42	373	Iso_dh	PF00180.25	6.4e-93
Mbre_XP_001748689.1	43	472	Iso_dh	PF00180.25	2.9e-91
Pigchi_Pchi_g10461	46	378	Iso_dh	PF00180.25	8.2e-92
Sbat_VDP04994.1	14	255	Iso_dh	PF00180.25	5.1e-90
Sros_XP_004998141.1	44	474	Iso_dh	PF00180.25	6.7e-89
Aque_XP_019858676.1	3	244	Iso_dh	PF00180.25	3.6e-89
Ddip_jg10977	32	402	Iso_dh	PF00180.25	5.8e-65
Ddip_jg10977	439	603	Iso_dh	PF00180.25	2.2e-21
Cper_Nk52_evm3s346	12	316	Iso_dh	PF00180.25	6.1e-87
Atha_NP_001031879.1	48	280	Iso_dh	PF00180.25	6.2e-86
Mtru_XP_003616186.1	7	402	Iso_dh	PF00180.25	9.7e-86
Mtru_XP_024639616.1	7	402	Iso_dh	PF00180.25	9.7e-86
Psat_XP_050904480.1	7	402	Iso_dh	PF00180.25	5.4e-85
Blan_XP_066283871.1	63	384	Iso_dh	PF00180.25	1e-84
Bnap_XP_048606314.1	36	358	Iso_dh	PF00180.25	3.3e-84
Cowc_XP_004363625.1	40	365	Iso_dh	PF00180.25	4.2e-84
Bnap_NP_001302752.1	40	362	Iso_dh	PF00180.25	6.3e-84
Qlob_XP_030952960.1	7	402	Iso_dh	PF00180.25	1.2e-83
Qlob_XP_030952961.1	7	402	Iso_dh	PF00180.25	1.2e-83
Rchi_XP_024188228.1	7	402	Iso_dh	PF00180.25	1.4e-83
Atha_NP_176768.1	7	400	Iso_dh	PF00180.25	1.4e-83
Atha_NP_195252.1	40	362	Iso_dh	PF00180.25	2.2e-83
Bnap_XP_013670585.1	42	364	Iso_dh	PF00180.25	2.6e-83
Blan_XP_066283872.1	55	381	Iso_dh	PF00180.25	3.5e-83
Blan_XP_066283868.1	63	389	Iso_dh	PF00180.25	3.7e-83
Bnap_XP_022544686.2	40	362	Iso_dh	PF00180.25	4e-83
Bnap_XP_013738492.2	7	400	Iso_dh	PF00180.25	4.9e-83
Bnap_XP_048610800.1	7	400	Iso_dh	PF00180.25	4.9e-83
Bnap_XP_013722445.2	7	400	Iso_dh	PF00180.25	5.6e-83
Bnap_XP_022544799.2	7	400	Iso_dh	PF00180.25	5.6e-83
Bnap_XP_013676687.2	7	400	Iso_dh	PF00180.25	6.8e-83
Osat_XP_015640220.1	7	401	Iso_dh	PF00180.25	8.5e-83
Blan_XP_066283870.1	63	385	Iso_dh	PF00180.25	1.7e-82
Atri_XP_006851706.2	45	367	Iso_dh	PF00180.25	1.7e-82
Qlob_XP_030923921.1	39	361	Iso_dh	PF00180.25	2.2e-82
Qlob_XP_030924110.1	39	361	Iso_dh	PF00180.25	2.2e-82
Plae_KAI0985720.1	34	365	Iso_dh	PF00180.25	2.9e-82
Zmay_NP_001140877.2	48	370	Iso_dh	PF00180.25	5.6e-82
Psat_XP_050872070.1	45	367	Iso_dh	PF00180.25	6.5e-82
Lcom_lcpid144899|	4	229	Iso_dh	PF00180.25	6.8e-82
Bnap_XP_013698552.1	7	400	Iso_dh	PF00180.25	7.5e-82
Twil_T_wilhelma_c31966_g2_i1|m.44982	7	329	Iso_dh	PF00180.25	8.2e-82
Cofcan_CDP01688.1	7	402	Iso_dh	PF00180.25	8.6e-82
Twil_T_wilhelma_c31966_g2_i6|m.44987	57	379	Iso_dh	PF00180.25	1.4e-81
Twil_T_wilhelma_c31966_g2_i5|m.44986	57	379	Iso_dh	PF00180.25	1.4e-81
Qlob_XP_030942553.1	39	361	Iso_dh	PF00180.25	1.5e-81
Qlob_XP_030942554.1	39	361	Iso_dh	PF00180.25	1.5e-81
Mesc_XP_021592466.1	7	402	Iso_dh	PF00180.25	1.8e-81
Bnap_XP_013654941.1	40	363	Iso_dh	PF00180.25	1.9e-81
Pigvie_Pvie_g3605	36	342	Iso_dh	PF00180.25	1.7e-81
Bnap_XP_048590786.1	7	400	Iso_dh	PF00180.25	1.9e-81
Osat_XP_015622761.1	51	373	Iso_dh	PF00180.25	2e-81
Rchi_XP_024165868.1	46	368	Iso_dh	PF00180.25	2e-81
Atha_NP_195290.1	40	363	Iso_dh	PF00180.25	2.1e-81
Apla_XP_022096040.1	66	391	Iso_dh	PF00180.25	2.5e-81
Mesc_XP_021604355.1	45	367	Iso_dh	PF00180.25	2.5e-81
Bnap_XP_013733024.1	40	363	Iso_dh	PF00180.25	2.9e-81
Bnap_XP_048607203.1	40	363	Iso_dh	PF00180.25	2.9e-81
Lsat_XP_023756151.1	40	363	Iso_dh	PF00180.25	3.2e-81
Osat_XP_015636170.1	46	368	Iso_dh	PF00180.25	3.7e-81
Tura_XP_048529202.1	43	366	Iso_dh	PF00180.25	4.3e-81
Tura_XP_048534621.1	43	366	Iso_dh	PF00180.25	4.3e-81
Tura_XP_048534623.1	43	366	Iso_dh	PF00180.25	4.3e-81
Zmay_NP_001141883.1	46	368	Iso_dh	PF00180.25	5e-81
Zmay_NP_001140324.2	7	401	Iso_dh	PF00180.25	4.9e-81
Psat_XP_050906374.1	41	363	Iso_dh	PF00180.25	5.1e-81
Sollyc_XP_004228607.1	8	402	Iso_dh	PF00180.25	7.2e-81
Tura_XP_048557955.1	44	366	Iso_dh	PF00180.25	7.3e-81
Ecur_TVU35724.1	86	480	Iso_dh	PF00180.25	7.8e-81
Mtru_XP_003612317.1	39	362	Iso_dh	PF00180.25	7.9e-81
Mbre_XP_001742858.1	36	374	Iso_dh	PF00180.25	1.1e-80
Sollyc_XP_004232553.1	30	352	Iso_dh	PF00180.25	1.1e-80
Bdis_XP_003579972.1	44	366	Iso_dh	PF00180.25	1.3e-80
Twil_T_wilhelma_c25545_g2_i3|m.14452	1	211	Iso_dh	PF00180.25	1.2e-80
Twil_T_wilhelma_c25545_g2_i4|m.14454	1	211	Iso_dh	PF00180.25	1.2e-80
Mesc_XP_021596123.1	7	402	Iso_dh	PF00180.25	1.3e-80
Mtru_XP_003629164.1	44	366	Iso_dh	PF00180.25	1.3e-80
Bdis_XP_003575277.2	86	409	Iso_dh	PF00180.25	1.3e-80
Mesc_XP_021630850.1	45	367	Iso_dh	PF00180.25	1.4e-80
Ppat_XP_024364592.1	39	366	Iso_dh	PF00180.25	1.4e-80
Sollyc_XP_004250238.3	71	466	Iso_dh	PF00180.25	1.4e-80
Mpol_BFI23425.1	62	384	Iso_dh	PF00180.25	1.5e-80
Rchi_XP_024183028.1	41	363	Iso_dh	PF00180.25	1.5e-80
Rchi_XP_024183029.1	41	363	Iso_dh	PF00180.25	1.5e-80
Rchi_XP_024183031.1	41	363	Iso_dh	PF00180.25	1.5e-80
Rchi_XP_040369426.1	41	363	Iso_dh	PF00180.25	1.5e-80
Osat_XP_015612407.1	7	401	Iso_dh	PF00180.25	2e-80
Ppat_XP_024383411.1	39	361	Iso_dh	PF00180.25	2.2e-80
Ppat_XP_024383412.1	39	361	Iso_dh	PF00180.25	2.2e-80
Lsat_XP_023754134.1	53	375	Iso_dh	PF00180.25	2.3e-80
Qlob_XP_030963098.1	7	402	Iso_dh	PF00180.25	2.7e-80
Qlob_XP_030963207.1	7	402	Iso_dh	PF00180.25	2.7e-80
Smoe_XP_024514954.1	35	357	Iso_dh	PF00180.25	2.8e-80
Aque_XP_003384684.2	46	369	Iso_dh	PF00180.25	4e-80
Smoe_XP_024530667.1	35	357	Iso_dh	PF00180.25	3.7e-80
Smoe_XP_002985211.2	68	390	Iso_dh	PF00180.25	3.8e-80
Zmay_NP_001295422.1	50	372	Iso_dh	PF00180.25	4e-80
Smoe_XP_002969739.1	7	401	Iso_dh	PF00180.25	3.9e-80
Smoe_XP_002969878.2	68	390	Iso_dh	PF00180.25	5.1e-80
Bnap_XP_013724933.1	41	363	Iso_dh	PF00180.25	5.7e-80
Xtro_XP_031746350.1	53	376	Iso_dh	PF00180.25	5.5e-80
Xtro_NP_001025597.1	57	380	Iso_dh	PF00180.25	5.7e-80
Ppat_XP_024357078.1	40	362	Iso_dh	PF00180.25	5.8e-80
Ppat_XP_024364593.1	39	361	Iso_dh	PF00180.25	6e-80
Ppat_XP_024364594.1	39	361	Iso_dh	PF00180.25	6e-80
Smoe_XP_024542197.1	7	401	Iso_dh	PF00180.25	6.3e-80
Smoe_XP_002981348.1	7	401	Iso_dh	PF00180.25	6.4e-80
Bnap_XP_013648355.2	7	402	Iso_dh	PF00180.25	6.3e-80
Atha_NP_179304.1	40	362	Iso_dh	PF00180.25	8e-80
Lsat_XP_023767459.1	7	402	Iso_dh	PF00180.25	8e-80
Bnap_NP_001302871.1	41	363	Iso_dh	PF00180.25	1.1e-79
Mesc_XP_021604980.1	7	402	Iso_dh	PF00180.25	1.2e-79
Mesc_XP_021604981.1	7	402	Iso_dh	PF00180.25	1.2e-79
Lloa_XP_003137855.1	61	382	Iso_dh	PF00180.25	1.3e-79
Bdis_XP_003569476.1	7	401	Iso_dh	PF00180.25	1.3e-79
Drer_XP_017208256.1	51	376	Iso_dh	PF00180.25	1.4e-79
Atri_XP_006858533.1	8	402	Iso_dh	PF00180.25	1.4e-79
Atri_XP_011628603.1	8	402	Iso_dh	PF00180.25	1.4e-79
Atri_XP_011628602.1	8	402	Iso_dh	PF00180.25	1.5e-79
Cscu_XP_023232345.1	54	378	Iso_dh	PF00180.25	1.6e-79
Cscu_XP_023232346.1	54	378	Iso_dh	PF00180.25	1.6e-79
Skow_XP_002739498.1	12	333	Iso_dh	PF00180.25	2.1e-79
Rchi_XP_024159946.1	8	403	Iso_dh	PF00180.25	2e-79
Zmay_NP_001142417.1	7	401	Iso_dh	PF00180.25	2e-79
Otip_Oti_14811_t	44	367	Iso_dh	PF00180.25	2.2e-79
Drer_NP_001002157.1	50	376	Iso_dh	PF00180.25	2.4e-79
Xtro_XP_012809573.1	23	349	Iso_dh	PF00180.25	2.3e-79
Zmay_NP_001136968.1	7	401	Iso_dh	PF00180.25	2.6e-79
Asuu_AgB02_g241_t02	64	388	Iso_dh	PF00180.25	2.9e-79
Xtro_XP_012809571.1	43	369	Iso_dh	PF00180.25	2.9e-79
Xtro_XP_031750449.1	45	371	Iso_dh	PF00180.25	2.9e-79
Smed_h1SMcT0019597.2	24	150	Iso_dh	PF00180.25	2e-31
Smed_h1SMcT0019597.2	151	269	Iso_dh	PF00180.25	6.2e-47
Spur_XP_030841657.1	41	366	Iso_dh	PF00180.25	3.9e-79
Atha_NP_175836.1	8	401	Iso_dh	PF00180.25	4.6e-79
Tura_XP_048563827.1	7	401	Iso_dh	PF00180.25	4.3e-79
Apimel_XP_016770895.1	53	374	Iso_dh	PF00180.25	5.4e-79
Apimel_XP_393876.1	53	374	Iso_dh	PF00180.25	5.4e-79
Qlob_XP_030923922.1	39	357	Iso_dh	PF00180.25	6.1e-79
Qlob_XP_030924111.1	39	357	Iso_dh	PF00180.25	6.1e-79
Sollyc_NP_001234366.2	46	368	Iso_dh	PF00180.25	6.5e-79
Ggal_NP_001026558.2	50	375	Iso_dh	PF00180.25	7.7e-79
Cele_NP_497927.2	53	380	Iso_dh	PF00180.25	8.6e-79
Hsap_NP_777280.1	51	376	Iso_dh	PF00180.25	9.1e-79
Ecur_TVU15563.1	46	403	Iso_dh	PF00180.25	1.1e-78
Ecur_TVU15578.1	46	403	Iso_dh	PF00180.25	1.1e-78
Blan_XP_066278370.1	51	380	Iso_dh	PF00180.25	1.4e-78
Sollyc_XP_004250239.2	6	391	Iso_dh	PF00180.25	1.5e-78
Sollyc_XP_019066657.2	12	397	Iso_dh	PF00180.25	1.7e-78
Lsat_XP_023773185.1	7	402	Iso_dh	PF00180.25	2.5e-78
Cint_XP_002129499.1	50	376	Iso_dh	PF00180.25	3.8e-78
Qlob_XP_030942555.1	39	357	Iso_dh	PF00180.25	4e-78
Mtru_XP_003595878.1	9	402	Iso_dh	PF00180.25	3.9e-78
Xtro_NP_001119993.1	43	364	Iso_dh	PF00180.25	4.3e-78
Xtro_XP_031750529.1	45	366	Iso_dh	PF00180.25	4.4e-78
Blan_XP_066278366.1	51	380	Iso_dh	PF00180.25	5e-78
Ggal_XP_046796254.1	50	374	Iso_dh	PF00180.25	5.6e-78
Osat_XP_015622762.1	51	369	Iso_dh	PF00180.25	5.5e-78
Hsap_NP_008830.2	51	376	Iso_dh	PF00180.25	6e-78
Hsap_NP_001317692.1	51	376	Iso_dh	PF00180.25	6.1e-78
Scar_TKR71775.1	67	396	Iso_dh	PF00180.25	6.3e-78
Ppat_XP_024386930.1	8	403	Iso_dh	PF00180.25	6.6e-78
Ppat_XP_024386931.1	8	403	Iso_dh	PF00180.25	6.6e-78
Ppat_XP_024386933.1	8	403	Iso_dh	PF00180.25	6.6e-78
Avit_KAL3982520.1	62	386	Iso_dh	PF00180.25	6.9e-78
Mesc_XP_043810052.1	45	363	Iso_dh	PF00180.25	6.9e-78
Hsap_NP_004126.1	56	379	Iso_dh	PF00180.25	9.4e-78
Scar_TKR71776.1	119	448	Iso_dh	PF00180.25	9.4e-78
Osat_XP_066165619.1	46	364	Iso_dh	PF00180.25	1e-77
Scar_TKR71777.1	160	489	Iso_dh	PF00180.25	1.2e-77
Psat_XP_050906375.1	41	359	Iso_dh	PF00180.25	1.4e-77
Acey_EYC36195.1	53	376	Iso_dh	PF00180.25	1.4e-77
Cvir_XP_022325296.1	48	374	Iso_dh	PF00180.25	1.7e-77
Cvir_XP_022321339.1	48	374	Iso_dh	PF00180.25	1.7e-77
Qlob_XP_030953899.1	87	480	Iso_dh	PF00180.25	1.9e-77
Tura_XP_048557956.1	44	362	Iso_dh	PF00180.25	2e-77
Mtru_XP_013453577.1	39	358	Iso_dh	PF00180.25	2.1e-77
Bdis_XP_003581407.1	74	467	Iso_dh	PF00180.25	2.1e-77
Hcon_XGW35049.1	38	367	Iso_dh	PF00180.25	2.2e-77
Smed_h1SMcT0019597.3	24	279	Iso_dh	PF00180.25	2.6e-77
Tadh_XP_002112405.1	89	408	Iso_dh	PF00180.25	3.2e-77
Ever_VDD91145.1	50	373	Iso_dh	PF00180.25	2.8e-77
Bnap_XP_022555560.1	1	381	Iso_dh	PF00180.25	2.8e-77
Ovol_OVOC4349	62	385	Iso_dh	PF00180.25	3.3e-77
Bdis_XP_010240027.1	44	362	Iso_dh	PF00180.25	3.6e-77
Sros_XP_004994508.1	7	330	Iso_dh	PF00180.25	3.9e-77
Mesc_XP_021631597.1	45	363	Iso_dh	PF00180.25	3.8e-77
Srat_XP_024508887.1	31	356	Iso_dh	PF00180.25	4.1e-77
Crei_XP_001697281.1	44	371	Iso_dh	PF00180.25	4.4e-77
Blan_XP_066278368.1	51	380	Iso_dh	PF00180.25	4.8e-77
Tura_XP_048551693.1	8	400	Iso_dh	PF00180.25	5.3e-77
Osat_NP_001406575.1	71	464	Iso_dh	PF00180.25	5.4e-77
Pigchi_Pchi_g14477	34	289	Iso_dh	PF00180.25	5.3e-77
Emue_Em0013g280a	2	326	Iso_dh	PF00180.25	5.6e-77
Tura_XP_048558262.1	69	462	Iso_dh	PF00180.25	6.8e-77
Bdis_XP_010230691.1	8	400	Iso_dh	PF00180.25	7e-77
Bdis_XP_014754739.1	8	400	Iso_dh	PF00180.25	7e-77
Bdis_XP_024314810.1	8	400	Iso_dh	PF00180.25	7e-77
Mbre_XP_001747732.1	31	355	Iso_dh	PF00180.25	7.6e-77
Psat_XP_050917918.1	9	402	Iso_dh	PF00180.25	8e-77
Blan_XP_066278367.1	51	377	Iso_dh	PF00180.25	1e-76
Cbra_GBG67669.1	8	410	Iso_dh	PF00180.25	1.1e-76
Zmay_NP_001295424.1	50	368	Iso_dh	PF00180.25	1.1e-76
Atri_XP_020520853.1	92	484	Iso_dh	PF00180.25	1.3e-76
Atri_XP_006841065.1	92	486	Iso_dh	PF00180.25	1.5e-76
Bnap_XP_013724934.1	41	359	Iso_dh	PF00180.25	1.6e-76
Osat_XP_015614157.1	8	400	Iso_dh	PF00180.25	1.5e-76
Mtru_XP_003618179.1	75	468	Iso_dh	PF00180.25	1.5e-76
Hrob_XP_009031534.1	46	370	Iso_dh	PF00180.25	1.5e-76
Blan_XP_066278365.1	51	380	Iso_dh	PF00180.25	1.7e-76
Priarc_PARCANUS000022498.t1	265	594	Iso_dh	PF00180.25	2e-76
Srat_XP_024508889.1	228	554	Iso_dh	PF00180.25	2.2e-76
Sros_XP_004991384.1	29	352	Iso_dh	PF00180.25	2.1e-76
Sros_XP_012493091.1	29	352	Iso_dh	PF00180.25	2.1e-76
Atha_NP_849963.1	40	358	Iso_dh	PF00180.25	2.2e-76
Hcon_XGW03514.1	53	376	Iso_dh	PF00180.25	2.5e-76
Hcon_XGW03515.1	53	376	Iso_dh	PF00180.25	2.5e-76
Ccri_XP_005709998.1	58	377	Iso_dh	PF00180.25	2.9e-76
Ccri_XP_005711524.1	58	377	Iso_dh	PF00180.25	2.9e-76
Mesc_XP_043807525.1	1	383	Iso_dh	PF00180.25	2.5e-76
Sollyc_XP_010312730.2	1	383	Iso_dh	PF00180.25	3.1e-76
Srat_XP_024507139.1	43	366	Iso_dh	PF00180.25	3.7e-76
Mjap_MIJAPON000002887.t1	1	329	Iso_dh	PF00180.25	3.6e-76
Drer_NP_001230101.1	53	376	Iso_dh	PF00180.25	3.9e-76
Mpol_BFI32777.1	114	509	Iso_dh	PF00180.25	4.2e-76
Apla_XP_022080645.1	49	374	Iso_dh	PF00180.25	4.3e-76
Bmal_XP_001898985.2	62	385	Iso_dh	PF00180.25	5.5e-76
Eela_EEL_0000429101-mRNA-1	62	377	Iso_dh	PF00180.25	6e-76
Avag_UJR24505.1	37	356	Iso_dh	PF00180.25	5.9e-76
Psat_XP_050905450.1	80	473	Iso_dh	PF00180.25	6.6e-76
Btab_XP_018911186.1	50	372	Iso_dh	PF00180.25	6.9e-76
Ppat_XP_024358508.1	79	475	Iso_dh	PF00180.25	8.2e-76
Ecur_TVU20194.1	7	402	Iso_dh	PF00180.25	8.4e-76
Psp.PS1159_PS1159_v2.g21004.t1	44	369	Iso_dh	PF00180.25	8.8e-76
Lsig_VDK88451.1	93	414	Iso_dh	PF00180.25	9.4e-76
Hcon_XGW21333.1	26	344	Iso_dh	PF00180.25	9.8e-76
Diplco_DCO_013653	37	358	Iso_dh	PF00180.25	1e-75
Angcan_KAE9421651.1	54	377	Iso_dh	PF00180.25	1.1e-75
Skow_XP_002735534.1	50	374	Iso_dh	PF00180.25	1.2e-75
Apimel_XP_624511.1	44	369	Iso_dh	PF00180.25	1.2e-75
Lcom_lcpid97695|	24	342	Iso_dh	PF00180.25	1.2e-75
Hcon_XGW21332.1	51	369	Iso_dh	PF00180.25	1.3e-75
Hcon_XGW21331.1	55	373	Iso_dh	PF00180.25	1.3e-75
Acey_EYB91571.1	52	371	Iso_dh	PF00180.25	1.5e-75
Diplco_DCO_014420	24	342	Iso_dh	PF00180.25	1.3e-75
Ecur_TVU29419.1	50	388	Iso_dh	PF00180.25	2.5e-74
Agrpla_XP_018332626.1	70	388	Iso_dh	PF00180.25	1.7e-75
Agrpla_XP_018332636.1	70	388	Iso_dh	PF00180.25	1.7e-75
Agrpla_XP_018332643.1	70	388	Iso_dh	PF00180.25	1.7e-75
Psp.PS1159_PS1159_v2.g17472.t1	35	430	Iso_dh	PF00180.25	2e-75
Bnap_XP_013714383.1	81	474	Iso_dh	PF00180.25	2e-75
Atha_NP_196963.2	78	471	Iso_dh	PF00180.25	2e-75
Cele_NP_510362.1	44	373	Iso_dh	PF00180.25	2.1e-75
Diplco_DCO_013654	37	358	Iso_dh	PF00180.25	2.9e-75
Cint_XP_002122423.1	50	375	Iso_dh	PF00180.25	2.8e-75
Sman_XP_018650749.1	41	366	Iso_dh	PF00180.25	2.9e-75
Srat_XP_024502841.1	60	385	Iso_dh	PF00180.25	3.1e-75
Dpul_XP_046447834.1	51	374	Iso_dh	PF00180.25	3.8e-75
Asuu_AgB04_g021_t06	48	370	Iso_dh	PF00180.25	3.9e-75
Asuu_AgB04_g021_t07	48	370	Iso_dh	PF00180.25	3.9e-75
Mesc_XP_021598243.1	76	450	Iso_dh	PF00180.25	4.2e-75
Asuu_AgB04_g021_t08	87	409	Iso_dh	PF00180.25	5.5e-75
Asuu_AgB04_g021_t09	87	409	Iso_dh	PF00180.25	5.5e-75
Ggal_XP_046796255.1	50	358	Iso_dh	PF00180.25	5.8e-75
Hpol_VDO78540.1	17	331	Iso_dh	PF00180.25	5.8e-75
Diplco_DCO_014419	24	343	Iso_dh	PF00180.25	6e-75
Aque_XP_003389955.2	39	295	Iso_dh	PF00180.25	5.8e-75
Scil_XP_065199209.1	15	334	Iso_dh	PF00180.25	6e-75
Lsat_XP_023735207.1	81	473	Iso_dh	PF00180.25	6.5e-75
Bnap_XP_048626151.1	144	537	Iso_dh	PF00180.25	6.3e-75
Pvan_XP_027209902.2	51	375	Iso_dh	PF00180.25	6.5e-75
Pvan_XP_027209903.2	51	375	Iso_dh	PF00180.25	6.8e-75
Zmay_NP_001130558.1	1	386	Iso_dh	PF00180.25	6.4e-75
Ofus_CAH1784561.1	54	375	Iso_dh	PF00180.25	7.7e-75
Ofus_CAH1784562.1	54	375	Iso_dh	PF00180.25	8e-75
Cele_NP_491989.1	38	357	Iso_dh	PF00180.25	9.3e-75
Mbel_CAJ0935605.1	149	468	Iso_dh	PF00180.25	9.3e-75
Sollyc_XP_004232313.1	76	469	Iso_dh	PF00180.25	9.5e-75
Spur_XP_030828151.1	55	382	Iso_dh	PF00180.25	9.6e-75
Spur_XP_030828149.1	61	388	Iso_dh	PF00180.25	1e-74
Spur_XP_030828150.1	61	388	Iso_dh	PF00180.25	1e-74
Spur_XP_030828148.1	63	390	Iso_dh	PF00180.25	1e-74
Asuu_AgR050_g028_t01	46	374	Iso_dh	PF00180.25	1.1e-74
Asuu_AgR050_g028_t03	46	374	Iso_dh	PF00180.25	1.1e-74
Hpol_VDP00133.1	38	355	Iso_dh	PF00180.25	2e-74
Lana_XP_013390200.1	51	376	Iso_dh	PF00180.25	2.4e-74
Lana_XP_013390201.1	51	376	Iso_dh	PF00180.25	2.4e-74
Hsap_NP_777358.1	56	359	Iso_dh	PF00180.25	3.6e-74
Psp.PS1159_PS1159_v2.g2889.t1	39	366	Iso_dh	PF00180.25	3.5e-74
Cvir_XP_022290279.1	10	379	Iso_dh	PF00180.25	3.7e-74
Wban_VDM23202.1	100	414	Iso_dh	PF00180.25	4.1e-74
Angcan_KAE9419872.1	12	325	Iso_dh	PF00180.25	3.9e-74
Avag_UJR34297.1	40	359	Iso_dh	PF00180.25	4.3e-74
Rvar_GAU88467.1	56	381	Iso_dh	PF00180.25	4.7e-74
Priarc_PARCANUS000002916.t1	55	377	Iso_dh	PF00180.25	4.9e-74
Cofcan_CDP02088.1	72	444	Iso_dh	PF00180.25	6.1e-74
Hsap_NP_001245313.1	51	357	Iso_dh	PF00180.25	6.5e-74
Cofcan_CDP14508.1	15	303	Iso_dh	PF00180.25	6.5e-74
Tura_XP_048551691.1	25	407	Iso_dh	PF00180.25	6.8e-74
Tura_XP_048551692.1	25	407	Iso_dh	PF00180.25	6.8e-74
Mbel_CAJ0935094.1	36	365	Iso_dh	PF00180.25	7.2e-74
Srat_XP_024510653.1	60	385	Iso_dh	PF00180.25	8.2e-74
Cscu_XP_023235488.1	60	380	Iso_dh	PF00180.25	9.5e-74
Diplco_DCO_013351	50	379	Iso_dh	PF00180.25	8.6e-74
Diplco_DCO_013352	50	379	Iso_dh	PF00180.25	8.6e-74
Ofus_CAH1784854.1	47	370	Iso_dh	PF00180.25	1.1e-73
Mjap_MIJAPON000001225.t1	49	372	Iso_dh	PF00180.25	1.2e-73
Priarc_PARCANUS000002784.t1	45	366	Iso_dh	PF00180.25	1.2e-73
Lana_XP_013404770.1	60	381	Iso_dh	PF00180.25	1.3e-73
Lana_XP_013404769.1	60	381	Iso_dh	PF00180.25	1.4e-73
Rchi_XP_024184897.1	74	467	Iso_dh	PF00180.25	1.4e-73
Smed_h1SMcT0019652.1	32	355	Iso_dh	PF00180.25	1.6e-73
Otip_Oti_4036_t	37	366	Iso_dh	PF00180.25	1.6e-73
Dpul_XP_046450145.1	48	364	Iso_dh	PF00180.25	2.6e-73
Ppur_KAA8493622.1	55	414	Iso_dh	PF00180.25	2.7e-73
Dpul_XP_046450143.1	48	364	Iso_dh	PF00180.25	2.7e-73
Ddip_jg25630	57	382	Iso_dh	PF00180.25	2.7e-73
Twil_T_wilhelma_c25545_g2_i1|m.14449	2	182	Iso_dh	PF00180.25	3.1e-73
Bxyl_CAG9130436.1	36	363	Iso_dh	PF00180.25	4.4e-73
Ppur_KAA8499299.1	60	383	Iso_dh	PF00180.25	3.7e-73
Lpol_XP_013788757.1	68	389	Iso_dh	PF00180.25	3.9e-73
Bmor_XP_037876505.1	45	370	Iso_dh	PF00180.25	3.9e-73
Smoe_XP_002966002.2	59	452	Iso_dh	PF00180.25	3.9e-73
Bmor_XP_037876504.1	54	379	Iso_dh	PF00180.25	4.3e-73
Dmel_NP_001163682.1	41	365	Iso_dh	PF00180.25	4.2e-73
Dmel_NP_651000.1	41	365	Iso_dh	PF00180.25	4.2e-73
Cbra_GBG82676.1	95	417	Iso_dh	PF00180.25	5e-73
Rvar_GAU93339.1	90	412	Iso_dh	PF00180.25	5.2e-73
Scil_XP_065199216.1	25	344	Iso_dh	PF00180.25	6.2e-73
Echgra_XP_024351268.1	28	420	Iso_dh	PF00180.25	5.6e-73
Tnel_KRX24396.1	45	367	Iso_dh	PF00180.25	5.8e-73
Mbel_CAJ0930879.1	53	377	Iso_dh	PF00180.25	5.9e-73
Smoe_XP_002989225.2	63	455	Iso_dh	PF00180.25	6e-73
Dimm_MCP9265694.1	62	382	Iso_dh	PF00180.25	7.4e-73
Ecur_TVU20262.1	7	414	Iso_dh	PF00180.25	1e-72
Mlei_ML35706a-PA	35	356	Iso_dh	PF00180.25	1.1e-72
Zmay_XP_035823684.1	48	359	Iso_dh	PF00180.25	4.8e-72
Smed_h1SMcT0011006.1	41	363	Iso_dh	PF00180.25	1.1e-72
Smar_SMAR003181-PA	53	377	Iso_dh	PF00180.25	1.2e-72
Cbra_GBG92513.1	189	497	Iso_dh	PF00180.25	1.4e-72
Bmor_NP_001165386.1	59	375	Iso_dh	PF00180.25	1.5e-72
Lana_XP_013404771.1	2	318	Iso_dh	PF00180.25	1.5e-72
Smed_h1SMcT0011006.2	41	358	Iso_dh	PF00180.25	1.5e-72
Hduj_OQV25778.1	65	390	Iso_dh	PF00180.25	1.6e-72
Otip_Oti_5855_t	38	359	Iso_dh	PF00180.25	2.6e-72
Tspi_XP_003371973.1	329	651	Iso_dh	PF00180.25	2.9e-72
Crei_XP_042925120.1	37	424	Iso_dh	PF00180.25	2.6e-72
Tnat_KRZ51047.1	267	589	Iso_dh	PF00180.25	3.3e-72
Tbri_KRY47652.1	301	623	Iso_dh	PF00180.25	3.8e-72
Tnat_KRZ62546.1	26	398	Iso_dh	PF00180.25	3.7e-72
Tnat_KRZ62545.1	38	410	Iso_dh	PF00180.25	4.1e-72
Acey_EYB91570.1	52	305	Iso_dh	PF00180.25	4.9e-61
Acey_EYB91570.1	334	395	Iso_dh	PF00180.25	3.1e-10
Sman_XP_018647568.1	70	389	Iso_dh	PF00180.25	5.2e-72
Ppat_XP_024358510.1	1	384	Iso_dh	PF00180.25	6.6e-72
Smed_h1SMcT0019652.2	32	354	Iso_dh	PF00180.25	8.5e-72
Btab_XP_018899026.1	57	373	Iso_dh	PF00180.25	8.6e-72
Btab_XP_018899025.1	57	373	Iso_dh	PF00180.25	8.7e-72
Btab_XP_018899024.1	57	373	Iso_dh	PF00180.25	9.9e-72
Avag_UJR26487.1	45	363	Iso_dh	PF00180.25	1.4e-71
Ppat_XP_024383895.1	90	329	Iso_dh	PF00180.25	1.6e-71
Tbri_KRY60163.1	376	748	Iso_dh	PF00180.25	4.8e-71
Tspi_XP_003380479.1	37	409	Iso_dh	PF00180.25	2.1e-71
Ggal_XP_004942739.1	11	380	Iso_dh	PF00180.25	2.3e-71
Ggal_XP_015145035.1	11	380	Iso_dh	PF00180.25	2.3e-71
Ggal_XP_025008171.1	11	380	Iso_dh	PF00180.25	2.3e-71
Ggal_XP_040559646.1	11	380	Iso_dh	PF00180.25	2.3e-71
Ggal_XP_046799822.1	11	380	Iso_dh	PF00180.25	2.3e-71
Ggal_XP_046799823.1	11	380	Iso_dh	PF00180.25	2.3e-71
Ggal_XP_046799824.1	11	380	Iso_dh	PF00180.25	2.3e-71
Ggal_XP_040559645.1	14	383	Iso_dh	PF00180.25	2.3e-71
Ggal_XP_046799821.1	14	383	Iso_dh	PF00180.25	2.3e-71
Tbri_KRY60164.1	398	770	Iso_dh	PF00180.25	5.2e-71
Ggal_XP_046799819.1	40	409	Iso_dh	PF00180.25	2.9e-71
Ggal_XP_046799820.1	40	409	Iso_dh	PF00180.25	2.9e-71
Aplcal_XP_012935063.1	62	384	Iso_dh	PF00180.25	3.1e-71
Tnel_KRX16767.1	27	399	Iso_dh	PF00180.25	2.9e-71
Mjap_MIJAPON000002044.t1	32	406	Iso_dh	PF00180.25	3.5e-71
Sypmur_SMUV_0000720301-mRNA-1	26	349	Iso_dh	PF00180.25	4e-71
Aque_XP_003385482.2	55	422	Iso_dh	PF00180.25	4.8e-71
Diplco_DCO_009963	85	456	Iso_dh	PF00180.25	5.1e-71
Lana_XP_013409919.1	46	427	Iso_dh	PF00180.25	5.2e-71
Obim_XP_014772038.1	59	382	Iso_dh	PF00180.25	7.5e-71
Eela_EEL_0000547801-mRNA-1	17	407	Iso_dh	PF00180.25	7.5e-71
Obim_XP_014772031.1	59	382	Iso_dh	PF00180.25	7.7e-71
Xtro_XP_012825747.1	11	380	Iso_dh	PF00180.25	9e-71
Mjap_MIJAPON000006533.t1	10	378	Iso_dh	PF00180.25	9.7e-71
Psp.PS1159_PS1159_v2.g21000.t2	24	347	Iso_dh	PF00180.25	1.2e-70
Clim_Clim_evm1s109	45	438	Iso_dh	PF00180.25	1.4e-70
Avit_KAL3990142.1	16	345	Iso_dh	PF00180.25	1.4e-70
Gpal_Gpal_D383_g03956.t1	18	337	Iso_dh	PF00180.25	1.7e-70
Atri_XP_020520852.1	185	515	Iso_dh	PF00180.25	1.4e-62
Avit_KAL3990141.1	37	366	Iso_dh	PF00180.25	1.8e-70
Drer_NP_955858.1	44	439	Iso_dh	PF00180.25	1.8e-70
Atri_XP_020520851.1	185	517	Iso_dh	PF00180.25	1.6e-62
Blan_XP_066272335.1	45	419	Iso_dh	PF00180.25	1.9e-70
Bxyl_CAG9124925.1	57	389	Iso_dh	PF00180.25	2.2e-70
Cper_Nk52_evm8s2426	102	438	Iso_dh	PF00180.25	2.4e-70
Scil_XP_065174475.1	31	404	Iso_dh	PF00180.25	2.3e-70
Obim_XP_052823961.1	10	397	Iso_dh	PF00180.25	2.6e-70
Lcom_lcpid36969|	34	412	Iso_dh	PF00180.25	2.6e-70
Ever_VDD86831.1	33	407	Iso_dh	PF00180.25	2.6e-70
Ttri_CDW56442.1	107	152	Iso_dh	PF00180.25	5.3e-10
Ttri_CDW56442.1	157	314	Iso_dh	PF00180.25	1.2e-53
Obim_XP_014769553.1	55	378	Iso_dh	PF00180.25	3.4e-70
Bxyl_CAG9116025.1	10	378	Iso_dh	PF00180.25	5.8e-70
Aplcal_XP_012944530.1	10	378	Iso_dh	PF00180.25	5.8e-70
Cbra_GBG85376.1	16	410	Iso_dh	PF00180.25	5.9e-70
Trimur_TMUE_2000007122	31	357	Iso_dh	PF00180.25	6.4e-70
Diplco_DCO_001371	11	379	Iso_dh	PF00180.25	6.5e-70
Ovol_OVOC2305	39	367	Iso_dh	PF00180.25	7.3e-70
Hrob_XP_009024737.1	10	380	Iso_dh	PF00180.25	8.1e-70
Bxyl_CAG9129683.1	26	400	Iso_dh	PF00180.25	7.7e-70
Ggal_NP_001026770.2	45	441	Iso_dh	PF00180.25	8.1e-70
Sman_XP_018645065.1	42	435	Iso_dh	PF00180.25	8.2e-70
Apla_XP_022088505.1	45	428	Iso_dh	PF00180.25	9.1e-70
Avit_KAL3998572.1	30	423	Iso_dh	PF00180.25	1e-69
Bmal_XP_001894454.1	36	365	Iso_dh	PF00180.25	1.2e-69
Pvan_XP_027239404.1	41	414	Iso_dh	PF00180.25	1.5e-69
Psp.PS1159_PS1159_v2.g18042.t1	11	378	Iso_dh	PF00180.25	1.6e-69
Hsap_NP_001269315.1	11	380	Iso_dh	PF00180.25	1.7e-69
Hsap_NP_001269316.1	11	380	Iso_dh	PF00180.25	1.7e-69
Hsap_NP_005887.2	11	380	Iso_dh	PF00180.25	1.7e-69
Lloa_XP_020306428.1	38	367	Iso_dh	PF00180.25	1.7e-69
Cscu_XP_023224414.1	50	419	Iso_dh	PF00180.25	1.8e-69
Lsig_VDK80252.1	27	418	Iso_dh	PF00180.25	1.8e-69
Wban_VDM09772.1	36	365	Iso_dh	PF00180.25	1.8e-69
Avag_UJR22695.1	51	446	Iso_dh	PF00180.25	2.1e-69
Cvir_XP_022302414.1	56	379	Iso_dh	PF00180.25	2.6e-69
Cvir_XP_022302413.1	56	379	Iso_dh	PF00180.25	2.6e-69
Cvir_XP_022302411.1	56	379	Iso_dh	PF00180.25	2.8e-69
Cvir_XP_022302412.1	56	379	Iso_dh	PF00180.25	2.8e-69
Hduj_OQV23974.1	373	690	Iso_dh	PF00180.25	3.4e-69
Mbel_CAJ0928816.1	10	377	Iso_dh	PF00180.25	3.4e-69
Ovol_OVOC901	30	428	Iso_dh	PF00180.25	3.2e-69
Diplco_DCO_001370	289	657	Iso_dh	PF00180.25	4e-69
Otip_Oti_10351_t	11	378	Iso_dh	PF00180.25	4.1e-69
Dpul_XP_046455863.1	10	378	Iso_dh	PF00180.25	4.2e-69
Bmal_XP_001901251.2	15	398	Iso_dh	PF00180.25	3.9e-69
Ttri_CDW58413.1	18	344	Iso_dh	PF00180.25	4.2e-69
Lana_XP_013407452.1	10	378	Iso_dh	PF00180.25	4.8e-69
Hsap_NP_002159.2	45	434	Iso_dh	PF00180.25	4.2e-69
Drer_XP_005167712.1	11	380	Iso_dh	PF00180.25	4.7e-69
Drer_NP_958907.1	25	394	Iso_dh	PF00180.25	5.3e-69
Priarc_PARCANUS000008328.t1	33	406	Iso_dh	PF00180.25	5.2e-69
Hcon_XGW35772.1	35	405	Iso_dh	PF00180.25	6.5e-69
Hcon_XGW35774.1	35	405	Iso_dh	PF00180.25	6.5e-69
Eela_EEL_0000939901-mRNA-1	2	331	Iso_dh	PF00180.25	6.5e-69
Cvir_XP_022301972.1	56	379	Iso_dh	PF00180.25	7.3e-69
Cvir_XP_022301971.1	56	379	Iso_dh	PF00180.25	7.5e-69
Cvir_XP_022301970.1	56	379	Iso_dh	PF00180.25	7.6e-69
Cvir_XP_022301966.1	56	379	Iso_dh	PF00180.25	8.2e-69
Cvir_XP_022301967.1	56	379	Iso_dh	PF00180.25	8.2e-69
Cvir_XP_022301968.1	56	379	Iso_dh	PF00180.25	8.2e-69
Cvir_XP_022301969.1	56	379	Iso_dh	PF00180.25	8.2e-69
Asuu_AgR028_g007_t03	31	404	Iso_dh	PF00180.25	8.4e-69
Twil_T_wilhelma_c31966_g2_i4|m.44984	57	340	Iso_dh	PF00180.25	8.8e-69
Gpal_Gpal_D383_g11704.t1	38	411	Iso_dh	PF00180.25	8.7e-69
Asuu_AgR028_g007_t01	38	411	Iso_dh	PF00180.25	8.9e-69
Asuu_AgR028_g007_t02	38	411	Iso_dh	PF00180.25	8.9e-69
Cvir_XP_022292088.1	42	434	Iso_dh	PF00180.25	9.1e-69
Hrob_XP_009024979.1	14	408	Iso_dh	PF00180.25	9.1e-69
Cowc_XP_011270123.1	40	407	Iso_dh	PF00180.25	1.1e-68
Lcom_lcpid99173|	29	403	Iso_dh	PF00180.25	1.2e-68
Scar_TKR92796.1	2	273	Iso_dh	PF00180.25	1.3e-68
Priarc_PARCANUS000001913.t1	10	377	Iso_dh	PF00180.25	1.5e-68
Agrpla_XP_018331321.1	59	372	Iso_dh	PF00180.25	1.6e-68
Agrpla_XP_018331322.1	59	372	Iso_dh	PF00180.25	1.6e-68
Agrpla_XP_018331323.1	59	372	Iso_dh	PF00180.25	1.6e-68
Agrpla_XP_018331324.1	59	372	Iso_dh	PF00180.25	1.6e-68
Agrpla_XP_018331326.1	59	372	Iso_dh	PF00180.25	1.6e-68
Agrpla_XP_018331327.1	59	372	Iso_dh	PF00180.25	1.6e-68
Agrpla_XP_018331328.1	59	372	Iso_dh	PF00180.25	1.6e-68
Lsig_VDK69436.1	52	380	Iso_dh	PF00180.25	1.6e-68
Dmel_NP_001097923.1	60	380	Iso_dh	PF00180.25	2.2e-68
Dmel_NP_001097924.1	60	380	Iso_dh	PF00180.25	2.3e-68
Wban_VDM18878.1	16	406	Iso_dh	PF00180.25	2e-68
Dmel_NP_001097922.1	60	380	Iso_dh	PF00180.25	2.4e-68
Dmel_NP_651416.1	60	380	Iso_dh	PF00180.25	2.4e-68
Smar_SMAR000807-PA	402	720	Iso_dh	PF00180.25	2.6e-68
Lpol_XP_013785421.1	10	378	Iso_dh	PF00180.25	2.9e-68
Angcan_KAE9419385.1	16	387	Iso_dh	PF00180.25	3.1e-68
Xtro_NP_001004799.1	47	444	Iso_dh	PF00180.25	3.5e-68
Cper_Nk52_evm15s628	46	439	Iso_dh	PF00180.25	3.5e-68
Smed_h1SMcT0016468.2	22	416	Iso_dh	PF00180.25	3.5e-68
Emue_Em0010g716a	13	394	Iso_dh	PF00180.25	4.3e-68
Asuu_AgR012_g261_t01	10	378	Iso_dh	PF00180.25	4.9e-68
Asuu_AgR012_g261_t05	10	378	Iso_dh	PF00180.25	4.9e-68
Bxyl_CAG9095856.1	42	369	Iso_dh	PF00180.25	4.6e-68
Cint_XP_002124548.1	42	420	Iso_dh	PF00180.25	5e-68
Aplcal_XP_005113345.2	42	429	Iso_dh	PF00180.25	4.9e-68
Aplcal_XP_012939865.1	42	429	Iso_dh	PF00180.25	4.9e-68
Cele_NP_001370015.1	29	401	Iso_dh	PF00180.25	5.8e-68
Smoe_XP_024518751.1	138	475	Iso_dh	PF00180.25	3.6e-61
Btab_XP_018903065.1	45	413	Iso_dh	PF00180.25	6e-68
Otip_Oti_16131_t	26	398	Iso_dh	PF00180.25	6.7e-68
Obim_XP_014775185.1	45	421	Iso_dh	PF00180.25	7.1e-68
Scar_TKR72506.1	36	409	Iso_dh	PF00180.25	8.1e-68
Hsap_NP_001276839.1	1	382	Iso_dh	PF00180.25	7.3e-68
Skow_XP_002738519.1	45	419	Iso_dh	PF00180.25	9.5e-68
Srat_XP_024510262.1	11	377	Iso_dh	PF00180.25	1.1e-67
Spur_XP_785580.4	46	436	Iso_dh	PF00180.25	1.1e-67
Cint_XP_002126261.1	11	395	Iso_dh	PF00180.25	1.3e-67
Btab_XP_018897612.1	10	378	Iso_dh	PF00180.25	1.6e-67
Lpol_XP_013785051.1	10	379	Iso_dh	PF00180.25	1.4e-67
Tadh_XP_002108603.1	1	363	Iso_dh	PF00180.25	1.4e-67
Acey_EYC36196.1	53	335	Iso_dh	PF00180.25	1.7e-67
Lpol_XP_013771963.1	47	416	Iso_dh	PF00180.25	1.9e-67
Srat_XP_024508130.1	27	401	Iso_dh	PF00180.25	2.2e-67
Smar_SMAR001093-PA	18	370	Iso_dh	PF00180.25	2.8e-67
Dpul_XP_046443991.1	42	415	Iso_dh	PF00180.25	3.3e-67
Bmor_NP_001040134.1	10	377	Iso_dh	PF00180.25	3.8e-67
Ofus_CAH1775611.1	43	414	Iso_dh	PF00180.25	3.7e-67
Ttri_CDW53330.1	13	408	Iso_dh	PF00180.25	4.5e-67
Ccri_XP_005711693.1	52	437	Iso_dh	PF00180.25	5.3e-67
Hcon_XGW28532.1	11	378	Iso_dh	PF00180.25	6.8e-67
Sypmur_SMUV_0001001201-mRNA-1	10	378	Iso_dh	PF00180.25	6.8e-67
Agrpla_XP_018335629.1	10	376	Iso_dh	PF00180.25	9.1e-67
Agrpla_XP_018335630.1	10	376	Iso_dh	PF00180.25	9.1e-67
Cowc_XP_004347033.1	10	394	Iso_dh	PF00180.25	9.4e-67
Rvar_GAV02053.1	59	441	Iso_dh	PF00180.25	9.9e-67
Hcon_XGW28531.1	69	436	Iso_dh	PF00180.25	1.1e-66
Acey_EYB80766.1	17	384	Iso_dh	PF00180.25	1.5e-66
Dmel_NP_729368.1	11	376	Iso_dh	PF00180.25	1.7e-66
Dmel_NP_729370.1	11	376	Iso_dh	PF00180.25	1.7e-66
Cele_NP_001255393.1	12	379	Iso_dh	PF00180.25	1.9e-66
Dmel_NP_729367.1	32	397	Iso_dh	PF00180.25	2e-66
Dmel_NP_001137911.1	45	410	Iso_dh	PF00180.25	2.2e-66
Dmel_NP_729366.1	45	410	Iso_dh	PF00180.25	2.2e-66
Dmel_NP_729369.2	45	410	Iso_dh	PF00180.25	2.2e-66
Dmel_NP_788476.1	45	410	Iso_dh	PF00180.25	2.2e-66
Mlei_ML065312a-PA	13	380	Iso_dh	PF00180.25	2.2e-66
Cele_NP_001255392.1	35	402	Iso_dh	PF00180.25	2.4e-66
Apimel_XP_623673.3	68	436	Iso_dh	PF00180.25	2e-66
Dmel_NP_652044.1	64	429	Iso_dh	PF00180.25	2.5e-66
Dmel_NP_001137910.2	74	439	Iso_dh	PF00180.25	2.7e-66
Sypmur_SMUV_0001059701-mRNA-1	34	437	Iso_dh	PF00180.25	4.2e-66
Ofus_CAH1786959.1	10	379	Iso_dh	PF00180.25	4.1e-66
Skow_XP_006818812.1	9	380	Iso_dh	PF00180.25	6.1e-66
Apla_XP_022096434.1	11	379	Iso_dh	PF00180.25	6.6e-66
Mhap_MhA1_Contig735.frz3.gene13	62	435	Iso_dh	PF00180.25	6.9e-66
Skow_XP_002736618.1	10	379	Iso_dh	PF00180.25	9.9e-66
Trimur_TMUE_1000004667	37	262	Iso_dh	PF00180.25	1.1e-65
Smed_h1SMcT0020026.1	9	378	Iso_dh	PF00180.25	1.3e-65
Mhap_MhA1_Contig697.frz3.gene13	49	376	Iso_dh	PF00180.25	1.5e-65
Smar_SMAR010607-PA	44	415	Iso_dh	PF00180.25	1.7e-65
Blan_XP_066301699.1	10	379	Iso_dh	PF00180.25	2.5e-65
Ddip_jg5636	10	402	Iso_dh	PF00180.25	3.2e-65
Bmor_NP_001093090.1	35	403	Iso_dh	PF00180.25	3.2e-65
Trimur_TMUE_3000014942	24	419	Iso_dh	PF00180.25	3.1e-65
Cbra_GBG91125.1	103	304	Iso_dh	PF00180.25	8.8e-43
Cbra_GBG91125.1	304	368	Iso_dh	PF00180.25	1.6e-21
Angcan_KAE9413022.1	4	364	Iso_dh	PF00180.25	7.5e-65
Spur_XP_780121.2	10	400	Iso_dh	PF00180.25	1.1e-64
Hcon_XGW35773.1	35	420	Iso_dh	PF00180.25	2.8e-64
Mhap_MhA1_Contig88.frz3.fgene1	49	392	Iso_dh	PF00180.25	1.3e-63
Asuu_AgR012_g261_t03	3	360	Iso_dh	PF00180.25	2.4e-64
Asuu_AgR012_g261_t04	3	360	Iso_dh	PF00180.25	2.4e-64
Hduj_OQV25426.1	53	422	Iso_dh	PF00180.25	4.6e-64
Lpol_XP_022253714.1	2	343	Iso_dh	PF00180.25	1.1e-63
Ecur_TVU15301.1	73	147	Iso_dh	PF00180.25	5.5e-11
Ecur_TVU15301.1	144	418	Iso_dh	PF00180.25	2.5e-52
Tadh_XP_002110312.1	9	405	Iso_dh	PF00180.25	1.5e-63
Ddip_jg18940	39	353	Iso_dh	PF00180.25	2.4e-63
Ddip_jg22607	195	449	Iso_dh	PF00180.25	2.2e-46
Ddip_jg22607	652	718	Iso_dh	PF00180.25	1.2e-15
Ever_VDD97437.1	11	383	Iso_dh	PF00180.25	2.6e-63
Apla_XP_022096436.1	2	363	Iso_dh	PF00180.25	2.9e-63
Ihof_Ihof_evm7s72	40	407	Iso_dh	PF00180.25	4.8e-63
Acey_EYB82598.1	1	249	Iso_dh	PF00180.25	6.4e-63
Avag_UJR26355.1	21	363	Iso_dh	PF00180.25	8.3e-63
Acey_EYC42063.1	13	354	Iso_dh	PF00180.25	9.7e-63
Pigvie_Pvie_g29	39	415	Iso_dh	PF00180.25	1.1e-62
Pigchi_Pchi_g7258	39	412	Iso_dh	PF00180.25	1.4e-62
Echgra_XP_024349102.1	69	413	Iso_dh	PF00180.25	8.9e-62
Smar_SMAR009476-PA	7	373	Iso_dh	PF00180.25	7.9e-62
Dimm_MCP9260183.1	30	415	Iso_dh	PF00180.25	2.6e-61
Tsui_KHJ41303.1	25	363	Iso_dh	PF00180.25	2.6e-61
Mesc_XP_043810053.1	45	282	Iso_dh	PF00180.25	6.8e-61
Sbat_VDO92651.1	17	426	Iso_dh	PF00180.25	2.1e-60
Psat_XP_050906376.1	41	279	Iso_dh	PF00180.25	1.2e-60
Tadh_XP_002116760.1	3	246	Iso_dh	PF00180.25	1.1e-60
Twil_T_wilhelma_c29953_g1_i9|m.32844	46	354	Iso_dh	PF00180.25	3.4e-60
Tsui_KHJ43020.1	31	332	Iso_dh	PF00180.25	7.8e-60
Acey_EYB82599.1	1	256	Iso_dh	PF00180.25	2.7e-59
Apla_XP_022096437.1	5	330	Iso_dh	PF00180.25	1.7e-58
Rcul_nRc.2.0.1.t38573-RA	128	446	Iso_dh	PF00180.25	3.2e-53
Dimm_MCP9263353.1	135	345	Iso_dh	PF00180.25	1.4e-50
Spur_XP_030848542.1	10	347	Iso_dh	PF00180.25	5.9e-58
Lpol_XP_013792202.1	3	147	Iso_dh	PF00180.25	5.7e-58
Lana_XP_013392549.1	49	304	Iso_dh	PF00180.25	7.2e-58
Atha_NP_001321996.1	8	296	Iso_dh	PF00180.25	2.1e-57
Sbat_VDP19443.1	1	219	Iso_dh	PF00180.25	1.6e-56
Tnel_KRX16768.1	1	291	Iso_dh	PF00180.25	7e-56
Tnel_KRX16769.1	1	291	Iso_dh	PF00180.25	7e-56
Lcom_lcpid114799|	23	356	Iso_dh	PF00180.25	1e-55
Cscu_XP_023224413.1	8	290	Iso_dh	PF00180.25	1.2e-55
Psp.PS1159_PS1159_v2.g21000.t1	2	215	Iso_dh	PF00180.25	1.7e-54
Dmel_NP_611912.1	71	387	Iso_dh	PF00180.25	3.7e-54
Gpal_Gpal_D383_g08244.t1	52	382	Iso_dh	PF00180.25	1e-53
Lloa_XP_020307014.1	7	297	Iso_dh	PF00180.25	1.5e-53
Lpol_XP_013787934.1	9	199	Iso_dh	PF00180.25	1.8e-53
Mjap_MIJAPON000002169.t1	33	235	Iso_dh	PF00180.25	5.4e-42
Mjap_MIJAPON000002169.t1	237	315	Iso_dh	PF00180.25	2.8e-10
Ddip_jg22601	2	314	Iso_dh	PF00180.25	4.6e-53
Agrpla_XP_018331329.1	59	310	Iso_dh	PF00180.25	1.1e-52
Hsap_NP_001277043.1	1	306	Iso_dh	PF00180.25	3.7e-52
Ddip_jg22609	2	301	Iso_dh	PF00180.25	6.6e-52
Diplco_DCO_018333	28	237	Iso_dh	PF00180.25	2.8e-51
Hpol_VDP35624.1	10	197	Iso_dh	PF00180.25	6.1e-51
Apla_XP_022096438.1	1	290	Iso_dh	PF00180.25	2e-50
Diplco_DCO_018334	28	230	Iso_dh	PF00180.25	2.9e-50
Aplcal_XP_012940959.1	38	197	Iso_dh	PF00180.25	2.9e-34
Aplcal_XP_012940959.1	217	279	Iso_dh	PF00180.25	6.8e-15
Cofcan_CDP07176.1	31	117	Iso_dh	PF00180.25	1.1e-13
Cofcan_CDP07176.1	138	259	Iso_dh	PF00180.25	3.8e-35
Acey_EYC13471.1	64	259	Iso_dh	PF00180.25	1.9e-49
Acey_EYC13474.1	64	259	Iso_dh	PF00180.25	2.3e-49
Acey_EYC13472.1	64	258	Iso_dh	PF00180.25	2.8e-49
Twil_T_wilhelma_c25545_g2_i8|m.14459	1	142	Iso_dh	PF00180.25	3.1e-49
Pigvie_Pvie_g2523	38	408	Iso_dh	PF00180.25	6.9e-48
Twil_T_wilhelma_c29953_g1_i5|m.32840	46	319	Iso_dh	PF00180.25	7.4e-48
Pigchi_Pchi_g9714	34	415	Iso_dh	PF00180.25	1.1e-47
Mlei_ML23186a-PA	24	253	Iso_dh	PF00180.25	1.2e-47
Smed_h1SMcT0019597.1	24	197	Iso_dh	PF00180.25	5e-47
Xtro_NP_001004863.1	11	283	Iso_dh	PF00180.25	9e-47
Acey_EYC13477.1	1	108	Iso_dh	PF00180.25	1.7e-46
Diplco_DCO_009964	32	238	Iso_dh	PF00180.25	5.5e-46
Agrpla_XP_018336853.1	48	243	Iso_dh	PF00180.25	2.2e-31
Agrpla_XP_018336853.1	325	387	Iso_dh	PF00180.25	6.6e-13
Cscu_XP_023215828.1	2	199	Iso_dh	PF00180.25	5e-45
Lcom_lcpid242326|	1	104	Iso_dh	PF00180.25	5e-44
Plae_KAI0984381.1	12	319	Iso_dh	PF00180.25	6.1e-44
Lcom_lcpid125802|	10	283	Iso_dh	PF00180.25	1.2e-43
Mjap_MIJAPON000015136.t1	3	194	Iso_dh	PF00180.25	1.5e-43
Diplco_DCO_024022	1	107	Iso_dh	PF00180.25	6.6e-43
Pigvie_Pvie_g11034	4	270	Iso_dh	PF00180.25	1.1e-42
Diplco_DCO_024021	1	107	Iso_dh	PF00180.25	1.3e-42
Rcul_nRc.2.0.1.t39008-RA	35	213	Iso_dh	PF00180.25	1.5e-42
Lcom_lcpid128688|	2	187	Iso_dh	PF00180.25	1.1e-41
Ecur_TVU36440.1	48	183	Iso_dh	PF00180.25	5.4e-41
Asuu_AgR012_g261_t02	3	263	Iso_dh	PF00180.25	2.1e-40
Plae_KAI0989208.1	86	301	Iso_dh	PF00180.25	3e-39
Lcom_lcpid226218|	1	113	Iso_dh	PF00180.25	2e-39
Zmay_XP_023156521.1	18	153	Iso_dh	PF00180.25	1.2e-38
Scar_TMS38743.1	130	278	Iso_dh	PF00180.25	3.5e-36
Trimur_TMUE_1000004666	4	103	Iso_dh	PF00180.25	9.3e-36
Smed_h1SMcT0016468.1	22	250	Iso_dh	PF00180.25	4.8e-32
Lcom_lcpid144931|	57	214	Iso_dh	PF00180.25	5.5e-34
Rcul_nRc.2.0.1.t01390-RA	51	247	Iso_dh	PF00180.25	1.6e-33
Rcul_nRc.2.0.1.t28984-RA	26	196	Iso_dh	PF00180.25	3.7e-33
Lcom_lcpid232121|	3	112	Iso_dh	PF00180.25	1.1e-32
Rcul_nRc.2.0.1.t12714-RA	10	142	Iso_dh	PF00180.25	1.5e-32
Lcom_lcpid172704|	29	170	Iso_dh	PF00180.25	1.4e-32
Rchi_XP_040373654.1	8	214	Iso_dh	PF00180.25	2.4e-32
Twil_T_wilhelma_c29953_g1_i4|m.32838	46	266	Iso_dh	PF00180.25	3.2e-32
Atha_NP_174526.2	10	213	Iso_dh	PF00180.25	5.3e-31
Cofcan_CDP21922.1	4	84	Iso_dh	PF00180.25	5.8e-31
Asuu_AgB02_g241_t01	1	129	Iso_dh	PF00180.25	2e-30
Twil_T_wilhelma_c29953_g1_i2|m.32834	1	215	Iso_dh	PF00180.25	9.4e-30
Rchi_XP_040374829.1	11	210	Iso_dh	PF00180.25	3.4e-29
Lcom_lcpid146768|	17	224	Iso_dh	PF00180.25	8.2e-29
Smed_h1SMcT0011006.3	1	115	Iso_dh	PF00180.25	2.9e-27
Lcom_lcpid134802|	56	264	Iso_dh	PF00180.25	3.6e-27
Ddip_jg3892	2	111	Iso_dh	PF00180.25	1.9e-26
Lcom_lcpid222688|	40	118	Iso_dh	PF00180.25	1.7e-26
Lcom_lcpid238585|	7	108	Iso_dh	PF00180.25	4.8e-26
Lcom_lcpid142831|	29	237	Iso_dh	PF00180.25	7.6e-26
Twil_T_wilhelma_c29953_g1_i1|m.32833	46	240	Iso_dh	PF00180.25	2.6e-25
Pigchi_Pchi_g8391	212	339	Iso_dh	PF00180.25	7e-25
Twil_T_wilhelma_c47413_g1_i1|m.63471	112	232	Iso_dh	PF00180.25	1.3e-24
Pigchi_Pchi_g8142	11	139	Iso_dh	PF00180.25	6.3e-24
Ppat_XP_024362167.1	14	144	Iso_dh	PF00180.25	4e-19
Rchi_XP_040372675.1	8	143	Iso_dh	PF00180.25	4.7e-23
Rchi_XP_024189106.2	8	143	Iso_dh	PF00180.25	4.8e-23
Lcom_lcpid163616|	1	186	Iso_dh	PF00180.25	4.5e-23
Atha_NP_001322191.1	42	140	Iso_dh	PF00180.25	7.2e-23
Rchi_XP_024167822.2	2	125	Iso_dh	PF00180.25	6.1e-23
Priarc_PARCANUS000013605.t1	10	202	Iso_dh	PF00180.25	6.9e-23
Hpol_VDP16061.1	34	177	Iso_dh	PF00180.25	1.9e-22
Rchi_XP_024178747.1	12	142	Iso_dh	PF00180.25	1e-21
Rchi_XP_024180287.1	21	145	Iso_dh	PF00180.25	1.9e-21
Rcul_nRc.2.0.1.t36876-RA	1	81	Iso_dh	PF00180.25	9.2e-21
Scar_TKR64190.1	2	71	Iso_dh	PF00180.25	1.5e-20
Pigchi_Pchi_g4178	2	138	Iso_dh	PF00180.25	2.8e-20
Otau_XP_003082777.2	76	464	Iso_dh	PF00180.25	8.1e-20
Smar_SMAR001594-PA	41	182	Iso_dh	PF00180.25	9.8e-20
Diplco_DCO_027250	85	219	Iso_dh	PF00180.25	2.4e-19
Ddip_jg3893	35	195	Iso_dh	PF00180.25	4.8e-19
Lcom_lcpid198671|	1	130	Iso_dh	PF00180.25	2.1e-19
Sbat_VDP50979.1	11	160	Iso_dh	PF00180.25	2.3e-17
Lcom_lcpid175931|	2	166	Iso_dh	PF00180.25	8.1e-19
Rcul_nRc.2.0.1.t42370-RA	39	171	Iso_dh	PF00180.25	1.1e-18
Lsat_XP_023758671.1	40	164	Iso_dh	PF00180.25	2.9e-18
Lsat_XP_023752632.1	27	169	Iso_dh	PF00180.25	3.3e-18
Pigchi_Pchi_g11477	9	83	Iso_dh	PF00180.25	5.1e-18
Lcom_lcpid199006|	1	100	Iso_dh	PF00180.25	7.9e-18
Bnap_XP_013742154.2	1	110	Iso_dh	PF00180.25	8.4e-18
Hpol_VDP07225.1	12	105	Iso_dh	PF00180.25	3.2e-17
Lpol_XP_013786941.1	60	185	Iso_dh	PF00180.25	3.7e-17
Rchi_XP_024157868.1	183	218	Iso_dh	PF00180.25	1.4e-16
Lcom_lcpid205827|	4	132	Iso_dh	PF00180.25	8.4e-16
Atha_NP_001077857.1	42	113	Iso_dh	PF00180.25	1.5e-15
Mjap_MIJAPON000013623.t1	24	121	Iso_dh	PF00180.25	3.5e-15
Sbat_VDP10668.1	1	70	Iso_dh	PF00180.25	3.3e-13
Lcom_lcpid207083|	31	130	Iso_dh	PF00180.25	8.8e-15
Scar_TMS39959.1	1	93	Iso_dh	PF00180.25	8.5e-15
Dmel_NP_611110.2	156	364	Iso_dh	PF00180.25	1.2e-14
Lpol_XP_013793338.2	31	117	Iso_dh	PF00180.25	1.1e-14
Drer_XP_021329864.2	1	91	Iso_dh	PF00180.25	9.6e-15
Twil_T_wilhelma_c29953_g1_i10|m.32846	1	142	Iso_dh	PF00180.25	1.3e-14
Twil_T_wilhelma_c29953_g1_i3|m.32837	1	142	Iso_dh	PF00180.25	1.3e-14
Twil_T_wilhelma_c29953_g1_i6|m.32843	1	142	Iso_dh	PF00180.25	1.3e-14
Pigvie_Pvie_g11586	1	99	Iso_dh	PF00180.25	8.8e-14
Pigchi_Pchi_g13708	1	51	Iso_dh	PF00180.25	4.2e-13
Mlei_ML13102a-PA	35	109	Iso_dh	PF00180.25	8.3e-13
Gpal_Gpal_D383_g10856.t1	150	188	Iso_dh	PF00180.25	4.8e-12
Acey_EYC13473.1	64	146	Iso_dh	PF00180.25	5.1e-12
Lloa_XP_020307013.1	30	103	Iso_dh	PF00180.25	6.9e-12
Twil_T_wilhelma_c29953_g1_i10|m.32845	74	123	Iso_dh	PF00180.25	9.2e-12
Twil_T_wilhelma_c29953_g1_i2|m.32835	74	123	Iso_dh	PF00180.25	9.2e-12
Twil_T_wilhelma_c29953_g1_i3|m.32836	74	123	Iso_dh	PF00180.25	9.2e-12
Twil_T_wilhelma_c29953_g1_i4|m.32839	74	123	Iso_dh	PF00180.25	9.2e-12
Twil_T_wilhelma_c29953_g1_i6|m.32842	74	123	Iso_dh	PF00180.25	9.2e-12
Zmay_XP_008653241.1	7	96	Iso_dh	PF00180.25	8.2e-12
Zmay_XP_020396427.1	7	96	Iso_dh	PF00180.25	8.2e-12
Zmay_XP_020396429.1	7	96	Iso_dh	PF00180.25	8.2e-12
Zmay_XP_020396430.1	7	96	Iso_dh	PF00180.25	8.2e-12
Zmay_XP_020396432.1	7	96	Iso_dh	PF00180.25	8.2e-12
Zmay_XP_020396433.1	7	96	Iso_dh	PF00180.25	8.2e-12
Zmay_XP_020396434.1	7	96	Iso_dh	PF00180.25	8.2e-12
Zmay_XP_020396435.1	7	96	Iso_dh	PF00180.25	8.2e-12
Zmay_XP_035817024.1	7	96	Iso_dh	PF00180.25	8.2e-12
Zmay_XP_035817025.1	7	96	Iso_dh	PF00180.25	8.2e-12
Zmay_XP_035817026.1	7	96	Iso_dh	PF00180.25	8.2e-12
Zmay_XP_035817027.1	7	96	Iso_dh	PF00180.25	8.2e-12
Zmay_XP_035817028.1	7	96	Iso_dh	PF00180.25	8.2e-12
Zmay_XP_035817029.1	7	96	Iso_dh	PF00180.25	8.2e-12
Zmay_XP_035817023.1	7	96	Iso_dh	PF00180.25	8.5e-12
Zmay_XP_020396426.1	7	96	Iso_dh	PF00180.25	9.6e-12
Zmay_XP_035817021.1	7	96	Iso_dh	PF00180.25	9.6e-12
Zmay_XP_035817022.1	7	96	Iso_dh	PF00180.25	9.6e-12
Acey_EYB82600.1	37	135	Iso_dh	PF00180.25	1.9e-11
Acey_EYB82601.1	21	118	Iso_dh	PF00180.25	2.1e-11
Zmay_XP_020396421.1	7	96	Iso_dh	PF00180.25	2.8e-11
Acey_EYB82602.1	60	158	Iso_dh	PF00180.25	2.6e-11
Asuu_AgR050_g028_t02	46	143	Iso_dh	PF00180.25	1.1e-10
Bnap_XP_048615601.1	26	171	Iso_dh	PF00180.25	9.5e-09
Aque_XP_011408383.2	39	120	Iso_dh	PF00180.25	1.5e-10
Lcom_lcpid230407|	4	112	Iso_dh	PF00180.25	1.5e-10
Lcom_lcpid227593|	54	116	Iso_dh	PF00180.25	2.1e-10
Sman_XP_018654843.1	21	90	Iso_dh	PF00180.25	2.4e-10
Acey_EYC34696.1	4	88	Iso_dh	PF00180.25	2.7e-10
Acey_EYC34697.1	4	87	Iso_dh	PF00180.25	2.9e-10
Lcom_lcpid207854|	40	128	Iso_dh	PF00180.25	7e-10
Zmay_XP_008653236.1	108	188	Iso_dh	PF00180.25	1.2e-09
Zmay_XP_035817012.1	108	188	Iso_dh	PF00180.25	1.2e-09
Zmay_XP_035817014.1	108	188	Iso_dh	PF00180.25	1.2e-09
Zmay_XP_035817015.1	108	188	Iso_dh	PF00180.25	1.2e-09
Zmay_XP_035817016.1	108	188	Iso_dh	PF00180.25	1.2e-09
Zmay_XP_035817017.1	108	188	Iso_dh	PF00180.25	1.2e-09
Zmay_XP_035817018.1	108	188	Iso_dh	PF00180.25	1.2e-09
Zmay_XP_035817019.1	108	188	Iso_dh	PF00180.25	1.2e-09
Zmay_XP_035817020.1	108	188	Iso_dh	PF00180.25	1.2e-09
Zmay_XP_035817011.1	108	188	Iso_dh	PF00180.25	1.2e-09
Zmay_XP_008653231.1	108	188	Iso_dh	PF00180.25	1.3e-09
Zmay_XP_035817009.1	108	188	Iso_dh	PF00180.25	1.3e-09
Zmay_XP_035817010.1	108	188	Iso_dh	PF00180.25	1.3e-09
Zmay_XP_020396401.1	108	188	Iso_dh	PF00180.25	1.3e-09
Zmay_XP_020396402.1	108	188	Iso_dh	PF00180.25	1.3e-09
Zmay_XP_020396403.1	108	188	Iso_dh	PF00180.25	1.3e-09
Zmay_XP_020396405.1	108	188	Iso_dh	PF00180.25	1.3e-09
Zmay_XP_020396406.1	108	188	Iso_dh	PF00180.25	1.3e-09
Zmay_XP_020396409.1	108	188	Iso_dh	PF00180.25	1.3e-09
Zmay_XP_020396410.1	108	188	Iso_dh	PF00180.25	1.3e-09
Zmay_XP_020396411.1	108	188	Iso_dh	PF00180.25	1.3e-09
Zmay_XP_035817000.1	108	188	Iso_dh	PF00180.25	1.3e-09
Zmay_XP_035817001.1	108	188	Iso_dh	PF00180.25	1.3e-09
Zmay_XP_035817002.1	108	188	Iso_dh	PF00180.25	1.3e-09
Zmay_XP_035817003.1	108	188	Iso_dh	PF00180.25	1.3e-09
Zmay_XP_035817004.1	108	188	Iso_dh	PF00180.25	1.3e-09
Zmay_XP_035817005.1	108	188	Iso_dh	PF00180.25	1.3e-09
Zmay_XP_035817006.1	108	188	Iso_dh	PF00180.25	1.3e-09
Zmay_XP_035817007.1	108	188	Iso_dh	PF00180.25	1.3e-09
Zmay_XP_035817008.1	108	188	Iso_dh	PF00180.25	1.3e-09
Cbra_GBG69587.1	1	51	Iso_dh	PF00180.25	2e-09
Lcom_lcpid223345|	2	53	Iso_dh	PF00180.25	2.8e-08
Lcom_lcpid230831|	12	111	Iso_dh	PF00180.25	9.9e-08
