Ecur_TVU08199.1	773	814	zf-CW	PF07496.21	2.6e-13
Ecur_TVU08199.1	1464	1506	zf-CW	PF07496.21	1.6e-13
Scil_XP_065191991.1	184	227	zf-CW	PF07496.21	3.3e-16
Scil_XP_065191991.1	384	428	zf-CW	PF07496.21	1.3e-09
Scil_XP_065191990.1	184	227	zf-CW	PF07496.21	3.3e-16
Scil_XP_065191990.1	384	428	zf-CW	PF07496.21	1.3e-09
Otau_XP_022839927.1	90	134	zf-CW	PF07496.21	6.5e-10
Otau_XP_022839927.1	229	277	zf-CW	PF07496.21	1.5e-14
Lcom_lcpid28584|	455	499	zf-CW	PF07496.21	3.6e-14
Lcom_lcpid28584|	738	773	zf-CW	PF07496.21	1.6e-09
Lcom_lcpid28115|	455	499	zf-CW	PF07496.21	3.7e-14
Lcom_lcpid28115|	738	773	zf-CW	PF07496.21	1.6e-09
Lcom_lcpid27880|	455	499	zf-CW	PF07496.21	3.7e-14
Lcom_lcpid27880|	738	773	zf-CW	PF07496.21	1.6e-09
Lcom_lcpid30845|	499	543	zf-CW	PF07496.21	3.8e-14
Lcom_lcpid30845|	782	817	zf-CW	PF07496.21	1.7e-09
Lcom_lcpid30376|	499	543	zf-CW	PF07496.21	3.9e-14
Lcom_lcpid30376|	782	817	zf-CW	PF07496.21	1.7e-09
Lcom_lcpid30197|	499	543	zf-CW	PF07496.21	3.9e-14
Lcom_lcpid30197|	782	817	zf-CW	PF07496.21	1.7e-09
Cvir_XP_022292537.1	404	447	zf-CW	PF07496.21	1.3e-20
Cvir_XP_022292536.1	406	449	zf-CW	PF07496.21	1.3e-20
Cvir_XP_022293179.1	404	447	zf-CW	PF07496.21	1.3e-20
Cvir_XP_022293178.1	406	449	zf-CW	PF07496.21	1.3e-20
Cvir_XP_022293181.1	406	449	zf-CW	PF07496.21	1.3e-20
Obim_XP_014783481.1	417	460	zf-CW	PF07496.21	6.7e-20
Rchi_XP_040365027.1	651	697	zf-CW	PF07496.21	1.5e-19
Rchi_XP_024165452.1	680	726	zf-CW	PF07496.21	1.5e-19
Blan_XP_066299943.1	622	665	zf-CW	PF07496.21	3.6e-19
Hsap_NP_001307374.1	338	380	zf-CW	PF07496.21	2.1e-18
Hsap_NP_001307375.1	338	380	zf-CW	PF07496.21	2.1e-18
Drer_NP_001082835.1	413	457	zf-CW	PF07496.21	4.5e-19
Drer_XP_068079485.1	420	464	zf-CW	PF07496.21	4.5e-19
Hsap_NP_056173.1	409	451	zf-CW	PF07496.21	2.3e-18
Lana_XP_013400382.1	401	447	zf-CW	PF07496.21	2.1e-18
Lana_XP_013400383.1	401	447	zf-CW	PF07496.21	2.1e-18
Mtru_XP_039686381.1	625	670	zf-CW	PF07496.21	2.6e-18
Hsap_NP_001078823.1	425	470	zf-CW	PF07496.21	1e-18
Mtru_XP_013463294.1	635	680	zf-CW	PF07496.21	2.6e-18
Hsap_NP_078933.3	425	470	zf-CW	PF07496.21	1.1e-18
Mtru_XP_024625933.1	652	698	zf-CW	PF07496.21	2.6e-18
Mtru_XP_024625935.1	652	698	zf-CW	PF07496.21	2.6e-18
Hrob_XP_009020902.1	494	540	zf-CW	PF07496.21	2.2e-18
Lana_XP_013400418.1	406	452	zf-CW	PF07496.21	3.6e-18
Blan_XP_066286639.1	417	462	zf-CW	PF07496.21	1.4e-18
Ggal_XP_015154946.1	320	362	zf-CW	PF07496.21	4.7e-18
Ggal_XP_015154934.1	410	452	zf-CW	PF07496.21	5e-18
Ggal_XP_015154930.1	410	452	zf-CW	PF07496.21	5e-18
Skow_XP_006818663.1	842	885	zf-CW	PF07496.21	4.2e-18
Ggal_XP_015154939.1	401	443	zf-CW	PF07496.21	5.3e-18
Ggal_NP_001244153.1	410	452	zf-CW	PF07496.21	5.3e-18
Lana_XP_013400417.1	406	452	zf-CW	PF07496.21	5e-18
Atha_NP_001329807.1	399	445	zf-CW	PF07496.21	5.3e-18
Atha_NP_193308.2	418	464	zf-CW	PF07496.21	5.5e-18
Xtro_NP_001072925.1	408	449	zf-CW	PF07496.21	5e-18
Aplcal_XP_012943141.1	408	451	zf-CW	PF07496.21	9.2e-18
Aplcal_XP_005107760.1	408	451	zf-CW	PF07496.21	9.2e-18
Cofcan_CDO98886.1	612	658	zf-CW	PF07496.21	1.1e-17
Lsat_XP_023739192.1	502	548	zf-CW	PF07496.21	1.1e-17
Psat_XP_050917632.1	662	708	zf-CW	PF07496.21	1.2e-17
Psat_XP_050920853.1	452	497	zf-CW	PF07496.21	1.5e-17
Atha_NP_001319823.1	570	616	zf-CW	PF07496.21	9.9e-18
Atha_NP_001326601.1	570	616	zf-CW	PF07496.21	9.9e-18
Atha_NP_001326602.1	570	616	zf-CW	PF07496.21	9.9e-18
Ofus_CAH1773223.1	270	314	zf-CW	PF07496.21	1.1e-17
Mlei_ML032320a-PA	428	473	zf-CW	PF07496.21	1.1e-17
Ggal_XP_040504143.1	510	556	zf-CW	PF07496.21	1.6e-17
Psat_XP_050920847.1	624	669	zf-CW	PF07496.21	1.7e-17
Ggal_XP_015130867.1	388	434	zf-CW	PF07496.21	1.4e-17
Bnap_XP_013711681.2	516	562	zf-CW	PF07496.21	1.6e-17
Bnap_XP_013711682.2	516	562	zf-CW	PF07496.21	1.6e-17
Bnap_XP_048620881.1	516	562	zf-CW	PF07496.21	1.6e-17
Bnap_XP_048620882.1	516	562	zf-CW	PF07496.21	1.6e-17
Bnap_XP_048620883.1	516	562	zf-CW	PF07496.21	1.6e-17
Bnap_XP_048620884.1	516	562	zf-CW	PF07496.21	1.6e-17
Bnap_XP_048620885.1	516	562	zf-CW	PF07496.21	1.6e-17
Bnap_XP_048620886.1	516	562	zf-CW	PF07496.21	1.6e-17
Bnap_XP_048620887.1	516	562	zf-CW	PF07496.21	1.6e-17
Bnap_XP_048620888.1	516	562	zf-CW	PF07496.21	1.6e-17
Bnap_XP_048620889.1	516	562	zf-CW	PF07496.21	1.6e-17
Bnap_XP_048620891.1	516	562	zf-CW	PF07496.21	1.6e-17
Bnap_XP_048620892.1	516	562	zf-CW	PF07496.21	1.6e-17
Bnap_XP_048620893.1	516	562	zf-CW	PF07496.21	1.6e-17
Bnap_XP_048620894.1	516	562	zf-CW	PF07496.21	1.6e-17
Bnap_XP_048620895.1	516	562	zf-CW	PF07496.21	1.6e-17
Bnap_XP_048620896.1	516	562	zf-CW	PF07496.21	1.6e-17
Bnap_XP_048620897.1	516	562	zf-CW	PF07496.21	1.6e-17
Bnap_XP_048620898.1	516	562	zf-CW	PF07496.21	1.6e-17
Bnap_XP_048620899.1	516	562	zf-CW	PF07496.21	1.6e-17
Bnap_XP_048620900.1	516	562	zf-CW	PF07496.21	1.6e-17
Bnap_XP_048620901.1	516	562	zf-CW	PF07496.21	1.6e-17
Bnap_XP_048620902.1	516	562	zf-CW	PF07496.21	1.6e-17
Bnap_XP_048620903.1	516	562	zf-CW	PF07496.21	1.6e-17
Bnap_XP_048620904.1	516	562	zf-CW	PF07496.21	1.6e-17
Ggal_XP_040504145.1	473	519	zf-CW	PF07496.21	1.6e-17
Ggal_XP_015130866.1	496	542	zf-CW	PF07496.21	1.6e-17
Ofus_CAH1773222.1	352	396	zf-CW	PF07496.21	1.7e-17
Lsat_XP_042754011.2	498	543	zf-CW	PF07496.21	3e-17
Lsat_XP_042754012.2	498	543	zf-CW	PF07496.21	3e-17
Lsat_XP_042754013.2	498	543	zf-CW	PF07496.21	3e-17
Lsat_XP_042754014.2	498	543	zf-CW	PF07496.21	3e-17
Hsap_NP_001035522.1	30	76	zf-CW	PF07496.21	4.2e-17
Hsap_NP_001311098.1	30	76	zf-CW	PF07496.21	4.2e-17
Ggal_XP_040504144.1	487	533	zf-CW	PF07496.21	1.6e-17
Hsap_NP_001311099.1	30	76	zf-CW	PF07496.21	3.1e-17
Lana_XP_013379417.1	443	489	zf-CW	PF07496.21	4.1e-17
Mesc_XP_021608607.1	577	623	zf-CW	PF07496.21	4.6e-17
Xtro_XP_031752421.1	406	449	zf-CW	PF07496.21	1.7e-17
Lana_XP_013379418.1	503	549	zf-CW	PF07496.21	4.4e-17
Mesc_XP_021608606.1	630	676	zf-CW	PF07496.21	4.7e-17
Mesc_XP_021608604.1	630	676	zf-CW	PF07496.21	4.7e-17
Mesc_XP_021608605.1	630	676	zf-CW	PF07496.21	4.7e-17
Crei_XP_042922906.1	23	65	zf-CW	PF07496.21	3.3e-17
Xtro_XP_031752420.1	406	449	zf-CW	PF07496.21	2.1e-17
Qlob_XP_030975246.1	652	697	zf-CW	PF07496.21	6.6e-17
Qlob_XP_030975247.1	652	697	zf-CW	PF07496.21	6.6e-17
Qlob_XP_030975248.1	652	697	zf-CW	PF07496.21	6.6e-17
Qlob_XP_030975249.1	652	697	zf-CW	PF07496.21	6.6e-17
Qlob_XP_030975250.1	652	697	zf-CW	PF07496.21	6.6e-17
Qlob_XP_030975251.1	652	697	zf-CW	PF07496.21	6.6e-17
Qlob_XP_030975252.1	652	697	zf-CW	PF07496.21	6.6e-17
Xtro_XP_031752418.1	406	449	zf-CW	PF07496.21	2.1e-17
Xtro_XP_031752419.1	406	449	zf-CW	PF07496.21	2.1e-17
Lsat_XP_023747931.1	580	625	zf-CW	PF07496.21	6.5e-17
Lsat_XP_023747930.1	603	648	zf-CW	PF07496.21	6.6e-17
Hrob_XP_009014151.1	496	542	zf-CW	PF07496.21	4.9e-17
Qlob_XP_030957898.1	677	723	zf-CW	PF07496.21	8.4e-17
Qlob_XP_030957899.1	677	723	zf-CW	PF07496.21	8.4e-17
Qlob_XP_030957842.1	677	723	zf-CW	PF07496.21	8.4e-17
Qlob_XP_030957844.1	677	723	zf-CW	PF07496.21	8.4e-17
Rchi_XP_024184356.1	513	556	zf-CW	PF07496.21	2.8e-17
Hsap_NP_055756.1	434	479	zf-CW	PF07496.21	6.7e-17
Hsap_XP_047297159.1	434	479	zf-CW	PF07496.21	6.7e-17
Hsap_XP_047297160.1	434	479	zf-CW	PF07496.21	6.7e-17
Hsap_NP_001290186.1	496	541	zf-CW	PF07496.21	7.2e-17
Hsap_NP_001290185.1	496	541	zf-CW	PF07496.21	7.2e-17
Hsap_XP_016884156.1	501	546	zf-CW	PF07496.21	7.3e-17
Hsap_XP_011528306.1	501	546	zf-CW	PF07496.21	7.3e-17
Xtro_XP_031752417.1	405	448	zf-CW	PF07496.21	1e-16
Xtro_XP_031752416.1	405	448	zf-CW	PF07496.21	1.2e-16
Sollyc_XP_010321078.1	638	683	zf-CW	PF07496.21	1.6e-16
Xtro_XP_031752414.1	405	448	zf-CW	PF07496.21	1.5e-16
Xtro_XP_031752415.1	405	448	zf-CW	PF07496.21	1.5e-16
Bdis_XP_010234342.1	644	690	zf-CW	PF07496.21	1.6e-16
Bdis_XP_003559838.2	644	690	zf-CW	PF07496.21	1.6e-16
Emue_Em0008g831a	704	747	zf-CW	PF07496.21	2.7e-16
Bnap_XP_013716749.2	523	569	zf-CW	PF07496.21	1.1e-16
Bnap_XP_013716750.2	523	569	zf-CW	PF07496.21	1.1e-16
Bnap_XP_013716751.2	523	569	zf-CW	PF07496.21	1.1e-16
Bnap_XP_048597345.1	523	569	zf-CW	PF07496.21	1.1e-16
Bnap_XP_013688297.1	413	458	zf-CW	PF07496.21	3.3e-16
Tura_XP_048549600.1	610	656	zf-CW	PF07496.21	2.4e-16
Apla_XP_022100665.1	241	287	zf-CW	PF07496.21	2.9e-16
Apla_XP_022100664.1	242	288	zf-CW	PF07496.21	2.9e-16
Smoe_XP_002965572.2	543	586	zf-CW	PF07496.21	1.2e-16
Xtro_NP_001076826.1	496	541	zf-CW	PF07496.21	3.3e-16
Xtro_XP_012820125.1	434	479	zf-CW	PF07496.21	3.4e-16
Osat_NP_001404666.1	659	705	zf-CW	PF07496.21	3e-16
Bnap_XP_013653886.1	413	458	zf-CW	PF07496.21	3.3e-16
Xtro_XP_017949678.2	496	541	zf-CW	PF07496.21	3.6e-16
Xtro_XP_012820110.1	496	541	zf-CW	PF07496.21	3.7e-16
Xtro_XP_031757264.1	496	541	zf-CW	PF07496.21	3.7e-16
Hsap_NP_001372940.1	126	171	zf-CW	PF07496.21	4.1e-16
Xtro_XP_017947274.2	398	441	zf-CW	PF07496.21	1.6e-16
Bmor_XP_021206390.1	87	129	zf-CW	PF07496.21	3.1e-16
Bmor_XP_012549394.2	94	136	zf-CW	PF07496.21	3.2e-16
Mpol_BFI43035.1	643	686	zf-CW	PF07496.21	3.2e-16
Lcom_lcpid166628|	12	56	zf-CW	PF07496.21	1.7e-16
Hsap_NP_001372950.1	56	102	zf-CW	PF07496.21	4.7e-16
Smar_SMAR014134-PA	414	459	zf-CW	PF07496.21	4.9e-16
Smoe_XP_002983058.2	543	586	zf-CW	PF07496.21	1.8e-16
Hsap_NP_001372938.1	189	234	zf-CW	PF07496.21	5.1e-16
Hsap_NP_001372948.1	189	234	zf-CW	PF07496.21	5.1e-16
Hsap_XP_024302585.1	257	303	zf-CW	PF07496.21	4.9e-16
Hsap_NP_001372944.1	56	101	zf-CW	PF07496.21	5e-16
Lcom_lcpid31873|	197	240	zf-CW	PF07496.21	7e-16
Hsap_NP_001244937.1	257	302	zf-CW	PF07496.21	6.1e-16
Hsap_NP_001372949.1	257	302	zf-CW	PF07496.21	6.1e-16
Plae_KAI0981498.1	589	634	zf-CW	PF07496.21	8.4e-16
Aque_XP_019855877.1	394	440	zf-CW	PF07496.21	2.3e-16
Hsap_NP_001372951.1	257	302	zf-CW	PF07496.21	5.7e-16
Hsap_XP_016867868.1	257	302	zf-CW	PF07496.21	5.7e-16
Hsap_NP_001372941.1	126	171	zf-CW	PF07496.21	6e-16
Ecur_TVU47055.1	365	411	zf-CW	PF07496.21	5.6e-16
Hsap_NP_001372952.1	189	235	zf-CW	PF07496.21	7.6e-16
Hsap_NP_001372945.1	257	302	zf-CW	PF07496.21	8e-16
Hsap_NP_001372939.1	257	302	zf-CW	PF07496.21	8.1e-16
Hsap_XP_047276507.1	257	302	zf-CW	PF07496.21	8.1e-16
Hsap_NP_060454.3	256	301	zf-CW	PF07496.21	8e-16
Hsap_XP_047276508.1	256	301	zf-CW	PF07496.21	8e-16
Hsap_NP_001372942.1	257	303	zf-CW	PF07496.21	9.2e-16
Hsap_NP_001372947.1	257	303	zf-CW	PF07496.21	9.2e-16
Hsap_XP_024302583.1	257	302	zf-CW	PF07496.21	7.6e-16
Hsap_XP_047276509.1	257	302	zf-CW	PF07496.21	7.6e-16
Mlei_ML09254a-PA	453	497	zf-CW	PF07496.21	9.2e-16
Hsap_XP_005250537.1	257	303	zf-CW	PF07496.21	8.6e-16
Hsap_NP_001372946.1	257	303	zf-CW	PF07496.21	9.7e-16
Obim_XP_014785093.1	502	547	zf-CW	PF07496.21	8.8e-16
Obim_XP_014785094.1	502	547	zf-CW	PF07496.21	8.8e-16
Obim_XP_014785095.1	502	547	zf-CW	PF07496.21	8.8e-16
Obim_XP_014785096.1	502	547	zf-CW	PF07496.21	8.8e-16
Obim_XP_014785097.1	502	547	zf-CW	PF07496.21	8.8e-16
Obim_XP_014785099.1	502	547	zf-CW	PF07496.21	8.8e-16
Apla_XP_022102336.1	17	62	zf-CW	PF07496.21	8.7e-16
Zmay_XP_008653447.1	650	696	zf-CW	PF07496.21	1e-15
Zmay_XP_008653448.1	650	696	zf-CW	PF07496.21	1e-15
Mpol_BFI38440.1	615	659	zf-CW	PF07496.21	2.9e-15
Hsap_XP_006716098.1	257	303	zf-CW	PF07496.21	1.2e-15
Hsap_XP_006716099.1	257	303	zf-CW	PF07496.21	1.2e-15
Hsap_XP_006716101.1	256	302	zf-CW	PF07496.21	1.2e-15
Drer_NP_001003994.1	496	541	zf-CW	PF07496.21	1e-15
Drer_XP_005174293.1	496	541	zf-CW	PF07496.21	1e-15
Drer_XP_009295992.1	496	541	zf-CW	PF07496.21	1e-15
Hsap_XP_006716103.1	257	303	zf-CW	PF07496.21	1.2e-15
Mesc_XP_021608797.1	666	712	zf-CW	PF07496.21	1.4e-15
Mesc_XP_021608788.1	666	712	zf-CW	PF07496.21	1.5e-15
Mesc_XP_043817514.1	602	648	zf-CW	PF07496.21	1.4e-15
Ppat_XP_024399030.1	689	734	zf-CW	PF07496.21	5.9e-16
Mpol_BFI26167.1	169	216	zf-CW	PF07496.21	1.5e-15
Lcom_lcpid107144|	234	277	zf-CW	PF07496.21	6.1e-16
Osat_XP_015611255.1	512	555	zf-CW	PF07496.21	6.3e-16
Ppat_XP_024399029.1	689	734	zf-CW	PF07496.21	6.5e-16
Mesc_XP_021610245.1	548	590	zf-CW	PF07496.21	6.6e-16
Cofcan_CDP18621.1	563	606	zf-CW	PF07496.21	6.6e-16
Blan_XP_066302495.1	499	543	zf-CW	PF07496.21	1.4e-15
Blan_XP_066302486.1	499	543	zf-CW	PF07496.21	1.4e-15
Aque_XP_019851027.1	59	99	zf-CW	PF07496.21	7.2e-16
Aque_XP_019851025.1	59	99	zf-CW	PF07496.21	7.3e-16
Aque_XP_019851023.1	59	99	zf-CW	PF07496.21	7.5e-16
Blan_XP_066302480.1	499	543	zf-CW	PF07496.21	1.6e-15
Cofcan_CDP01756.1	635	678	zf-CW	PF07496.21	2.6e-15
Qlob_XP_030965130.1	566	609	zf-CW	PF07496.21	8e-16
Qlob_XP_030965318.1	566	609	zf-CW	PF07496.21	8e-16
Mpol_BFI26166.1	414	461	zf-CW	PF07496.21	2e-15
Crei_XP_042918779.1	68	111	zf-CW	PF07496.21	1.5e-15
Mesc_XP_021613070.1	659	705	zf-CW	PF07496.21	2.2e-15
Mesc_XP_021613069.1	659	705	zf-CW	PF07496.21	2.2e-15
Skow_XP_006814641.1	96	131	zf-CW	PF07496.21	1.6e-15
Mesc_XP_021613068.1	659	705	zf-CW	PF07496.21	2.4e-15
Mesc_XP_021613066.1	659	705	zf-CW	PF07496.21	2.4e-15
Mesc_XP_021613067.1	659	705	zf-CW	PF07496.21	2.4e-15
Mesc_XP_043812907.1	659	705	zf-CW	PF07496.21	2.4e-15
Mesc_XP_043812908.1	659	705	zf-CW	PF07496.21	2.4e-15
Mesc_XP_043812909.1	659	705	zf-CW	PF07496.21	2.4e-15
Lana_XP_013409840.1	258	302	zf-CW	PF07496.21	2.4e-15
Zmay_XP_033915576.1	628	674	zf-CW	PF07496.21	2.2e-15
Zmay_XP_035821414.1	628	674	zf-CW	PF07496.21	2.2e-15
Zmay_XP_035821415.1	628	674	zf-CW	PF07496.21	2.2e-15
Zmay_XP_035821416.1	628	674	zf-CW	PF07496.21	2.2e-15
Bnap_XP_013648522.1	542	587	zf-CW	PF07496.21	2.1e-15
Bnap_XP_013648523.1	542	587	zf-CW	PF07496.21	2.1e-15
Skow_XP_006817349.1	115	161	zf-CW	PF07496.21	2.7e-15
Zmay_XP_033915574.1	628	674	zf-CW	PF07496.21	2.3e-15
Zmay_XP_033915575.1	628	674	zf-CW	PF07496.21	2.3e-15
Zmay_XP_035821412.1	628	674	zf-CW	PF07496.21	2.3e-15
Zmay_XP_035821413.1	628	674	zf-CW	PF07496.21	2.3e-15
Bnap_XP_013731574.1	542	587	zf-CW	PF07496.21	2.2e-15
Zmay_XP_033915572.1	628	674	zf-CW	PF07496.21	2.4e-15
Zmay_XP_033915573.1	628	674	zf-CW	PF07496.21	2.4e-15
Zmay_XP_033915571.1	628	674	zf-CW	PF07496.21	2.4e-15
Zmay_XP_035821411.1	628	674	zf-CW	PF07496.21	2.4e-15
Zmay_XP_033915569.1	628	674	zf-CW	PF07496.21	2.4e-15
Zmay_XP_033915570.1	628	674	zf-CW	PF07496.21	2.4e-15
Atri_XP_011627437.2	655	700	zf-CW	PF07496.21	2.9e-15
Apla_XP_022096323.1	503	548	zf-CW	PF07496.21	2.7e-15
Crei_XP_042921186.1	50	95	zf-CW	PF07496.21	2.6e-15
Apla_XP_022096324.1	503	548	zf-CW	PF07496.21	2.6e-15
Smoe_XP_024514720.1	421	467	zf-CW	PF07496.21	3.4e-15
Smoe_XP_002983930.2	421	467	zf-CW	PF07496.21	3.4e-15
Twil_T_wilhelma_c24132_g1_i1|m.11165	81	126	zf-CW	PF07496.21	3.1e-15
Lana_XP_013414619.1	75	120	zf-CW	PF07496.21	4.2e-15
Agrpla_XP_018324877.1	274	315	zf-CW	PF07496.21	1.7e-15
Cint_XP_002131683.1	502	547	zf-CW	PF07496.21	4.7e-15
Mtru_XP_039687301.1	548	591	zf-CW	PF07496.21	2.3e-15
Blan_XP_066297338.1	126	171	zf-CW	PF07496.21	8.7e-15
Mesc_XP_021629434.1	637	680	zf-CW	PF07496.21	6.4e-15
Mesc_XP_021629433.1	647	690	zf-CW	PF07496.21	6.5e-15
Aplcal_XP_035828044.1	502	547	zf-CW	PF07496.21	6e-15
Mesc_XP_021629432.1	660	703	zf-CW	PF07496.21	6.6e-15
Ofus_CAH1798954.1	407	451	zf-CW	PF07496.21	5.2e-15
Mesc_XP_021629431.1	664	707	zf-CW	PF07496.21	6.6e-15
Mesc_XP_021629430.1	674	717	zf-CW	PF07496.21	6.7e-15
Smed_h1SMcT0011930.3	447	491	zf-CW	PF07496.21	2.9e-15
Smed_h1SMcT0011930.1	507	551	zf-CW	PF07496.21	2.9e-15
Bdis_XP_003567474.1	518	561	zf-CW	PF07496.21	2.9e-15
Ofus_CAH1798953.1	407	451	zf-CW	PF07496.21	5.7e-15
Cofcan_CDP03527.1	661	706	zf-CW	PF07496.21	3.1e-15
Smed_h1SMcT0011930.2	507	551	zf-CW	PF07496.21	3.1e-15
Mesc_XP_021603370.1	631	674	zf-CW	PF07496.21	8.5e-15
Mesc_XP_021603371.1	631	674	zf-CW	PF07496.21	8.5e-15
Mesc_XP_021603372.1	631	674	zf-CW	PF07496.21	8.5e-15
Mesc_XP_021603373.1	631	674	zf-CW	PF07496.21	8.5e-15
Cvir_XP_022340592.1	504	549	zf-CW	PF07496.21	7.6e-15
Mesc_XP_043810061.1	585	628	zf-CW	PF07496.21	7.9e-15
Bdis_XP_010228629.1	517	563	zf-CW	PF07496.21	9.1e-15
Bdis_XP_014752267.1	517	563	zf-CW	PF07496.21	9.2e-15
Bdis_XP_014752268.1	517	563	zf-CW	PF07496.21	9.2e-15
Bdis_XP_014752269.1	517	563	zf-CW	PF07496.21	9.2e-15
Osat_XP_025882908.1	648	694	zf-CW	PF07496.21	8.7e-15
Osat_NP_001409942.1	652	698	zf-CW	PF07496.21	8.7e-15
Osat_XP_015646826.1	652	698	zf-CW	PF07496.21	8.7e-15
Osat_XP_015646827.1	652	698	zf-CW	PF07496.21	8.7e-15
Osat_XP_066168101.1	652	698	zf-CW	PF07496.21	8.7e-15
Lpol_XP_022254787.1	195	240	zf-CW	PF07496.21	3.9e-15
Xtro_XP_004920123.2	133	179	zf-CW	PF07496.21	2.8e-14
Atri_XP_011627196.1	584	628	zf-CW	PF07496.21	4.6e-15
Zmay_XP_020405948.1	501	544	zf-CW	PF07496.21	4.7e-15
Zmay_XP_020405947.1	501	544	zf-CW	PF07496.21	4.7e-15
Lana_XP_013400384.1	401	440	zf-CW	PF07496.21	1.1e-14
Agrpla_XP_018324872.2	196	237	zf-CW	PF07496.21	1.2e-14
Zmay_XP_035817318.1	513	559	zf-CW	PF07496.21	1.2e-14
Zmay_XP_020405946.1	501	544	zf-CW	PF07496.21	5e-15
Ecur_TVU19108.1	584	629	zf-CW	PF07496.21	1.1e-14
Zmay_XP_020405945.1	501	544	zf-CW	PF07496.21	5.2e-15
Zmay_XP_020405944.1	501	544	zf-CW	PF07496.21	5.2e-15
Xtro_XP_031755491.1	156	202	zf-CW	PF07496.21	3.1e-14
Sman_XP_018652464.1	509	554	zf-CW	PF07496.21	1.4e-14
Sman_XP_018652466.1	509	554	zf-CW	PF07496.21	1.5e-14
Rchi_XP_024192661.1	638	684	zf-CW	PF07496.21	5.8e-15
Blan_XP_066302545.1	73	116	zf-CW	PF07496.21	2.1e-14
Blan_XP_066302546.1	73	116	zf-CW	PF07496.21	2.1e-14
Blan_XP_066302547.1	73	116	zf-CW	PF07496.21	2.1e-14
Sman_XP_018652465.1	509	554	zf-CW	PF07496.21	1.5e-14
Lsat_XP_023758632.1	526	569	zf-CW	PF07496.21	6.3e-15
Bnap_XP_048592289.1	766	810	zf-CW	PF07496.21	6.9e-15
Echgra_XP_024354892.1	510	555	zf-CW	PF07496.21	7e-15
Sollyc_XP_069144905.1	408	453	zf-CW	PF07496.21	2.6e-14
Lpol_XP_013786290.2	362	408	zf-CW	PF07496.21	2.6e-14
Psat_XP_050882322.1	535	578	zf-CW	PF07496.21	9.4e-15
Psat_XP_050882323.1	535	578	zf-CW	PF07496.21	9.4e-15
Bnap_XP_013727632.1	561	603	zf-CW	PF07496.21	9.4e-15
Ecur_TVT96769.1	608	650	zf-CW	PF07496.21	9.4e-15
Ecur_TVU37227.1	608	650	zf-CW	PF07496.21	9.4e-15
Bnap_XP_013727631.1	561	603	zf-CW	PF07496.21	9.4e-15
Lcom_lcpid70958|	455	499	zf-CW	PF07496.21	1.9e-14
Sollyc_XP_004249860.2	548	590	zf-CW	PF07496.21	9.7e-15
Ecur_TVU37312.1	650	696	zf-CW	PF07496.21	2e-14
Otau_XP_022840487.1	22	67	zf-CW	PF07496.21	2.3e-14
Bdis_XP_010231484.1	617	662	zf-CW	PF07496.21	2.6e-14
Bdis_XP_010231485.1	617	662	zf-CW	PF07496.21	2.6e-14
Lcom_lcpid77024|	499	543	zf-CW	PF07496.21	2.1e-14
Lcom_lcpid66463|	455	499	zf-CW	PF07496.21	2.1e-14
Sollyc_XP_004247543.3	664	709	zf-CW	PF07496.21	3.2e-14
Sollyc_XP_069144904.1	664	709	zf-CW	PF07496.21	3.2e-14
Sollyc_XP_019071232.2	693	738	zf-CW	PF07496.21	3.2e-14
Sollyc_XP_019071230.2	693	738	zf-CW	PF07496.21	3.2e-14
Sollyc_XP_069144903.1	693	738	zf-CW	PF07496.21	3.2e-14
Sollyc_XP_010322942.1	605	652	zf-CW	PF07496.21	1.2e-14
Osat_XP_066167157.1	629	673	zf-CW	PF07496.21	3.6e-14
Osat_XP_015637337.3	629	673	zf-CW	PF07496.21	3.8e-14
Zmay_XP_020399024.1	567	613	zf-CW	PF07496.21	1.5e-14
Zmay_XP_035817638.1	567	613	zf-CW	PF07496.21	1.5e-14
Zmay_XP_035817639.1	567	613	zf-CW	PF07496.21	1.5e-14
Zmay_XP_035817640.1	567	613	zf-CW	PF07496.21	1.5e-14
Zmay_XP_008656348.1	567	613	zf-CW	PF07496.21	1.5e-14
Zmay_XP_008656349.1	567	613	zf-CW	PF07496.21	1.5e-14
Zmay_XP_008656350.1	567	613	zf-CW	PF07496.21	1.5e-14
Zmay_XP_008656352.1	567	613	zf-CW	PF07496.21	1.5e-14
Zmay_XP_020399023.1	567	613	zf-CW	PF07496.21	1.5e-14
Zmay_XP_035817637.1	567	613	zf-CW	PF07496.21	1.5e-14
Cbra_GBG69357.1	837	878	zf-CW	PF07496.21	3.4e-14
Spur_XP_030834902.1	101	147	zf-CW	PF07496.21	5.1e-14
Scil_XP_065194690.1	556	599	zf-CW	PF07496.21	5.2e-14
Tura_XP_048566206.1	514	557	zf-CW	PF07496.21	1.5e-14
Xtro_XP_031752071.1	573	616	zf-CW	PF07496.21	3.4e-14
Atha_NP_177854.6	865	909	zf-CW	PF07496.21	6.6e-14
Mesc_XP_021597030.1	562	604	zf-CW	PF07496.21	2e-14
Mesc_XP_021597029.1	562	604	zf-CW	PF07496.21	2e-14
Ofus_CAH1789974.1	106	152	zf-CW	PF07496.21	5.5e-14
Atha_NP_001329752.1	516	558	zf-CW	PF07496.21	2.1e-14
Bnap_XP_022573692.2	550	592	zf-CW	PF07496.21	2.2e-14
Atha_NP_194929.2	520	562	zf-CW	PF07496.21	2.2e-14
Otau_XP_022840135.1	2178	2224	zf-CW	PF07496.21	2.2e-14
Spur_XP_030843304.1	101	147	zf-CW	PF07496.21	2.2e-14
Cvir_XP_022309065.1	38	84	zf-CW	PF07496.21	4.7e-14
Bnap_XP_013742487.2	550	592	zf-CW	PF07496.21	2.3e-14
Atha_NP_001326105.1	280	322	zf-CW	PF07496.21	2.4e-14
Bnap_XP_013707654.3	513	555	zf-CW	PF07496.21	2.6e-14
Bnap_XP_013707652.3	517	559	zf-CW	PF07496.21	2.6e-14
Bnap_XP_013707653.3	517	559	zf-CW	PF07496.21	2.6e-14
Lsat_XP_023731019.1	521	563	zf-CW	PF07496.21	2.8e-14
Bnap_XP_048619262.1	512	554	zf-CW	PF07496.21	2.8e-14
Bnap_XP_048619261.1	516	558	zf-CW	PF07496.21	2.8e-14
Mlei_ML063335a-PA	508	556	zf-CW	PF07496.21	9.8e-14
Atha_NP_680129.1	577	619	zf-CW	PF07496.21	3.1e-14
Cofcan_CDP11932.1	500	546	zf-CW	PF07496.21	9.1e-14
Ofus_CAH1774199.1	342	387	zf-CW	PF07496.21	1.1e-13
Cbra_GBG76330.1	1016	1061	zf-CW	PF07496.21	9.3e-14
Tura_XP_048536716.1	618	664	zf-CW	PF07496.21	3.6e-14
Scil_XP_065196359.1	503	549	zf-CW	PF07496.21	7.9e-14
Scil_XP_065196358.1	518	564	zf-CW	PF07496.21	8e-14
Spur_XP_030847920.1	505	550	zf-CW	PF07496.21	1.2e-13
Atri_XP_020529848.1	655	701	zf-CW	PF07496.21	1.1e-13
Atri_XP_020529849.1	655	701	zf-CW	PF07496.21	1.1e-13
Atri_XP_020529850.1	655	701	zf-CW	PF07496.21	1.1e-13
Spur_XP_030847919.1	527	572	zf-CW	PF07496.21	1.2e-13
Qlob_XP_030933678.1	1047	1093	zf-CW	PF07496.21	2.6e-13
Mesc_XP_043810216.1	1108	1154	zf-CW	PF07496.21	2e-13
Cbra_GBG65906.1	559	602	zf-CW	PF07496.21	4.9e-14
Ofus_CAH1800727.1	506	551	zf-CW	PF07496.21	1.2e-13
Bnap_XP_022569912.2	795	839	zf-CW	PF07496.21	5.2e-14
Atha_NP_001077836.1	865	909	zf-CW	PF07496.21	5.3e-14
Apla_XP_022102335.1	17	59	zf-CW	PF07496.21	1.7e-13
Qlob_XP_030933677.1	1047	1093	zf-CW	PF07496.21	3.1e-13
Tura_XP_048554290.1	125	174	zf-CW	PF07496.21	1.2e-13
Tura_XP_048554371.1	125	174	zf-CW	PF07496.21	1.2e-13
Smoe_XP_002980990.2	203	249	zf-CW	PF07496.21	2.2e-13
Qlob_XP_030933676.1	1047	1093	zf-CW	PF07496.21	3.2e-13
Otau_XP_003078017.2	1298	1347	zf-CW	PF07496.21	6.3e-14
Lana_XP_013387213.1	372	417	zf-CW	PF07496.21	7.5e-14
Hsap_XP_011510999.1	264	308	zf-CW	PF07496.21	3e-13
Hsap_XP_047303926.1	259	303	zf-CW	PF07496.21	3e-13
Hsap_XP_011510998.1	289	333	zf-CW	PF07496.21	3.2e-13
Mpol_BFI43449.1	1240	1286	zf-CW	PF07496.21	2.3e-13
Mpol_BFI43448.1	1240	1286	zf-CW	PF07496.21	2.3e-13
Sollyc_XP_004249040.1	591	633	zf-CW	PF07496.21	3.6e-13
Zmay_XP_008659829.1	648	689	zf-CW	PF07496.21	2.6e-13
Zmay_XP_035818505.1	648	689	zf-CW	PF07496.21	2.6e-13
Hsap_XP_011510996.1	416	460	zf-CW	PF07496.21	3.8e-13
Qlob_XP_030968140.1	538	580	zf-CW	PF07496.21	1.2e-13
Hsap_XP_016861658.1	515	559	zf-CW	PF07496.21	4.1e-13
Sollyc_XP_025888945.1	585	627	zf-CW	PF07496.21	3.5e-13
Hpol_VDO69049.1	517	563	zf-CW	PF07496.21	3.5e-13
Sollyc_XP_010327708.1	596	638	zf-CW	PF07496.21	3.6e-13
Aplcal_XP_005107524.1	360	405	zf-CW	PF07496.21	4.3e-13
Aplcal_XP_012943046.1	354	399	zf-CW	PF07496.21	4.2e-13
Hsap_NP_055244.3	483	527	zf-CW	PF07496.21	4.1e-13
Hsap_XP_011510994.1	485	529	zf-CW	PF07496.21	4.1e-13
Hsap_XP_005247419.1	513	557	zf-CW	PF07496.21	4.3e-13
Hsap_XP_011510993.1	515	559	zf-CW	PF07496.21	4.3e-13
Hsap_XP_047303924.1	485	529	zf-CW	PF07496.21	3.8e-13
Hsap_XP_011510995.1	515	559	zf-CW	PF07496.21	3.9e-13
Aplcal_XP_012943045.1	403	448	zf-CW	PF07496.21	4.5e-13
Sollyc_XP_019071659.1	427	469	zf-CW	PF07496.21	2.8e-13
Sollyc_XP_069146596.1	427	469	zf-CW	PF07496.21	2.8e-13
Asuu_AgB02_g509_t01	119	164	zf-CW	PF07496.21	3.2e-13
Asuu_AgB02_g509_t04	119	164	zf-CW	PF07496.21	3.2e-13
Mtru_XP_024639611.2	651	693	zf-CW	PF07496.21	3.9e-13
Asuu_AgB02_g509_t02	119	164	zf-CW	PF07496.21	3.3e-13
Asuu_AgB02_g509_t03	119	164	zf-CW	PF07496.21	3.3e-13
Mtru_XP_039690797.1	654	696	zf-CW	PF07496.21	3.9e-13
Mtru_XP_024639609.1	593	635	zf-CW	PF07496.21	3.5e-13
Atri_XP_020521017.1	570	612	zf-CW	PF07496.21	3.6e-13
Lsat_XP_042753126.1	628	671	zf-CW	PF07496.21	1.6e-13
Cint_XP_026694135.1	215	259	zf-CW	PF07496.21	1.7e-13
Mtru_XP_013459284.2	96	145	zf-CW	PF07496.21	3.3e-13
Rchi_XP_024165102.1	1036	1082	zf-CW	PF07496.21	5.4e-13
Rchi_XP_024165104.1	1036	1082	zf-CW	PF07496.21	5.4e-13
Rchi_XP_024165105.1	1036	1082	zf-CW	PF07496.21	5.4e-13
Rchi_XP_040364190.1	1036	1082	zf-CW	PF07496.21	5.4e-13
Osat_XP_015625429.1	1259	1305	zf-CW	PF07496.21	6.1e-13
Psat_XP_050904617.1	102	152	zf-CW	PF07496.21	3.4e-13
Psat_XP_050904625.1	102	152	zf-CW	PF07496.21	3.4e-13
Ppat_XP_024365682.1	577	621	zf-CW	PF07496.21	5.1e-13
Tura_XP_048541505.1	581	623	zf-CW	PF07496.21	2e-13
Pvan_XP_069992207.1	565	608	zf-CW	PF07496.21	6.3e-13
Pvan_XP_069992206.1	566	609	zf-CW	PF07496.21	6.3e-13
Ppat_XP_024365673.1	528	572	zf-CW	PF07496.21	5.2e-13
Ppat_XP_024365634.1	577	621	zf-CW	PF07496.21	5.3e-13
Ppat_XP_024365644.1	577	621	zf-CW	PF07496.21	5.3e-13
Ppat_XP_024365653.1	577	621	zf-CW	PF07496.21	5.3e-13
Ppat_XP_024365663.1	577	621	zf-CW	PF07496.21	5.3e-13
Tura_XP_048541504.1	615	657	zf-CW	PF07496.21	2.1e-13
Smoe_XP_024521742.1	507	554	zf-CW	PF07496.21	5.3e-13
Smoe_XP_024517477.1	507	554	zf-CW	PF07496.21	5.3e-13
Osat_XP_015641047.1	633	675	zf-CW	PF07496.21	5.9e-13
Lsat_XP_023763371.1	621	664	zf-CW	PF07496.21	2.5e-13
Psat_XP_050878941.1	936	982	zf-CW	PF07496.21	9.3e-13
Qlob_XP_030947334.1	639	685	zf-CW	PF07496.21	5.9e-13
Psat_XP_050878942.1	935	981	zf-CW	PF07496.21	9.3e-13
Ppat_XP_024374974.1	541	585	zf-CW	PF07496.21	6.3e-13
Cint_XP_026694134.1	215	259	zf-CW	PF07496.21	2.5e-13
Qlob_XP_030947333.1	675	721	zf-CW	PF07496.21	6.1e-13
Mesc_XP_043810215.1	1108	1154	zf-CW	PF07496.21	2.5e-13
Mtru_XP_013453248.1	100	150	zf-CW	PF07496.21	5.3e-13
Mtru_XP_024642426.1	100	150	zf-CW	PF07496.21	5.3e-13
Mesc_XP_021598387.1	1108	1154	zf-CW	PF07496.21	2.5e-13
Sollyc_XP_010316493.1	593	635	zf-CW	PF07496.21	9.3e-13
Sollyc_XP_019067914.1	593	635	zf-CW	PF07496.21	9.3e-13
Sollyc_XP_069149876.1	593	635	zf-CW	PF07496.21	9.3e-13
Sollyc_XP_069149877.1	593	635	zf-CW	PF07496.21	9.3e-13
Sollyc_XP_069149878.1	593	635	zf-CW	PF07496.21	9.3e-13
Ecur_TVU38411.1	754	796	zf-CW	PF07496.21	1.1e-12
Angcan_KAE9420209.1	517	562	zf-CW	PF07496.21	7.6e-13
Sollyc_XP_069146595.1	585	627	zf-CW	PF07496.21	3.2e-13
Sollyc_XP_069146594.1	591	633	zf-CW	PF07496.21	3.2e-13
Sollyc_XP_010327710.1	596	638	zf-CW	PF07496.21	3.2e-13
Blan_XP_066268593.1	133	183	zf-CW	PF07496.21	8.8e-13
Tura_XP_048554675.1	628	670	zf-CW	PF07496.21	3.7e-13
Lcom_lcpid24525|	500	543	zf-CW	PF07496.21	6.9e-13
Psat_XP_050906294.1	524	566	zf-CW	PF07496.21	9e-13
Psat_XP_050906296.1	524	566	zf-CW	PF07496.21	9e-13
Psat_XP_050906293.1	549	591	zf-CW	PF07496.21	9.4e-13
Atri_XP_011622333.1	616	658	zf-CW	PF07496.21	3.9e-13
Lsat_XP_023731848.1	359	405	zf-CW	PF07496.21	1.2e-12
Lsat_XP_023731849.1	359	405	zf-CW	PF07496.21	1.2e-12
Atri_XP_006841783.1	655	697	zf-CW	PF07496.21	4e-13
Cvir_XP_022341009.1	293	339	zf-CW	PF07496.21	1.2e-12
Psat_XP_050906292.1	598	640	zf-CW	PF07496.21	1e-12
Mesc_XP_021599154.1	546	588	zf-CW	PF07496.21	4.4e-13
Qlob_XP_030944097.1	108	157	zf-CW	PF07496.21	9e-13
Qlob_XP_030944098.1	108	157	zf-CW	PF07496.21	9e-13
Mesc_XP_021599153.1	567	609	zf-CW	PF07496.21	4.6e-13
Mesc_XP_021599152.1	567	609	zf-CW	PF07496.21	4.6e-13
Mesc_XP_021599150.1	579	621	zf-CW	PF07496.21	4.6e-13
Mesc_XP_021599149.1	579	621	zf-CW	PF07496.21	4.6e-13
Lcom_lcpid54204|	500	543	zf-CW	PF07496.21	9.7e-13
Osat_XP_015646778.1	590	632	zf-CW	PF07496.21	5.9e-13
Sollyc_XP_010319721.1	444	491	zf-CW	PF07496.21	6.1e-13
Sollyc_XP_025886543.1	444	491	zf-CW	PF07496.21	6.1e-13
Sollyc_XP_069153348.1	444	491	zf-CW	PF07496.21	6.1e-13
Rchi_XP_024196832.1	116	165	zf-CW	PF07496.21	1.1e-12
Osat_NP_001409218.1	628	670	zf-CW	PF07496.21	6.2e-13
Acey_EYB84257.1	517	562	zf-CW	PF07496.21	6.5e-13
Zmay_XP_020396310.1	73	123	zf-CW	PF07496.21	1.1e-12
Zmay_XP_035816658.1	73	123	zf-CW	PF07496.21	1.1e-12
Rchi_XP_024196830.1	116	165	zf-CW	PF07496.21	1.3e-12
Rchi_XP_024196831.1	116	165	zf-CW	PF07496.21	1.3e-12
Hcon_XGW18246.1	518	563	zf-CW	PF07496.21	1.9e-12
Hcon_XGW18247.1	518	563	zf-CW	PF07496.21	1.9e-12
Cofcan_CDP20637.1	19	64	zf-CW	PF07496.21	1.4e-12
Psat_XP_050880779.1	609	651	zf-CW	PF07496.21	2.6e-12
Psat_XP_050880780.1	609	651	zf-CW	PF07496.21	2.6e-12
Zmay_NP_001105176.1	73	123	zf-CW	PF07496.21	1.6e-12
Zmay_XP_008651839.1	73	123	zf-CW	PF07496.21	1.6e-12
Zmay_XP_020396309.1	73	123	zf-CW	PF07496.21	1.6e-12
Xtro_XP_002932724.1	138	190	zf-CW	PF07496.21	4.5e-12
Xtro_XP_012820859.1	138	190	zf-CW	PF07496.21	4.5e-12
Tura_XP_048542861.1	99	149	zf-CW	PF07496.21	2e-12
Smar_SMAR007881-PA	246	291	zf-CW	PF07496.21	2.7e-12
Mtru_XP_024634357.1	1164	1210	zf-CW	PF07496.21	1e-12
Mtru_XP_024634355.1	1165	1211	zf-CW	PF07496.21	1e-12
Mtru_XP_024634356.1	1165	1211	zf-CW	PF07496.21	1e-12
Sollyc_XP_025887000.2	126	175	zf-CW	PF07496.21	2e-12
Sollyc_XP_069154203.1	126	175	zf-CW	PF07496.21	2e-12
Atri_XP_006850866.2	24	70	zf-CW	PF07496.21	2.1e-12
Zmay_NP_001105177.1	77	127	zf-CW	PF07496.21	2.2e-12
Zmay_XP_008668627.1	77	127	zf-CW	PF07496.21	2.2e-12
Zmay_XP_008668628.1	77	127	zf-CW	PF07496.21	2.2e-12
Zmay_XP_008668629.1	77	127	zf-CW	PF07496.21	2.2e-12
Zmay_XP_035820918.1	77	127	zf-CW	PF07496.21	2.2e-12
Zmay_XP_035820919.1	77	127	zf-CW	PF07496.21	2.2e-12
Zmay_XP_035820920.1	77	127	zf-CW	PF07496.21	2.2e-12
Zmay_XP_035820921.1	77	127	zf-CW	PF07496.21	2.2e-12
Sollyc_XP_010321538.2	126	175	zf-CW	PF07496.21	2.3e-12
Sollyc_XP_010321539.2	126	175	zf-CW	PF07496.21	2.3e-12
Sollyc_XP_069154202.1	126	175	zf-CW	PF07496.21	2.3e-12
Atri_XP_011624372.2	1109	1155	zf-CW	PF07496.21	1.4e-12
Zmay_XP_035820915.1	103	153	zf-CW	PF07496.21	2.5e-12
Zmay_XP_035820916.1	103	153	zf-CW	PF07496.21	2.5e-12
Zmay_XP_035820917.1	103	153	zf-CW	PF07496.21	2.5e-12
Lsat_XP_023728838.1	577	618	zf-CW	PF07496.21	4e-12
Crei_XP_042924583.1	1100	1140	zf-CW	PF07496.21	2.7e-12
Lsat_XP_023728836.1	578	619	zf-CW	PF07496.21	4e-12
Smoe_XP_002986649.2	528	568	zf-CW	PF07496.21	3.2e-12
Bdis_XP_010236989.1	750	792	zf-CW	PF07496.21	1.6e-12
Bdis_XP_010236982.1	756	798	zf-CW	PF07496.21	1.6e-12
Psat_XP_050878957.1	574	616	zf-CW	PF07496.21	1.7e-12
Scar_TKR75819.1	546	589	zf-CW	PF07496.21	3.4e-12
Smoe_XP_024520308.1	527	568	zf-CW	PF07496.21	3.7e-12
Zmay_XP_008651638.1	632	674	zf-CW	PF07496.21	1.9e-12
Zmay_NP_001353692.1	636	678	zf-CW	PF07496.21	1.9e-12
Mtru_XP_039686172.1	585	627	zf-CW	PF07496.21	2.1e-12
Mtru_XP_024632048.1	588	630	zf-CW	PF07496.21	2.1e-12
Mtru_XP_039686171.1	588	630	zf-CW	PF07496.21	2.1e-12
Sollyc_XP_004242480.1	546	588	zf-CW	PF07496.21	2.2e-12
Sollyc_XP_010323114.1	546	588	zf-CW	PF07496.21	2.2e-12
Sollyc_XP_010323115.1	546	588	zf-CW	PF07496.21	2.2e-12
Sollyc_XP_010323116.1	546	588	zf-CW	PF07496.21	2.2e-12
Sollyc_XP_025887548.1	546	588	zf-CW	PF07496.21	2.2e-12
Sollyc_XP_025887549.1	546	588	zf-CW	PF07496.21	2.2e-12
Bdis_XP_003575133.2	1139	1185	zf-CW	PF07496.21	2.3e-12
Lsat_XP_023739604.1	124	173	zf-CW	PF07496.21	4.3e-12
Lsat_XP_023739603.1	124	173	zf-CW	PF07496.21	4.3e-12
Bdis_XP_003562447.2	631	673	zf-CW	PF07496.21	2.3e-12
Osat_NP_001409134.1	713	755	zf-CW	PF07496.21	2.4e-12
Zmay_NP_001346446.1	630	672	zf-CW	PF07496.21	8.6e-12
Osat_NP_001409133.1	713	755	zf-CW	PF07496.21	2.5e-12
Osat_XP_066168083.1	719	761	zf-CW	PF07496.21	2.5e-12
Btab_XP_018917451.1	629	675	zf-CW	PF07496.21	7.7e-12
Ggal_XP_015131437.1	138	190	zf-CW	PF07496.21	1.1e-11
Hsap_NP_694587.3	138	190	zf-CW	PF07496.21	8.3e-12
Hsap_XP_011512688.1	138	190	zf-CW	PF07496.21	1e-11
Hsap_XP_047274320.1	138	190	zf-CW	PF07496.21	1e-11
Hsap_XP_011512687.1	138	190	zf-CW	PF07496.21	1e-11
Hsap_XP_047274319.1	138	190	zf-CW	PF07496.21	1e-11
Zmay_NP_001346313.1	917	963	zf-CW	PF07496.21	7.2e-12
Atha_NP_001190421.1	60	109	zf-CW	PF07496.21	4.9e-12
Atha_NP_001331130.1	60	109	zf-CW	PF07496.21	4.9e-12
Atha_NP_198383.1	60	109	zf-CW	PF07496.21	4.9e-12
Atha_NP_974850.1	60	109	zf-CW	PF07496.21	4.9e-12
Apimel_XP_026299370.1	221	266	zf-CW	PF07496.21	6.5e-12
Ppat_XP_024372287.1	314	356	zf-CW	PF07496.21	3.1e-12
Ggal_XP_025003413.1	214	266	zf-CW	PF07496.21	1.2e-11
Hsap_XP_047274316.1	108	160	zf-CW	PF07496.21	9.6e-12
Hsap_XP_047274322.1	108	160	zf-CW	PF07496.21	9.7e-12
Mpol_BFI39851.1	707	749	zf-CW	PF07496.21	3.3e-12
Rchi_XP_024199553.1	620	662	zf-CW	PF07496.21	3.4e-12
Mesc_XP_021601077.1	559	601	zf-CW	PF07496.21	1.2e-11
Ppat_XP_024374478.1	15	65	zf-CW	PF07496.21	6.7e-12
Ppat_XP_024374477.1	16	66	zf-CW	PF07496.21	6.7e-12
Hsap_NP_001351543.1	138	190	zf-CW	PF07496.21	1.3e-11
Hsap_XP_047274312.1	138	190	zf-CW	PF07496.21	1.3e-11
Hsap_XP_005248982.1	138	190	zf-CW	PF07496.21	1.3e-11
Hsap_XP_047274311.1	138	190	zf-CW	PF07496.21	1.3e-11
Zmay_XP_008667352.1	526	568	zf-CW	PF07496.21	7.5e-12
Ppat_XP_024372286.1	407	449	zf-CW	PF07496.21	3.8e-12
Ppat_XP_024372281.1	407	449	zf-CW	PF07496.21	3.8e-12
Ppat_XP_024372282.1	407	449	zf-CW	PF07496.21	3.8e-12
Ppat_XP_024372283.1	407	449	zf-CW	PF07496.21	3.8e-12
Ppat_XP_024372284.1	407	449	zf-CW	PF07496.21	3.8e-12
Ppat_XP_024395776.1	552	594	zf-CW	PF07496.21	9.7e-12
Ppat_XP_024395775.1	504	546	zf-CW	PF07496.21	9.8e-12
Ppat_XP_024395773.1	552	594	zf-CW	PF07496.21	9.9e-12
Hsap_XP_047274309.1	108	160	zf-CW	PF07496.21	1.2e-11
Hsap_XP_047274314.1	108	160	zf-CW	PF07496.21	1.2e-11
Hsap_XP_047274308.1	108	160	zf-CW	PF07496.21	1.2e-11
Ppat_XP_024395772.1	552	594	zf-CW	PF07496.21	9.9e-12
Ppat_XP_024395771.1	535	577	zf-CW	PF07496.21	1e-11
Ppat_XP_024384596.1	543	587	zf-CW	PF07496.21	1.1e-11
Ppat_XP_024395770.1	552	594	zf-CW	PF07496.21	1e-11
Tura_XP_048553983.1	916	959	zf-CW	PF07496.21	2.4e-11
Ppat_XP_024374471.1	73	123	zf-CW	PF07496.21	9.5e-12
Ppat_XP_024374472.1	73	123	zf-CW	PF07496.21	9.5e-12
Ppat_XP_024374473.1	73	123	zf-CW	PF07496.21	9.5e-12
Ppat_XP_024374474.1	73	123	zf-CW	PF07496.21	9.5e-12
Ppat_XP_024374475.1	73	123	zf-CW	PF07496.21	9.5e-12
Bnap_XP_048609918.1	536	577	zf-CW	PF07496.21	1.7e-11
Rchi_XP_024190991.1	557	599	zf-CW	PF07496.21	5e-12
Rchi_XP_040372269.1	557	599	zf-CW	PF07496.21	5.1e-12
Drer_NP_001307140.1	435	479	zf-CW	PF07496.21	2e-11
Rchi_XP_024190989.1	593	635	zf-CW	PF07496.21	5.3e-12
Rchi_XP_040372267.1	593	635	zf-CW	PF07496.21	5.3e-12
Rchi_XP_040372268.1	593	635	zf-CW	PF07496.21	5.3e-12
Bnap_XP_048609917.1	536	577	zf-CW	PF07496.21	1.8e-11
Mesc_XP_021595769.1	111	160	zf-CW	PF07496.21	1.2e-11
Hsap_XP_047274324.1	138	190	zf-CW	PF07496.21	5.8e-12
Tura_XP_048555843.1	716	758	zf-CW	PF07496.21	5.9e-12
Tura_XP_048555901.1	716	758	zf-CW	PF07496.21	5.9e-12
Tura_XP_048555842.1	722	764	zf-CW	PF07496.21	6e-12
Tura_XP_048555900.1	722	764	zf-CW	PF07496.21	6e-12
Qlob_XP_030926326.1	581	623	zf-CW	PF07496.21	6.7e-12
Qlob_XP_030926325.1	585	627	zf-CW	PF07496.21	6.7e-12
Qlob_XP_030926324.1	599	641	zf-CW	PF07496.21	6.8e-12
Qlob_XP_030926323.1	603	645	zf-CW	PF07496.21	6.9e-12
Mtru_XP_013459281.2	99	148	zf-CW	PF07496.21	1.2e-11
Qlob_XP_030926322.1	617	659	zf-CW	PF07496.21	7e-12
Qlob_XP_030926321.1	621	663	zf-CW	PF07496.21	7e-12
Sollyc_XP_069149789.1	579	621	zf-CW	PF07496.21	7.2e-12
Sollyc_XP_010316688.1	580	622	zf-CW	PF07496.21	7.2e-12
Sollyc_XP_010316687.1	595	637	zf-CW	PF07496.21	7.4e-12
Sollyc_XP_004232809.1	596	638	zf-CW	PF07496.21	7.4e-12
Bnap_XP_048630481.1	544	585	zf-CW	PF07496.21	3e-11
Bdis_XP_003578356.1	82	132	zf-CW	PF07496.21	1.4e-11
Bdis_XP_024318697.1	82	132	zf-CW	PF07496.21	1.3e-11
Bdis_XP_010238312.1	82	132	zf-CW	PF07496.21	1.4e-11
Bdis_XP_010238313.1	82	132	zf-CW	PF07496.21	1.4e-11
Cofcan_CDP06390.1	564	606	zf-CW	PF07496.21	8.6e-12
Mtru_XP_013460465.1	608	650	zf-CW	PF07496.21	2.3e-11
Mtru_XP_039687273.1	615	657	zf-CW	PF07496.21	2.3e-11
Cofcan_CDO99624.1	608	650	zf-CW	PF07496.21	8.8e-12
Ecur_TVU10088.1	79	129	zf-CW	PF07496.21	1.8e-11
Ppat_XP_024374476.1	73	123	zf-CW	PF07496.21	9.5e-12
Zmay_XP_020404172.1	715	757	zf-CW	PF07496.21	9.7e-12
Bnap_XP_013645345.1	66	116	zf-CW	PF07496.21	2.4e-11
Bnap_XP_013714973.2	66	116	zf-CW	PF07496.21	2.4e-11
Bnap_XP_013645340.1	66	116	zf-CW	PF07496.21	2.6e-11
Bnap_XP_013714972.2	66	116	zf-CW	PF07496.21	2.6e-11
Osat_XP_066167310.1	109	160	zf-CW	PF07496.21	2.8e-11
Avag_UJR28061.1	517	563	zf-CW	PF07496.21	4.1e-11
Qlob_XP_030963431.1	525	567	zf-CW	PF07496.21	1.8e-11
Psat_XP_050893488.1	555	597	zf-CW	PF07496.21	1.9e-11
Qlob_XP_030963423.1	579	621	zf-CW	PF07496.21	2e-11
Psat_XP_050893486.1	591	633	zf-CW	PF07496.21	2e-11
Qlob_XP_030963393.1	598	640	zf-CW	PF07496.21	2e-11
Qlob_XP_030963398.1	598	640	zf-CW	PF07496.21	2e-11
Qlob_XP_030963403.1	598	640	zf-CW	PF07496.21	2e-11
Qlob_XP_030963412.1	598	640	zf-CW	PF07496.21	2e-11
Ecur_TVU24534.1	102	152	zf-CW	PF07496.21	5e-11
Lsat_XP_023749907.1	558	600	zf-CW	PF07496.21	2e-11
Lsat_XP_023749906.1	564	606	zf-CW	PF07496.21	2e-11
Bnap_XP_013643593.2	545	586	zf-CW	PF07496.21	7.1e-11
Hsap_XP_047274313.1	138	199	zf-CW	PF07496.21	9e-11
Hsap_XP_016865934.1	138	199	zf-CW	PF07496.21	9e-11
Avag_UJR21385.1	245	290	zf-CW	PF07496.21	5.2e-11
Sman_XP_018649941.1	29	61	zf-CW	PF07496.21	2.3e-11
Ppat_XP_024390050.1	460	502	zf-CW	PF07496.21	7e-11
Ppat_XP_024390051.1	456	498	zf-CW	PF07496.21	6.9e-11
Ppat_XP_024390052.1	455	497	zf-CW	PF07496.21	6.9e-11
Ppat_XP_024390049.1	471	513	zf-CW	PF07496.21	7.1e-11
Ppat_XP_024390045.1	471	513	zf-CW	PF07496.21	7.1e-11
Ppat_XP_024390046.1	471	513	zf-CW	PF07496.21	7.1e-11
Ppat_XP_024390047.1	471	513	zf-CW	PF07496.21	7.1e-11
Zmay_XP_020396057.1	716	758	zf-CW	PF07496.21	2.8e-11
Hsap_XP_016865930.1	138	199	zf-CW	PF07496.21	1.1e-10
Hsap_XP_047274310.1	138	199	zf-CW	PF07496.21	1.1e-10
Zmay_XP_020396056.1	726	768	zf-CW	PF07496.21	2.8e-11
Hsap_XP_016865929.1	138	199	zf-CW	PF07496.21	1.1e-10
Hsap_XP_016865932.1	138	199	zf-CW	PF07496.21	1.1e-10
Ppat_XP_024388646.1	528	570	zf-CW	PF07496.21	8.5e-11
Ppat_XP_024388645.1	528	570	zf-CW	PF07496.21	8.6e-11
Cofcan_CDP12523.1	127	176	zf-CW	PF07496.21	3e-11
Zmay_NP_001146199.1	716	758	zf-CW	PF07496.21	3.1e-11
Zmay_XP_008651344.1	726	768	zf-CW	PF07496.21	3.2e-11
Bnap_XP_048636795.1	553	594	zf-CW	PF07496.21	1e-10
Hsap_XP_016865931.1	108	169	zf-CW	PF07496.21	1.1e-10
Avag_UJR21384.1	523	568	zf-CW	PF07496.21	8.1e-11
Ppat_XP_024380836.1	522	564	zf-CW	PF07496.21	1.1e-10
Ppat_XP_024380835.1	522	564	zf-CW	PF07496.21	1.1e-10
Atri_XP_006850953.1	152	201	zf-CW	PF07496.21	7.7e-11
Atri_XP_011625767.1	152	201	zf-CW	PF07496.21	7.7e-11
Rchi_XP_040362039.1	459	501	zf-CW	PF07496.21	8.3e-11
Bnap_XP_013741852.1	27	73	zf-CW	PF07496.21	6.6e-11
Cofcan_CDP04043.1	549	590	zf-CW	PF07496.21	1.4e-10
Atha_NP_974851.1	2	50	zf-CW	PF07496.21	4.3e-11
Ppat_XP_024380837.1	402	444	zf-CW	PF07496.21	9.2e-11
Smar_SMAR000742-PA	149	198	zf-CW	PF07496.21	1.7e-10
Atha_NP_567667.2	56	98	zf-CW	PF07496.21	8.2e-11
Lsat_XP_023771229.1	74	123	zf-CW	PF07496.21	5e-11
Osat_XP_015611936.1	80	130	zf-CW	PF07496.21	9.1e-11
Bnap_XP_013673519.2	27	73	zf-CW	PF07496.21	8.2e-11
Bnap_XP_048610267.1	541	582	zf-CW	PF07496.21	1.8e-10
Bnap_XP_048610268.1	539	580	zf-CW	PF07496.21	1.8e-10
Osat_XP_015639326.1	30	76	zf-CW	PF07496.21	1.2e-10
Lcom_lcpid63906|	94	137	zf-CW	PF07496.21	2.9e-10
Lcom_lcpid62131|	114	157	zf-CW	PF07496.21	3e-10
Smoe_XP_024529348.1	167	211	zf-CW	PF07496.21	2.3e-10
Mpol_BFI41274.1	35	80	zf-CW	PF07496.21	2.3e-10
Rchi_XP_024199558.1	572	614	zf-CW	PF07496.21	9.7e-11
Smoe_XP_024542391.1	511	552	zf-CW	PF07496.21	2.7e-10
Smoe_XP_024528329.1	510	551	zf-CW	PF07496.21	2.7e-10
Smoe_XP_024542390.1	514	555	zf-CW	PF07496.21	2.7e-10
Smoe_XP_024528328.1	513	554	zf-CW	PF07496.21	2.7e-10
Rchi_XP_024199557.1	586	628	zf-CW	PF07496.21	9.9e-11
Atri_XP_011622658.1	588	630	zf-CW	PF07496.21	1e-10
Atri_XP_006842484.2	589	631	zf-CW	PF07496.21	1e-10
Atri_XP_020521750.1	589	631	zf-CW	PF07496.21	1e-10
Lsat_XP_023749576.1	35	80	zf-CW	PF07496.21	1.9e-10
Cscu_XP_023231104.1	149	199	zf-CW	PF07496.21	2.8e-10
Smoe_XP_002971718.2	48	98	zf-CW	PF07496.21	2.4e-10
Bdis_XP_003563518.1	94	144	zf-CW	PF07496.21	2.5e-10
Hsap_XP_047274315.1	138	176	zf-CW	PF07496.21	5.3e-10
Hsap_XP_047274321.1	138	176	zf-CW	PF07496.21	5.3e-10
Hsap_XP_005248985.1	138	176	zf-CW	PF07496.21	5.3e-10
Bdis_XP_003568500.1	29	75	zf-CW	PF07496.21	2.3e-10
Mlei_ML095310a-PA	108	150	zf-CW	PF07496.21	3.5e-10
Rchi_XP_024165648.1	27	71	zf-CW	PF07496.21	2.4e-10
Hsap_XP_047274318.1	108	146	zf-CW	PF07496.21	5e-10
Hsap_XP_047274323.1	108	146	zf-CW	PF07496.21	5e-10
Hsap_XP_047274317.1	108	146	zf-CW	PF07496.21	5e-10
Zmay_NP_001349729.1	29	73	zf-CW	PF07496.21	2.6e-10
Mtru_XP_013459418.2	66	115	zf-CW	PF07496.21	3.2e-10
Mtru_XP_024634244.2	66	115	zf-CW	PF07496.21	3.2e-10
Mtru_XP_039688366.1	66	115	zf-CW	PF07496.21	3.2e-10
Smoe_XP_002991579.1	52	102	zf-CW	PF07496.21	3.1e-10
Psat_XP_050893487.1	555	598	zf-CW	PF07496.21	1.7e-10
Mtru_XP_024635143.1	66	115	zf-CW	PF07496.21	3.2e-10
Mtru_XP_024635144.1	66	115	zf-CW	PF07496.21	3.2e-10
Mtru_XP_024635145.1	66	115	zf-CW	PF07496.21	3.2e-10
Mtru_XP_039688238.1	66	115	zf-CW	PF07496.21	3.2e-10
Mtru_XP_039688239.1	66	115	zf-CW	PF07496.21	3.2e-10
Mtru_XP_039688240.1	66	115	zf-CW	PF07496.21	3.2e-10
Lana_XP_013400926.1	325	375	zf-CW	PF07496.21	4.7e-10
Psat_XP_050893485.1	591	634	zf-CW	PF07496.21	1.8e-10
Lcom_lcpid103910|	204	239	zf-CW	PF07496.21	4.6e-10
Atha_NP_191862.1	28	74	zf-CW	PF07496.21	3.1e-10
Lcom_lcpid102198|	204	239	zf-CW	PF07496.21	4.8e-10
Lcom_lcpid101537|	204	239	zf-CW	PF07496.21	4.9e-10
Lcom_lcpid101286|	204	239	zf-CW	PF07496.21	4.9e-10
Lcom_lcpid100533|	204	239	zf-CW	PF07496.21	5e-10
Smoe_XP_024520221.1	167	211	zf-CW	PF07496.21	2.3e-10
Tura_XP_048530805.1	81	131	zf-CW	PF07496.21	4.2e-10
Tura_XP_048530806.1	81	131	zf-CW	PF07496.21	4.2e-10
Atha_NP_850146.1	544	585	zf-CW	PF07496.21	8.6e-10
Qlob_XP_030948442.1	25	71	zf-CW	PF07496.21	4.5e-10
Bdis_XP_010235313.2	248	298	zf-CW	PF07496.21	3.2e-10
Rcul_nRc.2.0.1.t42350-RA	597	637	zf-CW	PF07496.21	3.4e-10
Ecur_TVU19323.1	29	75	zf-CW	PF07496.21	6.8e-10
Hsap_XP_016865935.1	138	199	zf-CW	PF07496.21	3.6e-10
Mpol_BFI42160.1	65	112	zf-CW	PF07496.21	7.1e-10
Mtru_XP_013455146.1	548	590	zf-CW	PF07496.21	4e-10
Mtru_XP_003605289.1	584	626	zf-CW	PF07496.21	4.2e-10
Sros_XP_004996239.1	729	773	zf-CW	PF07496.21	1e-09
Ppur_KAA8494256.1	475	521	zf-CW	PF07496.21	9.3e-10
Obim_XP_014789374.2	88	133	zf-CW	PF07496.21	1.5e-09
Mtru_XP_013469246.1	9	55	zf-CW	PF07496.21	7.7e-10
Obim_XP_052832916.1	88	133	zf-CW	PF07496.21	1.5e-09
Obim_XP_052832915.1	88	133	zf-CW	PF07496.21	1.5e-09
Ppat_XP_024389115.1	531	572	zf-CW	PF07496.21	4.9e-10
Ppat_XP_024389114.1	533	574	zf-CW	PF07496.21	4.9e-10
Ppat_XP_024389113.1	565	606	zf-CW	PF07496.21	5.1e-10
Mesc_XP_021612658.1	23	69	zf-CW	PF07496.21	8.4e-10
Ppat_XP_024389111.1	565	606	zf-CW	PF07496.21	5.2e-10
Ppat_XP_024389112.1	565	606	zf-CW	PF07496.21	5.2e-10
Mesc_XP_021612657.1	28	74	zf-CW	PF07496.21	8.8e-10
Mtru_XP_003591612.1	24	70	zf-CW	PF07496.21	9.1e-10
Ppat_XP_024372601.1	471	513	zf-CW	PF07496.21	1.2e-09
Ppat_XP_024372600.1	455	497	zf-CW	PF07496.21	1.2e-09
Wban_VDM07649.1	219	270	zf-CW	PF07496.21	1.8e-09
Ppat_XP_024372586.1	471	513	zf-CW	PF07496.21	1.3e-09
Ppat_XP_024372587.1	471	513	zf-CW	PF07496.21	1.3e-09
Ppat_XP_024372588.1	471	513	zf-CW	PF07496.21	1.3e-09
Ppat_XP_024372589.1	471	513	zf-CW	PF07496.21	1.3e-09
Ppat_XP_024372590.1	471	513	zf-CW	PF07496.21	1.3e-09
Ppat_XP_024372591.1	471	513	zf-CW	PF07496.21	1.3e-09
Ppat_XP_024372593.1	471	513	zf-CW	PF07496.21	1.3e-09
Ppat_XP_024372594.1	471	513	zf-CW	PF07496.21	1.3e-09
Ppat_XP_024372595.1	471	513	zf-CW	PF07496.21	1.3e-09
Ppat_XP_024372596.1	471	513	zf-CW	PF07496.21	1.3e-09
Ppat_XP_024372597.1	471	513	zf-CW	PF07496.21	1.3e-09
Ppat_XP_024372598.1	471	513	zf-CW	PF07496.21	1.3e-09
Ppat_XP_024372599.1	471	513	zf-CW	PF07496.21	1.3e-09
Bnap_XP_013670556.1	27	72	zf-CW	PF07496.21	9.6e-10
Cvir_XP_022322256.1	121	171	zf-CW	PF07496.21	1.6e-09
Mesc_XP_021623533.1	565	607	zf-CW	PF07496.21	5.9e-10
Mesc_XP_021623532.1	569	611	zf-CW	PF07496.21	6e-10
Mesc_XP_021623531.1	570	612	zf-CW	PF07496.21	6e-10
Bnap_XP_013712391.2	27	72	zf-CW	PF07496.21	9.9e-10
Mesc_XP_021623529.1	601	643	zf-CW	PF07496.21	6.2e-10
Mesc_XP_021623530.1	601	643	zf-CW	PF07496.21	6.2e-10
Mesc_XP_021623527.1	605	647	zf-CW	PF07496.21	6.2e-10
Osat_XP_015639327.2	2	49	zf-CW	PF07496.21	7.3e-10
Bnap_XP_013683259.2	541	582	zf-CW	PF07496.21	3e-09
Lpol_XP_022252437.1	266	314	zf-CW	PF07496.21	2.5e-09
Bdis_XP_024317711.1	68	116	zf-CW	PF07496.21	1.8e-09
Ecur_TVU24536.1	35	84	zf-CW	PF07496.21	1.6e-09
Bdis_XP_010235253.1	68	116	zf-CW	PF07496.21	2.2e-09
Mpol_BFI41482.1	554	599	zf-CW	PF07496.21	3.1e-09
Sollyc_XP_004242324.1	23	65	zf-CW	PF07496.21	2.8e-09
Obim_XP_014767604.1	135	187	zf-CW	PF07496.21	3.9e-09
Obim_XP_052822077.1	135	187	zf-CW	PF07496.21	3.9e-09
Obim_XP_052822078.1	135	187	zf-CW	PF07496.21	3.9e-09
Tura_XP_048543988.1	216	265	zf-CW	PF07496.21	3.4e-09
Tura_XP_048543994.1	216	265	zf-CW	PF07496.21	3.4e-09
Tura_XP_048544022.1	216	265	zf-CW	PF07496.21	3.4e-09
Mtru_XP_024634231.2	27	75	zf-CW	PF07496.21	3.5e-09
Mtru_XP_039688409.1	27	75	zf-CW	PF07496.21	3.5e-09
Hrob_XP_009012395.1	186	231	zf-CW	PF07496.21	5.9e-09
Ofus_CAH1773154.1	568	618	zf-CW	PF07496.21	6.7e-09
Cvir_XP_022339079.1	481	522	zf-CW	PF07496.21	5e-09
Crei_XP_042919955.1	145	182	zf-CW	PF07496.21	6.2e-09
Cint_XP_026695851.1	304	341	zf-CW	PF07496.21	1.4e-08
Cint_XP_026695857.1	304	341	zf-CW	PF07496.21	1.4e-08
Crei_XP_042919956.1	148	185	zf-CW	PF07496.21	6.3e-09
Zmay_NP_001105172.1	26	71	zf-CW	PF07496.21	7.2e-09
Psat_XP_050885396.1	28	74	zf-CW	PF07496.21	7.2e-09
Avit_KAL3989757.1	201	252	zf-CW	PF07496.21	1.6e-08
Avit_KAL3989758.1	198	249	zf-CW	PF07496.21	1.6e-08
Avit_KAL3989759.1	201	252	zf-CW	PF07496.21	1.6e-08
Smed_h1SMcT0002450.2	103	148	zf-CW	PF07496.21	1.3e-08
Smed_h1SMcT0002450.1	113	158	zf-CW	PF07496.21	1.3e-08
Aplcal_XP_035828739.1	114	169	zf-CW	PF07496.21	1.4e-08
Ecur_TVT97834.1	38	88	zf-CW	PF07496.21	7e-09
Lsig_VDK76248.1	257	307	zf-CW	PF07496.21	2.3e-08
Tura_XP_048539498.1	60	109	zf-CW	PF07496.21	1.1e-08
Asuu_AgR021X_g010_t03	86	138	zf-CW	PF07496.21	2.4e-08
Mtru_XP_024641392.1	22	68	zf-CW	PF07496.21	1.4e-08
Dimm_MCP9257004.1	150	201	zf-CW	PF07496.21	2.6e-08
Smed_h1SMcT0000145.2	147	188	zf-CW	PF07496.21	3e-08
Smed_h1SMcT0000145.1	147	188	zf-CW	PF07496.21	3e-08
Apla_XP_022088783.1	134	187	zf-CW	PF07496.21	1.4e-08
Apla_XP_022088784.1	134	187	zf-CW	PF07496.21	1.4e-08
Apla_XP_022088785.1	134	187	zf-CW	PF07496.21	1.4e-08
Apla_XP_022088786.1	134	187	zf-CW	PF07496.21	1.4e-08
Asuu_AgR026_g084_t05	96	148	zf-CW	PF07496.21	4.9e-08
Asuu_AgR026_g084_t06	97	149	zf-CW	PF07496.21	4.9e-08
Cbra_GBG83603.1	395	435	zf-CW	PF07496.21	3.1e-08
Cper_Nk52_evm25s2209	30	63	zf-CW	PF07496.21	2e-08
Lloa_XP_020301681.1	227	278	zf-CW	PF07496.21	7.3e-08
Asuu_AgR021X_g010_t01	230	282	zf-CW	PF07496.21	3.5e-08
Mtru_XP_013451496.1	22	68	zf-CW	PF07496.21	7.2e-08
Ecur_TVU02983.1	29	74	zf-CW	PF07496.21	6.3e-08
Ecur_TVU05938.1	29	74	zf-CW	PF07496.21	6.3e-08
Mpol_BFI43161.1	49	100	zf-CW	PF07496.21	9.9e-08
