Ggal_XP_046760603.1	115	317	DOT1	PF08123.19	4.8e-85
Ggal_XP_040509601.1	115	317	DOT1	PF08123.19	4.9e-85
Ggal_XP_040509600.1	115	317	DOT1	PF08123.19	5.4e-85
Ggal_XP_015155355.2	115	317	DOT1	PF08123.19	5.6e-85
Ggal_XP_015155354.2	115	317	DOT1	PF08123.19	5.9e-85
Ggal_XP_046760602.1	61	263	DOT1	PF08123.19	6.3e-85
Ggal_XP_015155352.2	115	317	DOT1	PF08123.19	6.4e-85
Ggal_XP_015155350.2	115	317	DOT1	PF08123.19	6.6e-85
Xtro_XP_012809749.1	115	317	DOT1	PF08123.19	5.7e-85
Hsap_XP_047295471.1	115	317	DOT1	PF08123.19	7.9e-85
Hsap_NP_115871.1	115	317	DOT1	PF08123.19	8.2e-85
Hsap_XP_047295470.1	45	247	DOT1	PF08123.19	9.2e-85
Hsap_XP_047295469.1	61	263	DOT1	PF08123.19	9.4e-85
Hsap_XP_011526661.1	115	317	DOT1	PF08123.19	9.4e-85
Hsap_NP_001398070.1	115	317	DOT1	PF08123.19	9.8e-85
Drer_XP_009294627.1	115	317	DOT1	PF08123.19	6.2e-83
Drer_XP_009294626.1	115	317	DOT1	PF08123.19	7.2e-83
Drer_XP_005170591.1	115	317	DOT1	PF08123.19	7.2e-83
Dmel_NP_649655.1	121	323	DOT1	PF08123.19	9.6e-81
Dmel_NP_731083.1	121	323	DOT1	PF08123.19	9.6e-81
Dmel_NP_731084.1	121	323	DOT1	PF08123.19	9.6e-81
Agrpla_XP_025834876.1	46	248	DOT1	PF08123.19	1.5e-80
Bmor_XP_062524624.1	116	318	DOT1	PF08123.19	8.6e-81
Dmel_NP_001262316.1	121	323	DOT1	PF08123.19	9.9e-81
Bmor_XP_037867232.1	116	318	DOT1	PF08123.19	8.7e-81
Bmor_XP_037867231.1	116	318	DOT1	PF08123.19	8.7e-81
Dmel_NP_731085.2	121	323	DOT1	PF08123.19	1.2e-80
Btab_XP_018912087.1	112	314	DOT1	PF08123.19	1.9e-80
Btab_XP_018912086.1	112	314	DOT1	PF08123.19	2e-80
Btab_XP_018912085.1	112	314	DOT1	PF08123.19	2.1e-80
Smar_SMAR014697-PA	111	313	DOT1	PF08123.19	1.9e-80
Apimel_XP_006562211.1	114	316	DOT1	PF08123.19	6e-80
Cele_NP_740808.2	151	356	DOT1	PF08123.19	9.9e-80
Lpol_XP_013773097.2	113	315	DOT1	PF08123.19	4.1e-79
Pvan_XP_069986739.1	121	323	DOT1	PF08123.19	2.3e-79
Skow_XP_006812611.1	112	314	DOT1	PF08123.19	2e-78
Apla_XP_022101663.1	122	324	DOT1	PF08123.19	3e-78
Apla_XP_022101662.1	121	323	DOT1	PF08123.19	3e-78
Apla_XP_022101661.1	122	324	DOT1	PF08123.19	3e-78
Apla_XP_022101664.1	122	324	DOT1	PF08123.19	3e-78
Cele_NP_001333541.1	105	309	DOT1	PF08123.19	2.4e-78
Lpol_XP_013775299.2	112	314	DOT1	PF08123.19	4.6e-78
Dpul_XP_046446473.1	116	318	DOT1	PF08123.19	6.5e-78
Dpul_XP_046446472.1	116	318	DOT1	PF08123.19	6.5e-78
Cvir_XP_022319555.1	112	314	DOT1	PF08123.19	9.3e-78
Lana_XP_023931965.1	113	314	DOT1	PF08123.19	3.7e-77
Obim_XP_052832292.1	109	311	DOT1	PF08123.19	1.3e-76
Obim_XP_052832291.1	109	311	DOT1	PF08123.19	1.3e-76
Obim_XP_052832290.1	109	311	DOT1	PF08123.19	1.3e-76
Obim_XP_052832289.1	109	311	DOT1	PF08123.19	1.3e-76
Obim_XP_052832288.1	109	311	DOT1	PF08123.19	1.4e-76
Obim_XP_052832287.1	109	311	DOT1	PF08123.19	1.4e-76
Obim_XP_052832286.1	109	311	DOT1	PF08123.19	1.4e-76
Obim_XP_052832285.1	109	311	DOT1	PF08123.19	1.4e-76
Obim_XP_052832284.1	109	311	DOT1	PF08123.19	1.4e-76
Obim_XP_052832283.1	109	311	DOT1	PF08123.19	1.4e-76
Obim_XP_052832282.1	109	311	DOT1	PF08123.19	1.4e-76
Lana_XP_023931967.1	113	315	DOT1	PF08123.19	1.3e-76
Lana_XP_023931966.1	113	315	DOT1	PF08123.19	1.8e-76
Lana_XP_023931964.1	113	315	DOT1	PF08123.19	1.9e-76
Spur_XP_030851811.1	112	314	DOT1	PF08123.19	9.2e-76
Spur_XP_030851810.1	112	314	DOT1	PF08123.19	9.2e-76
Spur_XP_030851809.1	112	314	DOT1	PF08123.19	9.3e-76
Cint_XP_018667611.1	119	321	DOT1	PF08123.19	1.9e-75
Cint_XP_026690273.1	119	321	DOT1	PF08123.19	1.9e-75
Blan_XP_066299109.1	118	320	DOT1	PF08123.19	2.8e-75
Blan_XP_066299108.1	118	320	DOT1	PF08123.19	2.8e-75
Blan_XP_066299107.1	118	320	DOT1	PF08123.19	2.9e-75
Blan_XP_066299106.1	118	320	DOT1	PF08123.19	2.9e-75
Blan_XP_066299105.1	118	320	DOT1	PF08123.19	3e-75
Blan_XP_066299104.1	112	314	DOT1	PF08123.19	3e-75
Blan_XP_066299102.1	118	320	DOT1	PF08123.19	3e-75
Blan_XP_066299101.1	118	320	DOT1	PF08123.19	3e-75
Hrob_XP_009019559.1	47	249	DOT1	PF08123.19	7.4e-75
Twil_T_wilhelma_c34301_g5_i2|m.60790	115	316	DOT1	PF08123.19	8.8e-74
Twil_T_wilhelma_c34301_g5_i1|m.60789	45	246	DOT1	PF08123.19	4.2e-73
Hrob_XP_009013536.1	132	334	DOT1	PF08123.19	5e-73
Rcul_nRc.2.0.1.t13741-RA	144	346	DOT1	PF08123.19	9.3e-73
Aplcal_XP_012945593.1	115	318	DOT1	PF08123.19	3.3e-72
Dpul_XP_046454653.1	119	320	DOT1	PF08123.19	3.2e-72
Dpul_XP_046454652.1	119	320	DOT1	PF08123.19	5.6e-72
Tadh_XP_002114016.1	70	254	DOT1	PF08123.19	2.7e-67
Aque_XP_019855114.1	122	323	DOT1	PF08123.19	2.8e-71
Sros_XP_004994761.1	304	506	DOT1	PF08123.19	3.8e-71
Pigvie_Pvie_g3434	116	318	DOT1	PF08123.19	6.4e-71
Smed_h1SMcT0012738.2	118	320	DOT1	PF08123.19	1.2e-70
Sarc_XP_014157573.1	55	254	DOT1	PF08123.19	1.4e-70
Scil_XP_065175757.1	120	322	DOT1	PF08123.19	1.7e-70
Sman_XP_018653121.1	117	319	DOT1	PF08123.19	3.2e-70
Lcom_lcpid38304|	122	324	DOT1	PF08123.19	6.9e-70
Avag_UJR15655.1	122	325	DOT1	PF08123.19	1.5e-69
Cfra_CFRG0510T1	122	321	DOT1	PF08123.19	2.8e-69
Smed_h1SMcT0012738.3	118	318	DOT1	PF08123.19	2.4e-68
Pgem_Unigene13758_Pirum_gemmata|m.8947	111	313	DOT1	PF08123.19	1.5e-68
Cper_Nk52_evm79s210	116	318	DOT1	PF08123.19	2.4e-68
Cscu_XP_023228759.1	84	268	DOT1	PF08123.19	1.4e-68
Avag_UJR30981.1	122	325	DOT1	PF08123.19	2.8e-68
Avag_UJR30980.1	122	325	DOT1	PF08123.19	3.2e-68
Lpol_XP_013788314.1	2	185	DOT1	PF08123.19	2.6e-67
Scar_TKR93592.1	143	348	DOT1	PF08123.19	1.7e-66
Gpal_Gpal_D383_g11319.t1	166	373	DOT1	PF08123.19	3.3e-65
Ever_VDD86284.1	173	378	DOT1	PF08123.19	4e-65
Sypmur_SMUV_0000301101-mRNA-1	180	385	DOT1	PF08123.19	6.2e-65
Psp.PS1159_PS1159_v2.g19897.t1	143	350	DOT1	PF08123.19	1.5e-64
Bxyl_CAG9085126.1	142	347	DOT1	PF08123.19	1.7e-64
Mlei_ML167041a-PA	161	364	DOT1	PF08123.19	6.1e-64
Cele_NP_509981.2	106	310	DOT1	PF08123.19	5.8e-64
Hcon_XGW21237.1	148	351	DOT1	PF08123.19	5.1e-64
Echgra_XP_024351501.1	5	207	DOT1	PF08123.19	7.1e-64
Acey_EYB93011.1	86	289	DOT1	PF08123.19	7.3e-64
Wban_VDM10019.1	67	271	DOT1	PF08123.19	6e-63
Tbri_KRY53224.1	143	346	DOT1	PF08123.19	7.5e-64
Acey_EYB93013.1	161	364	DOT1	PF08123.19	8.6e-64
Acey_EYB93012.1	208	411	DOT1	PF08123.19	9.4e-64
Tnat_KRZ58255.1	143	346	DOT1	PF08123.19	1.3e-63
Tnel_KRX22918.1	143	346	DOT1	PF08123.19	1.3e-63
Bmal_XP_042935966.1	162	366	DOT1	PF08123.19	7.1e-63
Clim_Clim_evm3s66	142	345	DOT1	PF08123.19	2.6e-63
Lsig_VDK75523.1	162	367	DOT1	PF08123.19	5e-63
Hcon_XGW21236.1	148	351	DOT1	PF08123.19	3.4e-63
Avit_KAL3997422.1	162	367	DOT1	PF08123.19	6.4e-63
Ovol_OVOC202	162	367	DOT1	PF08123.19	4.5e-63
Eela_EEL_0000189101-mRNA-1	162	367	DOT1	PF08123.19	5e-63
Pigchi_Pchi_g5941	11	195	DOT1	PF08123.19	8.9e-63
Lloa_XP_020306299.1	162	367	DOT1	PF08123.19	8.6e-63
Mhap_MhA1_Contig30.frz3.gene33	182	389	DOT1	PF08123.19	1.1e-62
Asuu_AgB08X_g065_t04	176	381	DOT1	PF08123.19	2.4e-62
Asuu_AgB08X_g065_t05	191	396	DOT1	PF08123.19	2.4e-62
Cele_NP_509997.1	138	341	DOT1	PF08123.19	6.4e-62
Ihof_Ihof_evm19s2	48	249	DOT1	PF08123.19	4.6e-61
Mbel_CAJ0915831.1	165	372	DOT1	PF08123.19	6.2e-61
Mbel_CAJ0944142.1	165	372	DOT1	PF08123.19	6.2e-61
Srat_XP_024505039.1	141	345	DOT1	PF08123.19	4.6e-61
Diplco_DCO_003788	175	379	DOT1	PF08123.19	4.5e-60
Plae_KAI0984446.1	141	339	DOT1	PF08123.19	7.4e-60
Plae_KAI0984445.1	141	339	DOT1	PF08123.19	7.3e-60
Trimur_TMUE_2000009651	124	324	DOT1	PF08123.19	4.7e-60
Diplco_DCO_003787	178	382	DOT1	PF08123.19	7.8e-60
Mjap_MIJAPON000001499.t1	213	419	DOT1	PF08123.19	8.2e-60
Scar_TMS32372.1	115	318	DOT1	PF08123.19	1.2e-58
Scar_TMS32371.1	115	318	DOT1	PF08123.19	1.4e-58
Otip_Oti_1128_t	168	371	DOT1	PF08123.19	1.4e-57
Cele_NP_508351.2	150	349	DOT1	PF08123.19	1.8e-56
Rvar_GAU98496.1	127	324	DOT1	PF08123.19	5.8e-56
Sbat_VDP06124.1	114	255	DOT1	PF08123.19	4.7e-51
Priarc_PARCANUS000004774.t1	168	388	DOT1	PF08123.19	3.6e-54
Hduj_OWA53375.1	132	328	DOT1	PF08123.19	5.2e-54
Mbre_XP_001749694.1	229	415	DOT1	PF08123.19	6.1e-50
Ddip_jg19080.1	474	663	DOT1	PF08123.19	1.6e-49
Ddip_jg19080.2	474	663	DOT1	PF08123.19	1.6e-49
Cowc_XP_004346347.2	166	242	DOT1	PF08123.19	5.3e-25
Cowc_XP_004346347.2	244	348	DOT1	PF08123.19	1.7e-22
Plae_KAI0989522.1	128	327	DOT1	PF08123.19	1.1e-46
Tspi_XP_003369786.1	143	281	DOT1	PF08123.19	2.2e-45
Ttri_CDW56938.1	25	212	DOT1	PF08123.19	8.3e-40
Dimm_MCP9264205.1	162	300	DOT1	PF08123.19	4.8e-36
Scar_TKR64083.1	2	143	DOT1	PF08123.19	4.7e-39
Cscu_XP_023230275.1	4	119	DOT1	PF08123.19	1.4e-37
Tsui_KHJ41592.1	31	112	DOT1	PF08123.19	1.5e-23
Tsui_KHJ41592.1	134	202	DOT1	PF08123.19	6.1e-14
Ever_VDD94378.1	92	183	DOT1	PF08123.19	2.1e-24
Ever_VDD94378.1	311	366	DOT1	PF08123.19	1.7e-12
Emue_Em0011g155a	3	120	DOT1	PF08123.19	1.3e-36
Cscu_XP_023240914.1	112	194	DOT1	PF08123.19	1.4e-34
Awhi_Unigene38120_Abeoforma_whisleri|m.24756	110	215	DOT1	PF08123.19	2.2e-33
Awhi_Unigene8417_Abeoforma_whisleri|m.5602	3	89	DOT1	PF08123.19	5.4e-29
Otip_Oti_7834_t	145	289	DOT1	PF08123.19	2.6e-27
Mjap_MIJAPON000009722.t1	75	273	DOT1	PF08123.19	1.1e-26
Hpol_VDP50912.1	5	91	DOT1	PF08123.19	1.2e-26
Cele_NP_509963.2	57	149	DOT1	PF08123.19	2.5e-24
Priarc_PARCANUS000030605.t1	155	384	DOT1	PF08123.19	2.3e-20
Hpol_VDP52183.1	48	118	DOT1	PF08123.19	3.6e-20
Xtro_XP_017952487.1	1	58	DOT1	PF08123.19	1.2e-18
Sros_XP_004994956.1	152	290	DOT1	PF08123.19	9.6e-18
Sros_XP_004992136.1	37	178	DOT1	PF08123.19	1.4e-17
Ofus_CAH1775692.1	2	60	DOT1	PF08123.19	1.4e-16
Srat_XP_024506863.1	171	326	DOT1	PF08123.19	1e-15
Crei_XP_001692452.2	183	241	DOT1	PF08123.19	1.5e-14
Sarc_XP_014151376.1	3	116	DOT1	PF08123.19	1.5e-14
Ihof_Ihof_evm11s104	46	145	DOT1	PF08123.19	2.2e-13
Lcom_lcpid147978|	43	171	DOT1	PF08123.19	2.9e-13
Mpol_BFI34163.1	302	421	DOT1	PF08123.19	1.6e-11
Mbre_XP_001743921.1	44	189	DOT1	PF08123.19	7.7e-12
Otau_XP_022838949.1	159	211	DOT1	PF08123.19	4.6e-10
Cper_Nk52_evm73s2118	48	191	DOT1	PF08123.19	3e-09
Ofus_CAH1773376.1	68	136	DOT1	PF08123.19	1.1e-08
Cowc_XP_004349806.1	86	136	DOT1	PF08123.19	1.9e-08
Otip_Oti_11112_t	211	297	DOT1	PF08123.19	4.3e-08
Mlei_ML050817a-PA	53	155	DOT1	PF08123.19	3.8e-07
Lcom_lcpid182788|	3	83	DOT1	PF08123.19	1e-07
Lana_XP_013413841.1	68	135	DOT1	PF08123.19	9.7e-08
Otau_XP_022838705.1	112	221	DOT1	PF08123.19	5.5e-07
Pgem_Unigene39056_Pirum_gemmata|m.24169	131	180	DOT1	PF08123.19	2.1e-07
Bmor_XP_012547646.1	108	242	DOT1	PF08123.19	2.4e-07
Lcom_lcpid204575|	41	98	DOT1	PF08123.19	1.9e-07
Bmor_XP_012547644.1	155	289	DOT1	PF08123.19	3.5e-07
Bmor_XP_062529641.1	155	289	DOT1	PF08123.19	3.5e-07
Pgem_Unigene39055_Pirum_gemmata|m.24168	131	180	DOT1	PF08123.19	4.6e-07
Mlei_ML050819a-PA	54	156	DOT1	PF08123.19	3.2e-07
Cvir_XP_022312866.1	68	146	DOT1	PF08123.19	5.8e-07
Agrpla_XP_018320377.1	104	207	DOT1	PF08123.19	4.9e-07
Pgem_Unigene40633_Pirum_gemmata|m.25218	46	108	DOT1	PF08123.19	4.9e-07
Otau_XP_003080919.1	43	105	DOT1	PF08123.19	5e-07
