Awhi_Unigene17470_Abeoforma_whisleri|m.11291	9	466	Aconitase	PF00330.25	2.6e-184
Ihof_Ihof_evm9s213	18	472	Aconitase	PF00330.25	8.2e-184
Otau_XP_022838506.1	39	494	Aconitase	PF00330.25	3.5e-183
Sarc_XP_014156187.1	7	464	Aconitase	PF00330.25	1.7e-181
Cfra_CFRG4361T1	11	468	Aconitase	PF00330.25	4.9e-180
Pgem_Unigene34322_Pirum_gemmata|m.20969	13	473	Aconitase	PF00330.25	9.1e-179
Atha_NP_567763.2	162	665	Aconitase	PF00330.25	4.8e-172
Bnap_XP_013725706.1	162	665	Aconitase	PF00330.25	5.7e-172
Ppat_XP_024384493.1	69	570	Aconitase	PF00330.25	7.6e-172
Bnap_XP_013710583.2	162	665	Aconitase	PF00330.25	1.2e-171
Atha_NP_195308.1	65	568	Aconitase	PF00330.25	4.2e-171
Bnap_XP_013701636.1	65	568	Aconitase	PF00330.25	4.4e-171
Bnap_XP_048607213.1	65	568	Aconitase	PF00330.25	4.4e-171
Bnap_XP_013656477.2	65	568	Aconitase	PF00330.25	4.8e-171
Bnap_XP_013647124.2	65	568	Aconitase	PF00330.25	5.7e-171
Bnap_XP_013642213.1	65	568	Aconitase	PF00330.25	5.9e-171
Blan_XP_066270724.1	71	568	Aconitase	PF00330.25	6.5e-171
Lsat_XP_023764263.1	155	658	Aconitase	PF00330.25	7e-171
Mpol_BFI42235.1	206	709	Aconitase	PF00330.25	8.4e-171
Osat_NP_001411242.1	158	661	Aconitase	PF00330.25	2.2e-170
Ppat_XP_024396605.1	194	697	Aconitase	PF00330.25	2.9e-170
Ppat_XP_024396546.1	170	673	Aconitase	PF00330.25	2.9e-170
Zmay_NP_001304293.1	152	655	Aconitase	PF00330.25	3.2e-170
Zmay_XP_020406904.1	152	655	Aconitase	PF00330.25	3.2e-170
Sollyc_XP_004251517.2	148	651	Aconitase	PF00330.25	4.3e-170
Zmay_NP_001348326.1	153	656	Aconitase	PF00330.25	4.7e-170
Smoe_XP_024520532.1	160	663	Aconitase	PF00330.25	4.9e-170
Mesc_XP_021604954.1	65	568	Aconitase	PF00330.25	4.9e-170
Mesc_XP_021604953.1	65	568	Aconitase	PF00330.25	5e-170
Smoe_XP_024521182.1	159	662	Aconitase	PF00330.25	5.8e-170
Mesc_XP_021607412.1	172	675	Aconitase	PF00330.25	5.7e-170
Zmay_NP_001348335.1	156	659	Aconitase	PF00330.25	6.8e-170
Qlob_XP_030931329.1	156	659	Aconitase	PF00330.25	6.5e-170
Lsat_XP_052621292.1	66	569	Aconitase	PF00330.25	7.2e-170
Qlob_XP_030928288.1	164	667	Aconitase	PF00330.25	7.6e-170
Ppat_XP_024370464.1	6	509	Aconitase	PF00330.25	8.3e-170
Cofcan_CDP10817.1	177	680	Aconitase	PF00330.25	9.1e-170
Lsat_XP_052621291.1	158	661	Aconitase	PF00330.25	9.3e-170
Mesc_XP_021629493.1	171	673	Aconitase	PF00330.25	1.2e-169
Ppat_XP_024370454.1	161	664	Aconitase	PF00330.25	1.3e-169
Dpul_XP_046439366.1	66	571	Aconitase	PF00330.25	1.3e-169
Dpul_XP_046439367.1	66	571	Aconitase	PF00330.25	1.3e-169
Atri_XP_006828850.1	142	645	Aconitase	PF00330.25	1.3e-169
Mtru_XP_003605929.1	146	649	Aconitase	PF00330.25	1.4e-169
Bdis_XP_003558862.1	160	663	Aconitase	PF00330.25	1.8e-169
Psat_XP_050906433.1	67	569	Aconitase	PF00330.25	2.4e-169
Mtru_XP_003612247.1	66	569	Aconitase	PF00330.25	2.7e-169
Drer_XP_005172430.1	61	564	Aconitase	PF00330.25	2.8e-169
Drer_NP_001030155.1	61	564	Aconitase	PF00330.25	2.8e-169
Mtru_XP_003596988.1	146	649	Aconitase	PF00330.25	4.4e-169
Tura_XP_048551574.1	140	643	Aconitase	PF00330.25	5.4e-169
Bnap_XP_013699256.1	153	656	Aconitase	PF00330.25	5.8e-169
Psat_XP_050894515.1	141	644	Aconitase	PF00330.25	5.9e-169
Bdis_XP_003573387.2	152	655	Aconitase	PF00330.25	6.2e-169
Atha_NP_178634.2	157	660	Aconitase	PF00330.25	6.4e-169
Osat_XP_015631409.1	153	656	Aconitase	PF00330.25	7.2e-169
Bnap_XP_048638136.1	158	661	Aconitase	PF00330.25	7.2e-169
Bnap_XP_048632580.1	162	665	Aconitase	PF00330.25	7.2e-169
Bnap_XP_013685131.2	162	665	Aconitase	PF00330.25	7.6e-169
Mesc_XP_021632575.1	169	671	Aconitase	PF00330.25	1.2e-168
Cofcan_CDP05740.1	179	681	Aconitase	PF00330.25	1.3e-168
Sollyc_XP_004243472.1	163	665	Aconitase	PF00330.25	1.7e-168
Xtro_NP_001135643.1	62	564	Aconitase	PF00330.25	1.8e-168
Xtro_XP_012812984.1	86	588	Aconitase	PF00330.25	1.9e-168
Psat_XP_050883491.1	146	649	Aconitase	PF00330.25	2e-168
Hsap_NP_001265281.1	63	564	Aconitase	PF00330.25	3.3e-168
Hsap_NP_001349769.1	63	564	Aconitase	PF00330.25	3.3e-168
Hsap_NP_002188.1	63	564	Aconitase	PF00330.25	3.3e-168
Hsap_XP_047279386.1	71	572	Aconitase	PF00330.25	3.4e-168
Rchi_XP_024180236.1	157	660	Aconitase	PF00330.25	4.5e-168
Twil_T_wilhelma_c32052_g1_i3|m.45467	68	566	Aconitase	PF00330.25	5.3e-168
Twil_T_wilhelma_c32052_g1_i6|m.45470	72	570	Aconitase	PF00330.25	5.3e-168
Twil_T_wilhelma_c32052_g1_i5|m.45469	72	570	Aconitase	PF00330.25	5.3e-168
Cscu_XP_023231903.1	71	571	Aconitase	PF00330.25	6.3e-168
Ttri_CDW58991.1	8	450	Aconitase	PF00330.25	6.8e-168
Tadh_XP_002111662.1	66	564	Aconitase	PF00330.25	7.6e-168
Atri_XP_011620315.1	161	664	Aconitase	PF00330.25	1.1e-167
Rchi_XP_024180167.1	65	568	Aconitase	PF00330.25	1.2e-167
Smoe_XP_024537611.1	129	618	Aconitase	PF00330.25	1.3e-167
Smoe_XP_024541241.1	129	618	Aconitase	PF00330.25	1.3e-167
Blan_XP_066270723.1	71	135	Aconitase	PF00330.25	2.4e-14
Blan_XP_066270723.1	196	631	Aconitase	PF00330.25	2.5e-152
Apimel_XP_392993.2	67	566	Aconitase	PF00330.25	2.3e-167
Cele_NP_509898.1	61	563	Aconitase	PF00330.25	2.5e-167
Mjap_MIJAPON000007280.t1	66	565	Aconitase	PF00330.25	3.3e-167
Ggal_NP_001025707.2	62	564	Aconitase	PF00330.25	4.2e-167
Ggal_XP_046761130.1	62	564	Aconitase	PF00330.25	4.2e-167
Ggal_XP_040511258.1	89	591	Aconitase	PF00330.25	4.5e-167
Pvan_XP_069987820.1	70	570	Aconitase	PF00330.25	5.5e-167
Ofus_CAH1788947.1	64	565	Aconitase	PF00330.25	5.8e-167
Apla_XP_022100490.1	72	570	Aconitase	PF00330.25	5.8e-167
Hduj_OQV16195.1	67	569	Aconitase	PF00330.25	7.8e-167
Psp.PS1159_PS1159_v2.g11315.t1	64	563	Aconitase	PF00330.25	1.1e-166
Cvir_XP_022311954.1	71	569	Aconitase	PF00330.25	1.1e-166
Qlob_XP_030974386.1	66	568	Aconitase	PF00330.25	1.1e-166
Cvir_XP_022311891.1	71	569	Aconitase	PF00330.25	1.1e-166
Cint_XP_002126781.1	70	568	Aconitase	PF00330.25	1.5e-166
Dmel_NP_524303.2	74	574	Aconitase	PF00330.25	1.6e-166
Dpul_XP_046439365.1	66	146	Aconitase	PF00330.25	1.1e-14
Dpul_XP_046439365.1	302	744	Aconitase	PF00330.25	5.9e-151
Otip_Oti_12171_t	2008	2507	Aconitase	PF00330.25	3.7e-166
Diplco_DCO_001094	568	1067	Aconitase	PF00330.25	3.4e-166
Dpul_XP_046441860.1	70	573	Aconitase	PF00330.25	3.3e-166
Rvar_GAV01463.1	65	569	Aconitase	PF00330.25	4.1e-166
Lpol_XP_013787464.1	71	571	Aconitase	PF00330.25	6.1e-166
Lana_XP_013409790.1	71	569	Aconitase	PF00330.25	9e-166
Lana_XP_013409791.1	71	569	Aconitase	PF00330.25	9e-166
Twil_T_wilhelma_c32052_g1_i4|m.45468	72	574	Aconitase	PF00330.25	1e-165
Diplco_DCO_001095	64	563	Aconitase	PF00330.25	1.1e-165
Twil_T_wilhelma_c32052_g1_i1|m.45466	68	570	Aconitase	PF00330.25	1.4e-165
Spur_XP_030855987.1	71	569	Aconitase	PF00330.25	2.1e-165
Mbel_CAJ0914145.1	64	563	Aconitase	PF00330.25	2.8e-165
Mbel_CAJ0962464.1	64	563	Aconitase	PF00330.25	2.8e-165
Smar_SMAR007092-PA	67	570	Aconitase	PF00330.25	3.1e-165
Aque_XP_011404037.2	68	564	Aconitase	PF00330.25	5.8e-165
Ecur_TVU48452.1	156	329	Aconitase	PF00330.25	1.7e-52
Ecur_TVU48452.1	348	681	Aconitase	PF00330.25	2.2e-111
Lsat_XP_023754165.1	70	568	Aconitase	PF00330.25	1.4e-164
Lsat_XP_023754166.1	70	563	Aconitase	PF00330.25	1.4e-164
Cscu_XP_023231895.1	71	138	Aconitase	PF00330.25	7.3e-14
Cscu_XP_023231895.1	250	683	Aconitase	PF00330.25	8.8e-150
Btab_XP_018896839.1	69	566	Aconitase	PF00330.25	2.1e-164
Tura_XP_048542480.1	70	572	Aconitase	PF00330.25	2.3e-164
Dmel_NP_477371.1	69	577	Aconitase	PF00330.25	3.5e-164
Aplcal_XP_012940716.1	70	134	Aconitase	PF00330.25	2.7e-14
Aplcal_XP_012940716.1	362	819	Aconitase	PF00330.25	5.4e-149
Angcan_KAE9413401.1	64	562	Aconitase	PF00330.25	5.1e-164
Zmay_XP_008670445.1	156	647	Aconitase	PF00330.25	5.4e-164
Bxyl_CAG9109657.1	64	564	Aconitase	PF00330.25	7.9e-164
Cvir_XP_022311955.1	71	136	Aconitase	PF00330.25	1e-14
Cvir_XP_022311955.1	177	618	Aconitase	PF00330.25	2.3e-148
Ofus_CAH1788946.1	64	140	Aconitase	PF00330.25	3.7e-15
Ofus_CAH1788946.1	192	622	Aconitase	PF00330.25	7.2e-148
Hpol_VDO67948.1	64	563	Aconitase	PF00330.25	1.2e-163
Apla_XP_022100488.1	63	126	Aconitase	PF00330.25	1.4e-14
Apla_XP_022100488.1	170	611	Aconitase	PF00330.25	2.7e-148
Apla_XP_022100487.1	72	135	Aconitase	PF00330.25	1.4e-14
Apla_XP_022100487.1	179	620	Aconitase	PF00330.25	2.8e-148
Ecur_TVU38889.1	140	654	Aconitase	PF00330.25	2.8e-163
Priarc_PARCANUS000023650.t1	67	566	Aconitase	PF00330.25	1.5e-163
Cvir_XP_022311953.1	71	136	Aconitase	PF00330.25	1.3e-14
Cvir_XP_022311953.1	177	618	Aconitase	PF00330.25	3.6e-148
Cvir_XP_022311890.1	71	136	Aconitase	PF00330.25	1.3e-14
Cvir_XP_022311890.1	177	618	Aconitase	PF00330.25	3.7e-148
Zmay_XP_008670444.1	156	649	Aconitase	PF00330.25	2.2e-163
Pvan_XP_069987819.1	70	136	Aconitase	PF00330.25	3.4e-14
Pvan_XP_069987819.1	430	867	Aconitase	PF00330.25	4.3e-148
Lana_XP_013409788.1	71	136	Aconitase	PF00330.25	3e-15
Lana_XP_013409788.1	179	620	Aconitase	PF00330.25	1.6e-146
Lana_XP_013409789.1	71	136	Aconitase	PF00330.25	3e-15
Lana_XP_013409789.1	179	620	Aconitase	PF00330.25	1.6e-146
Spur_XP_030855986.1	71	147	Aconitase	PF00330.25	2e-15
Spur_XP_030855986.1	187	625	Aconitase	PF00330.25	3.6e-146
Asuu_AgB15X_g025_t01	66	565	Aconitase	PF00330.25	7.5e-162
Bmor_XP_004922163.1	68	568	Aconitase	PF00330.25	1.2e-161
Bmor_XP_062526877.1	70	570	Aconitase	PF00330.25	1.2e-161
Ever_VDD93736.1	81	583	Aconitase	PF00330.25	4.1e-160
Obim_XP_052830569.1	74	576	Aconitase	PF00330.25	4.9e-160
Atha_NP_001119125.1	1	465	Aconitase	PF00330.25	8.6e-160
Mesc_XP_021607414.1	1	465	Aconitase	PF00330.25	1.1e-158
Mesc_XP_043810535.1	1	465	Aconitase	PF00330.25	1.1e-158
Sypmur_SMUV_0000872101-mRNA-1	38	537	Aconitase	PF00330.25	5.5e-158
Hrob_XP_009030486.1	72	364	Aconitase	PF00330.25	1.2e-97
Hrob_XP_009030486.1	389	597	Aconitase	PF00330.25	2e-59
Srat_XP_024503821.1	64	563	Aconitase	PF00330.25	1.6e-157
Tura_XP_048551253.1	1	465	Aconitase	PF00330.25	2.1e-157
Twil_T_wilhelma_c32052_g1_i8|m.45472	1	465	Aconitase	PF00330.25	8.2e-157
Obim_XP_052830568.1	71	604	Aconitase	PF00330.25	1.7e-156
Obim_XP_052830567.1	74	607	Aconitase	PF00330.25	1.7e-156
Bmor_XP_012548118.1	9	487	Aconitase	PF00330.25	3.1e-156
Tura_XP_048563022.1	130	620	Aconitase	PF00330.25	6e-155
Tura_XP_048563021.1	187	677	Aconitase	PF00330.25	7e-155
Tura_XP_048563025.1	191	681	Aconitase	PF00330.25	7.1e-155
Tura_XP_048563020.1	238	728	Aconitase	PF00330.25	7.9e-155
Twil_T_wilhelma_c32052_g1_i7|m.45471	1	469	Aconitase	PF00330.25	1.1e-154
Lsat_XP_042755182.1	1	465	Aconitase	PF00330.25	2.4e-154
Zmay_XP_008669747.1	70	573	Aconitase	PF00330.25	4.2e-153
Zmay_XP_008669746.1	140	643	Aconitase	PF00330.25	5.1e-153
Zmay_XP_020400623.1	69	572	Aconitase	PF00330.25	5.5e-153
Zmay_NP_001345302.1	69	572	Aconitase	PF00330.25	5.7e-153
Zmay_NP_001147431.1	69	572	Aconitase	PF00330.25	5.9e-153
Ddip_jg13935	65	565	Aconitase	PF00330.25	5.3e-152
Tura_XP_048563023.1	2	479	Aconitase	PF00330.25	9.3e-152
Zmay_XP_020403985.1	2	479	Aconitase	PF00330.25	2.4e-149
Mjap_MIJAPON000004973.t1	66	502	Aconitase	PF00330.25	2.9e-149
Zmay_XP_020400624.1	2	479	Aconitase	PF00330.25	3.1e-149
Zmay_XP_035818926.1	2	479	Aconitase	PF00330.25	3.4e-149
Ecur_TVU17240.1	117	520	Aconitase	PF00330.25	3.8e-117
Ecur_TVU17240.1	546	653	Aconitase	PF00330.25	4.6e-31
Tadh_XP_002109178.1	34	470	Aconitase	PF00330.25	1.6e-148
Apimel_XP_006560252.1	68	505	Aconitase	PF00330.25	2.2e-148
Apimel_XP_391994.1	72	509	Aconitase	PF00330.25	2.3e-148
Btab_XP_018917868.1	73	509	Aconitase	PF00330.25	2.5e-148
Acey_EYB89910.1	34	470	Aconitase	PF00330.25	3.7e-148
Acey_EYB89912.1	41	477	Aconitase	PF00330.25	3.8e-148
Acey_EYB89911.1	51	487	Aconitase	PF00330.25	3.9e-148
Skow_NP_001171859.1	70	506	Aconitase	PF00330.25	4.4e-148
Priarc_PARCANUS000014122.t1	63	499	Aconitase	PF00330.25	4.2e-148
Osat_XP_015642290.1	2	479	Aconitase	PF00330.25	1.3e-147
Otip_Oti_2301_t	62	498	Aconitase	PF00330.25	1.6e-147
Hcon_XGW15696.1	63	499	Aconitase	PF00330.25	1.8e-147
Srat_XP_024507030.1	64	500	Aconitase	PF00330.25	2.1e-147
Bmal_XP_001892954.2	66	499	Aconitase	PF00330.25	3.4e-147
Asuu_AgB04_g201_t01	68	504	Aconitase	PF00330.25	3.5e-147
Asuu_AgB04_g201_t05	68	504	Aconitase	PF00330.25	3.5e-147
Asuu_AgB04_g201_t10	79	515	Aconitase	PF00330.25	3.7e-147
Wban_VDM11305.1	66	499	Aconitase	PF00330.25	4e-147
Agrpla_XP_018326262.1	75	512	Aconitase	PF00330.25	4.1e-147
Asuu_AgB04_g201_t02	68	504	Aconitase	PF00330.25	4.2e-147
Asuu_AgB04_g201_t03	68	504	Aconitase	PF00330.25	4.2e-147
Asuu_AgB04_g201_t04	68	504	Aconitase	PF00330.25	4.2e-147
Asuu_AgB04_g201_t06	68	504	Aconitase	PF00330.25	4.2e-147
Asuu_AgB04_g201_t07	68	504	Aconitase	PF00330.25	4.2e-147
Asuu_AgB04_g201_t08	68	504	Aconitase	PF00330.25	4.2e-147
Asuu_AgB04_g201_t09	68	504	Aconitase	PF00330.25	4.2e-147
Asuu_AgB04_g201_t11	79	515	Aconitase	PF00330.25	4.4e-147
Asuu_AgB04_g201_t12	79	515	Aconitase	PF00330.25	4.4e-147
Asuu_AgB04_g201_t13	79	515	Aconitase	PF00330.25	4.4e-147
Asuu_AgB04_g201_t14	79	515	Aconitase	PF00330.25	4.4e-147
Pgem_Unigene13217_Pirum_gemmata|m.8544	59	494	Aconitase	PF00330.25	6e-147
Ihof_Ihof_evm6s131	56	492	Aconitase	PF00330.25	1.4e-146
Crei_XP_001689702.2	98	544	Aconitase	PF00330.25	1.7e-146
Cele_NP_741235.1	64	500	Aconitase	PF00330.25	2.9e-146
Mbel_CAJ0941499.1	61	496	Aconitase	PF00330.25	3e-146
Scil_XP_065187148.1	60	497	Aconitase	PF00330.25	3.1e-146
Diplco_DCO_005250	63	499	Aconitase	PF00330.25	3.4e-146
Ovol_OVOC272	66	502	Aconitase	PF00330.25	3.8e-146
Diplco_DCO_005249	63	499	Aconitase	PF00330.25	4.3e-146
Aplcal_XP_012940046.1	70	506	Aconitase	PF00330.25	5.7e-146
Eela_EEL_0000677001-mRNA-1	65	501	Aconitase	PF00330.25	6e-146
Angcan_KAE9417039.1	61	497	Aconitase	PF00330.25	6.7e-146
Ccri_XP_005710760.1	61	496	Aconitase	PF00330.25	7.7e-146
Avag_UJR23065.1	79	516	Aconitase	PF00330.25	9.8e-146
Ppur_KAA8496850.1	84	521	Aconitase	PF00330.25	9.1e-146
Cscu_XP_023238692.1	72	508	Aconitase	PF00330.25	9.7e-146
Scar_TMS36904.1	62	498	Aconitase	PF00330.25	1e-145
Avag_UJR25839.1	81	518	Aconitase	PF00330.25	1.4e-145
Pvan_XP_027218300.2	87	523	Aconitase	PF00330.25	1.4e-145
Psp.PS1159_PS1159_v2.g18069.t1	62	498	Aconitase	PF00330.25	1.2e-145
Lloa_XP_020307046.1	66	499	Aconitase	PF00330.25	1.5e-145
Avit_KAL3997580.1	65	498	Aconitase	PF00330.25	1.8e-145
Pgem_Unigene8028_Pirum_gemmata|m.5014	60	496	Aconitase	PF00330.25	2.2e-145
Clim_Clim_evm13s62	67	503	Aconitase	PF00330.25	2.8e-145
Sypmur_SMUV_0000526801-mRNA-1	65	501	Aconitase	PF00330.25	3.9e-145
Bmor_XP_004932565.2	73	509	Aconitase	PF00330.25	4.9e-145
Cowc_XP_004347917.2	56	492	Aconitase	PF00330.25	5.2e-145
Hsap_NP_001089.1	67	503	Aconitase	PF00330.25	6e-145
Blan_XP_066292293.1	70	506	Aconitase	PF00330.25	6.4e-145
Sman_XP_018653284.1	55	471	Aconitase	PF00330.25	6.9e-145
Ever_VDD87455.1	80	524	Aconitase	PF00330.25	7.2e-145
Lcom_lcpid44081|	60	496	Aconitase	PF00330.25	1e-144
Tspi_XP_003376041.1	58	494	Aconitase	PF00330.25	1e-144
Emue_Em0020g30a	44	480	Aconitase	PF00330.25	2.3e-144
Ggal_NP_989519.2	69	505	Aconitase	PF00330.25	1.6e-144
Ggal_NP_001026625.2	71	132	Aconitase	PF00330.25	4.4e-13
Ggal_NP_001026625.2	214	641	Aconitase	PF00330.25	1.1e-130
Aque_XP_019850428.1	63	499	Aconitase	PF00330.25	2.2e-144
Cvir_XP_022318815.1	68	504	Aconitase	PF00330.25	2.6e-144
Tnat_KRZ60153.1	58	494	Aconitase	PF00330.25	2.1e-144
Drer_NP_944590.1	69	505	Aconitase	PF00330.25	3.1e-144
Tbri_KRY56800.1	73	509	Aconitase	PF00330.25	3.5e-144
Spur_XP_030840137.1	80	516	Aconitase	PF00330.25	5.4e-144
Spur_XP_030840138.1	80	516	Aconitase	PF00330.25	5.4e-144
Bxyl_CAG9110225.1	87	523	Aconitase	PF00330.25	5.8e-144
Dmel_NP_001097186.2	74	511	Aconitase	PF00330.25	5.7e-144
Dmel_NP_001163030.1	74	511	Aconitase	PF00330.25	5.7e-144
Dmel_NP_001286119.1	74	511	Aconitase	PF00330.25	5.7e-144
Dmel_NP_524708.1	74	511	Aconitase	PF00330.25	5.7e-144
Tbri_KRY56796.1	73	509	Aconitase	PF00330.25	4.5e-144
Tbri_KRY56798.1	73	509	Aconitase	PF00330.25	4.7e-144
Tbri_KRY56799.1	73	509	Aconitase	PF00330.25	4.7e-144
Tbri_KRY56797.1	73	509	Aconitase	PF00330.25	4.7e-144
Psat_XP_050920301.1	64	498	Aconitase	PF00330.25	6.1e-144
Xtro_NP_001011445.1	69	505	Aconitase	PF00330.25	6.9e-144
Hsap_NP_001307871.2	13	74	Aconitase	PF00330.25	8.5e-13
Hsap_NP_001307871.2	155	582	Aconitase	PF00330.25	2.2e-130
Hsap_NP_001341923.2	13	74	Aconitase	PF00330.25	8.5e-13
Hsap_NP_001341923.2	155	582	Aconitase	PF00330.25	2.2e-130
Cvir_XP_022318817.1	68	504	Aconitase	PF00330.25	8.2e-144
Hsap_NP_004127.2	70	131	Aconitase	PF00330.25	9.1e-13
Hsap_NP_004127.2	212	639	Aconitase	PF00330.25	2.6e-130
Pigchi_Pchi_g8923	57	493	Aconitase	PF00330.25	9.8e-144
Tnel_KRX25092.1	58	494	Aconitase	PF00330.25	9e-144
Twil_T_wilhelma_c28980_g2_i1|m.27508	67	503	Aconitase	PF00330.25	1.1e-143
Lpol_XP_022237509.1	60	496	Aconitase	PF00330.25	1.1e-143
Lpol_XP_013794231.1	72	508	Aconitase	PF00330.25	1.2e-143
Mbre_XP_001746450.1	180	614	Aconitase	PF00330.25	1.2e-143
Pigchi_Pchi_g4809	63	499	Aconitase	PF00330.25	1.2e-143
Dpul_XP_046447050.1	72	509	Aconitase	PF00330.25	2.4e-143
Ttri_CDW59422.1	2	339	Aconitase	PF00330.25	2.1e-143
Awhi_Unigene18286_Abeoforma_whisleri|m.12280	93	528	Aconitase	PF00330.25	3.8e-143
Ofus_CAH1794200.1	74	511	Aconitase	PF00330.25	2.9e-143
Smed_h1SMcT0010496.4	62	499	Aconitase	PF00330.25	3.3e-143
Smed_h1SMcT0010496.2	34	471	Aconitase	PF00330.25	4.1e-143
Smed_h1SMcT0010496.3	62	499	Aconitase	PF00330.25	4.5e-143
Pigvie_Pvie_g14314	46	482	Aconitase	PF00330.25	5.4e-143
Tsui_KHJ42635.1	74	528	Aconitase	PF00330.25	5.4e-143
Mbre_XP_001747281.1	61	497	Aconitase	PF00330.25	7.5e-143
Lana_XP_013411128.1	71	507	Aconitase	PF00330.25	1.4e-142
Ttri_CDW57717.1	74	510	Aconitase	PF00330.25	9.8e-143
Hrob_XP_009020055.1	73	510	Aconitase	PF00330.25	1.3e-142
Smar_SMAR014097-PA	25	461	Aconitase	PF00330.25	1.7e-142
Mlei_ML01004a-PA	63	499	Aconitase	PF00330.25	2.1e-142
Lpol_XP_022237510.1	10	425	Aconitase	PF00330.25	2.4e-142
Clim_Clim_evm13s239	74	514	Aconitase	PF00330.25	2.3e-142
Dmel_NP_650042.2	65	501	Aconitase	PF00330.25	2.6e-142
Sarc_XP_014155991.1	65	501	Aconitase	PF00330.25	3.4e-142
Sros_XP_004989369.1	65	501	Aconitase	PF00330.25	3.6e-142
Smed_h1SMcT0010496.5	14	430	Aconitase	PF00330.25	4.6e-142
Awhi_Unigene17062_Abeoforma_whisleri|m.10821	59	494	Aconitase	PF00330.25	6.8e-142
Rvar_GAV03052.1	67	503	Aconitase	PF00330.25	7.2e-142
Ihof_Ihof_evm1s384	71	172	Aconitase	PF00330.25	6.3e-18
Ihof_Ihof_evm1s384	175	587	Aconitase	PF00330.25	2.6e-123
Obim_XP_014771485.1	68	504	Aconitase	PF00330.25	1.9e-141
Cfra_CFRG3642T1	68	508	Aconitase	PF00330.25	2.1e-141
Sbat_VDO92781.1	53	476	Aconitase	PF00330.25	2.4e-141
Gpal_Gpal_D383_g03651.t1	77	513	Aconitase	PF00330.25	2.8e-141
Cfra_CFRG1943T1	113	549	Aconitase	PF00330.25	3.6e-141
Cele_NP_498738.2	1	406	Aconitase	PF00330.25	5.2e-141
Plae_KAI0987195.1	59	497	Aconitase	PF00330.25	5.4e-141
Cowc_XP_004347300.1	199	637	Aconitase	PF00330.25	5.5e-141
Drer_XP_005163029.1	71	138	Aconitase	PF00330.25	3.4e-12
Drer_XP_005163029.1	220	649	Aconitase	PF00330.25	6.3e-128
Trimur_TMUE_0000000356	74	510	Aconitase	PF00330.25	1e-140
Trimur_TMUE_2000007998	74	510	Aconitase	PF00330.25	1e-140
Cper_Nk52_evm6s294	283	719	Aconitase	PF00330.25	1.3e-140
Cper_Nk52_evm34s242	102	526	Aconitase	PF00330.25	2.2e-140
Mhap_MhA1_Contig291.frz3.gene13	61	497	Aconitase	PF00330.25	3e-140
Cint_XP_009858068.1	66	502	Aconitase	PF00330.25	4.3e-140
Xtro_NP_001072764.1	73	130	Aconitase	PF00330.25	1.3e-12
Xtro_NP_001072764.1	207	633	Aconitase	PF00330.25	2.1e-126
Xtro_XP_012822208.1	100	157	Aconitase	PF00330.25	1.4e-12
Xtro_XP_012822208.1	234	660	Aconitase	PF00330.25	2.3e-126
Acey_EYC17824.1	64	401	Aconitase	PF00330.25	3.5e-105
Acey_EYC17824.1	405	514	Aconitase	PF00330.25	1.5e-33
Ecur_TVU38898.1	141	262	Aconitase	PF00330.25	8e-28
Ecur_TVU38898.1	266	598	Aconitase	PF00330.25	2.2e-109
Cbra_GBG67648.1	670	841	Aconitase	PF00330.25	1.3e-53
Cbra_GBG67648.1	837	1115	Aconitase	PF00330.25	1.5e-84
Lana_XP_013411127.1	11	397	Aconitase	PF00330.25	2e-136
Lana_XP_013411126.1	11	397	Aconitase	PF00330.25	1.3e-135
Apla_XP_022103486.1	73	506	Aconitase	PF00330.25	4.1e-135
Lsig_VDK82189.1	66	490	Aconitase	PF00330.25	4.1e-134
Tbri_KRY56801.1	73	301	Aconitase	PF00330.25	3.4e-79
Tbri_KRY56801.1	305	481	Aconitase	PF00330.25	9.3e-52
Echgra_XP_024347955.1	63	457	Aconitase	PF00330.25	4.9e-130
Dimm_MCP9264152.1	59	526	Aconitase	PF00330.25	1.4e-129
Hduj_OQV12507.1	77	510	Aconitase	PF00330.25	9.1e-127
Pigvie_Pvie_g13759	49	541	Aconitase	PF00330.25	9.1e-125
Cper_Nk52_evm3s345	77	563	Aconitase	PF00330.25	3.2e-123
Cbra_GBG66271.1	84	462	Aconitase	PF00330.25	5.6e-123
Hsap_NP_001307870.2	2	389	Aconitase	PF00330.25	1.8e-120
Skow_XP_006823332.1	49	145	Aconitase	PF00330.25	1.9e-25
Skow_XP_006823332.1	147	444	Aconitase	PF00330.25	1.6e-93
Hpol_VDP00497.1	55	325	Aconitase	PF00330.25	1.3e-85
Hpol_VDP00497.1	358	472	Aconitase	PF00330.25	4e-31
Lcom_lcpid86494|	2	327	Aconitase	PF00330.25	1.1e-116
Acey_EYC17822.1	64	398	Aconitase	PF00330.25	3.4e-105
Acey_EYC17822.1	411	446	Aconitase	PF00330.25	2.9e-10
Acey_EYC17823.1	64	398	Aconitase	PF00330.25	3.7e-105
Acey_EYC17823.1	411	446	Aconitase	PF00330.25	3e-10
Acey_EYC17821.1	64	404	Aconitase	PF00330.25	9.6e-105
Acey_EYC17821.1	417	452	Aconitase	PF00330.25	2.4e-10
Ecur_TVU38891.1	140	537	Aconitase	PF00330.25	9.7e-114
Awhi_Unigene8046_Abeoforma_whisleri|m.5179	25	436	Aconitase	PF00330.25	4.2e-111
Ihof_Ihof_evm8s190	142	481	Aconitase	PF00330.25	8.4e-106
Sros_XP_004990054.1	74	501	Aconitase	PF00330.25	1.8e-109
Psat_XP_050896262.1	1	335	Aconitase	PF00330.25	5.3e-111
Psat_XP_050896263.1	1	335	Aconitase	PF00330.25	1e-110
Pgem_Unigene36075_Pirum_gemmata|m.22345	28	445	Aconitase	PF00330.25	6e-109
Sarc_XP_014159342.1	51	474	Aconitase	PF00330.25	6.3e-108
Cowc_XP_004349181.2	56	472	Aconitase	PF00330.25	1.2e-106
Mbre_XP_001745751.1	44	483	Aconitase	PF00330.25	3e-106
Pigchi_Pchi_g11580	49	343	Aconitase	PF00330.25	1e-69
Pigchi_Pchi_g11580	335	470	Aconitase	PF00330.25	2.5e-38
Ddip_jg10038	61	460	Aconitase	PF00330.25	1.4e-105
Cfra_CFRG5264T1	56	478	Aconitase	PF00330.25	9e-105
Cper_Nk52_evm10s265	37	274	Aconitase	PF00330.25	4.9e-61
Cper_Nk52_evm10s265	292	481	Aconitase	PF00330.25	1.1e-42
Sarc_XP_014159800.1	84	374	Aconitase	PF00330.25	1.3e-64
Sarc_XP_014159800.1	436	653	Aconitase	PF00330.25	1.2e-38
Cfra_CFRG5972T1	87	424	Aconitase	PF00330.25	3.9e-64
Cfra_CFRG5972T1	445	663	Aconitase	PF00330.25	8.3e-39
Clim_Clim_evm23s239	36	345	Aconitase	PF00330.25	5.4e-64
Clim_Clim_evm23s239	345	470	Aconitase	PF00330.25	1.3e-38
Pigvie_Pvie_g11182	44	333	Aconitase	PF00330.25	1.2e-63
Pigvie_Pvie_g11182	335	461	Aconitase	PF00330.25	1.5e-37
Lcom_lcpid127211|	6	290	Aconitase	PF00330.25	1.1e-98
Hpol_VDP34142.1	82	364	Aconitase	PF00330.25	3.3e-96
Lpol_XP_013791611.1	110	360	Aconitase	PF00330.25	1.1e-89
Cowc_XP_004349259.2	142	759	Aconitase	PF00330.25	8.2e-90
Avag_UJR28066.1	70	604	Aconitase	PF00330.25	7.8e-89
Clim_Clim_evm52s144	298	530	Aconitase	PF00330.25	1.1e-46
Clim_Clim_evm52s144	602	860	Aconitase	PF00330.25	1.8e-37
Smoe_XP_024526818.1	69	480	Aconitase	PF00330.25	3.5e-86
Atha_NP_567405.1	88	358	Aconitase	PF00330.25	9.6e-60
Atha_NP_567405.1	362	499	Aconitase	PF00330.25	1.1e-28
Sarc_XP_014159572.1	25	303	Aconitase	PF00330.25	8.2e-89
Smoe_XP_002982421.1	69	480	Aconitase	PF00330.25	2e-85
Bnap_XP_013676767.1	67	353	Aconitase	PF00330.25	1.1e-59
Bnap_XP_013676767.1	357	494	Aconitase	PF00330.25	3.2e-28
Bnap_XP_013676766.1	68	354	Aconitase	PF00330.25	1.1e-59
Bnap_XP_013676766.1	358	495	Aconitase	PF00330.25	3.2e-28
Bnap_XP_048633257.1	70	356	Aconitase	PF00330.25	2.2e-59
Bnap_XP_048633257.1	360	497	Aconitase	PF00330.25	1.9e-28
Bnap_XP_048633256.1	71	357	Aconitase	PF00330.25	2.3e-59
Bnap_XP_048633256.1	361	498	Aconitase	PF00330.25	1.9e-28
Bnap_XP_048633255.1	73	359	Aconitase	PF00330.25	2.3e-59
Bnap_XP_048633255.1	363	500	Aconitase	PF00330.25	1.9e-28
Bnap_XP_013729447.1	67	353	Aconitase	PF00330.25	2.5e-59
Bnap_XP_013729447.1	357	494	Aconitase	PF00330.25	2.5e-28
Bnap_XP_013723181.1	70	356	Aconitase	PF00330.25	3.2e-59
Bnap_XP_013723181.1	359	497	Aconitase	PF00330.25	1.7e-28
Ppur_KAA8492425.1	82	355	Aconitase	PF00330.25	3.9e-59
Ppur_KAA8492425.1	360	492	Aconitase	PF00330.25	2.3e-28
Rcul_nRc.2.0.1.t21370-RA	1	222	Aconitase	PF00330.25	5.6e-67
Rcul_nRc.2.0.1.t21370-RA	225	293	Aconitase	PF00330.25	5.7e-20
Sollyc_XP_004234053.1	85	358	Aconitase	PF00330.25	7.9e-59
Sollyc_XP_004234053.1	362	499	Aconitase	PF00330.25	3.6e-28
Pgem_Unigene34323_Pirum_gemmata|m.20972	13	251	Aconitase	PF00330.25	2.6e-87
Sollyc_XP_004247789.1	85	354	Aconitase	PF00330.25	1.7e-58
Sollyc_XP_004247789.1	357	495	Aconitase	PF00330.25	5.1e-28
Atri_XP_006854293.1	76	362	Aconitase	PF00330.25	1.2e-59
Atri_XP_006854293.1	366	503	Aconitase	PF00330.25	9.7e-27
Atri_XP_011627028.1	80	366	Aconitase	PF00330.25	1.2e-59
Atri_XP_011627028.1	370	507	Aconitase	PF00330.25	9.8e-27
Lsat_XP_023737918.1	77	362	Aconitase	PF00330.25	1.7e-58
Lsat_XP_023737918.1	366	504	Aconitase	PF00330.25	1.9e-27
Cofcan_CDO99322.1	71	357	Aconitase	PF00330.25	1.3e-57
Cofcan_CDO99322.1	361	498	Aconitase	PF00330.25	3.4e-28
Rchi_XP_024193492.1	89	359	Aconitase	PF00330.25	9.6e-58
Rchi_XP_024193492.1	363	500	Aconitase	PF00330.25	5.2e-28
Rchi_XP_024193491.1	90	360	Aconitase	PF00330.25	9.6e-58
Rchi_XP_024193491.1	364	501	Aconitase	PF00330.25	5.2e-28
Mpol_BFI42083.1	77	362	Aconitase	PF00330.25	1e-58
Mpol_BFI42083.1	366	503	Aconitase	PF00330.25	6.3e-27
Cbra_GBG91734.1	143	412	Aconitase	PF00330.25	1.1e-58
Cbra_GBG91734.1	417	554	Aconitase	PF00330.25	1.5e-26
Ppat_XP_024374492.1	82	367	Aconitase	PF00330.25	7e-58
Ppat_XP_024374492.1	371	509	Aconitase	PF00330.25	4e-27
Ccri_XP_005715507.1	73	340	Aconitase	PF00330.25	2.3e-56
Ccri_XP_005715507.1	344	476	Aconitase	PF00330.25	1.4e-28
Mesc_XP_021607001.1	86	359	Aconitase	PF00330.25	7.1e-57
Mesc_XP_021607001.1	363	500	Aconitase	PF00330.25	5e-28
Mesc_XP_021607000.1	86	368	Aconitase	PF00330.25	8.4e-57
Mesc_XP_021607000.1	371	509	Aconitase	PF00330.25	4.8e-28
Rchi_XP_024193493.1	83	360	Aconitase	PF00330.25	3.9e-57
Rchi_XP_024193493.1	364	501	Aconitase	PF00330.25	1.6e-27
Zmay_XP_023157924.1	65	354	Aconitase	PF00330.25	3.4e-58
Zmay_XP_023157924.1	354	492	Aconitase	PF00330.25	1.4e-26
Zmay_XP_008676589.1	67	356	Aconitase	PF00330.25	3.4e-58
Zmay_XP_008676589.1	356	494	Aconitase	PF00330.25	1.4e-26
Zmay_NP_001132276.1	68	357	Aconitase	PF00330.25	3.5e-58
Zmay_NP_001132276.1	357	495	Aconitase	PF00330.25	1.4e-26
Ecur_TVU33573.1	72	357	Aconitase	PF00330.25	1.2e-57
Ecur_TVU33573.1	362	499	Aconitase	PF00330.25	7.8e-27
Osat_XP_015625698.1	77	504	Aconitase	PF00330.25	6.2e-82
Crei_XP_001702135.1	50	337	Aconitase	PF00330.25	9.8e-59
Crei_XP_001702135.1	339	478	Aconitase	PF00330.25	9.9e-26
Tura_XP_048533550.1	73	358	Aconitase	PF00330.25	1.4e-57
Tura_XP_048533550.1	363	500	Aconitase	PF00330.25	1.9e-26
Mesc_XP_021607003.1	85	359	Aconitase	PF00330.25	2.7e-56
Mesc_XP_021607003.1	362	500	Aconitase	PF00330.25	7.8e-28
Lsat_XP_023733883.1	89	359	Aconitase	PF00330.25	4.3e-59
Lsat_XP_023733883.1	363	502	Aconitase	PF00330.25	6e-25
Zmay_XP_023158279.1	79	353	Aconitase	PF00330.25	3.1e-57
Zmay_XP_023158279.1	357	494	Aconitase	PF00330.25	9.6e-27
Zmay_NP_001354127.1	80	354	Aconitase	PF00330.25	3.1e-57
Zmay_NP_001354127.1	358	495	Aconitase	PF00330.25	9.6e-27
Mesc_XP_021595466.1	90	359	Aconitase	PF00330.25	4.2e-56
Mesc_XP_021595466.1	363	500	Aconitase	PF00330.25	6.7e-28
Psat_XP_050892876.1	71	357	Aconitase	PF00330.25	4.6e-56
Psat_XP_050892876.1	361	499	Aconitase	PF00330.25	8.4e-28
Bdis_XP_003573828.1	79	365	Aconitase	PF00330.25	4.2e-57
Bdis_XP_003573828.1	369	506	Aconitase	PF00330.25	1.2e-26
Atri_XP_011627029.1	88	503	Aconitase	PF00330.25	2.2e-81
Mtru_XP_003590190.1	81	354	Aconitase	PF00330.25	1.1e-55
Mtru_XP_003590190.1	357	495	Aconitase	PF00330.25	1.6e-27
Qlob_XP_030974268.1	92	361	Aconitase	PF00330.25	8.2e-55
Qlob_XP_030974268.1	365	502	Aconitase	PF00330.25	7.3e-28
Scil_XP_065187496.1	59	545	Aconitase	PF00330.25	1.1e-82
Lcom_lcpid160064|	1	193	Aconitase	PF00330.25	4.5e-82
Lcom_lcpid69198|	59	546	Aconitase	PF00330.25	1.8e-81
Lsat_XP_023733884.1	89	359	Aconitase	PF00330.25	4.4e-59
Lsat_XP_023733884.1	363	484	Aconitase	PF00330.25	6.4e-22
Clim_Clim_evm11s243	78	435	Aconitase	PF00330.25	7e-78
Mtru_XP_039686933.1	71	329	Aconitase	PF00330.25	2.2e-52
Mtru_XP_039686933.1	413	551	Aconitase	PF00330.25	1.4e-25
Lcom_lcpid88325|	5	469	Aconitase	PF00330.25	7.4e-78
Pigchi_Pchi_g7155	398	788	Aconitase	PF00330.25	4.4e-74
Pigchi_Pchi_g4893	10	220	Aconitase	PF00330.25	1.3e-63
Pigchi_Pchi_g4893	256	341	Aconitase	PF00330.25	7.1e-12
Cper_Nk52_evm35s222	383	795	Aconitase	PF00330.25	1.7e-73
Pigvie_Pvie_g11088	400	663	Aconitase	PF00330.25	3.3e-48
Pigvie_Pvie_g11088	664	787	Aconitase	PF00330.25	1.8e-26
Lcom_lcpid139722|	28	246	Aconitase	PF00330.25	5.5e-75
Aque_XP_003391966.2	6	200	Aconitase	PF00330.25	6.8e-73
Lcom_lcpid135746|	2	235	Aconitase	PF00330.25	1.2e-72
Clim_Clim_evm5s82	71	305	Aconitase	PF00330.25	3.2e-47
Clim_Clim_evm5s82	306	428	Aconitase	PF00330.25	4.8e-25
Clim_Clim_evm76s11	428	783	Aconitase	PF00330.25	4.5e-69
Scar_TMS36916.1	64	266	Aconitase	PF00330.25	3.8e-67
Pigvie_Pvie_g200	3	147	Aconitase	PF00330.25	7.3e-65
Mesc_XP_021607002.1	86	367	Aconitase	PF00330.25	5.9e-57
Mesc_XP_043810963.1	86	367	Aconitase	PF00330.25	6.5e-57
Mesc_XP_043810964.1	86	368	Aconitase	PF00330.25	5.3e-57
Lcom_lcpid194485|	1	143	Aconitase	PF00330.25	2.1e-62
Zmay_XP_008679969.2	35	166	Aconitase	PF00330.25	8.4e-35
Zmay_XP_008679969.2	165	303	Aconitase	PF00330.25	7.3e-27
Pigvie_Pvie_g499	1	212	Aconitase	PF00330.25	8.2e-61
Emue_Em0010g914a	21	67	Aconitase	PF00330.25	9.1e-13
Emue_Em0010g914a	65	245	Aconitase	PF00330.25	2.2e-46
Scar_TMS36915.1	11	223	Aconitase	PF00330.25	1.3e-56
Smed_h1SMcT0010496.1	2	180	Aconitase	PF00330.25	1.7e-56
Lcom_lcpid35495|	55	544	Aconitase	PF00330.25	1.1e-55
Rcul_nRc.2.0.1.t14007-RA	68	246	Aconitase	PF00330.25	1.3e-55
Scil_XP_065194274.1	58	545	Aconitase	PF00330.25	3.5e-55
Lcom_lcpid203754|	1	129	Aconitase	PF00330.25	3.9e-55
Lcom_lcpid216477|	2	124	Aconitase	PF00330.25	8.4e-55
Hsap_NP_001307872.1	70	131	Aconitase	PF00330.25	2.1e-13
Hsap_NP_001307872.1	212	341	Aconitase	PF00330.25	5.4e-38
Psat_XP_050915358.1	138	301	Aconitase	PF00330.25	1.1e-43
Scil_XP_065194283.1	12	466	Aconitase	PF00330.25	9.6e-52
Zmay_XP_020396823.1	3	214	Aconitase	PF00330.25	5.7e-50
Zmay_XP_035816902.1	3	214	Aconitase	PF00330.25	5.7e-50
Mlei_ML343435a-PA	29	478	Aconitase	PF00330.25	4.2e-48
Lcom_lcpid237211|	1	110	Aconitase	PF00330.25	5e-48
Sarc_XP_014159573.1	37	201	Aconitase	PF00330.25	1.1e-46
Lcom_lcpid240899|	1	106	Aconitase	PF00330.25	2.2e-44
Lcom_lcpid204114|	1	134	Aconitase	PF00330.25	1.2e-42
Otau_XP_003075081.1	531	878	Aconitase	PF00330.25	5.7e-40
Lpol_XP_013791705.2	1	123	Aconitase	PF00330.25	3.8e-42
Lcom_lcpid204146|	1	113	Aconitase	PF00330.25	6e-42
Emue_Em0010g916a	70	221	Aconitase	PF00330.25	2.6e-40
Ecur_TVU17299.1	7	184	Aconitase	PF00330.25	2.6e-38
Lcom_lcpid201624|	9	136	Aconitase	PF00330.25	2.1e-36
Hpol_VDP53541.1	9	112	Aconitase	PF00330.25	1.8e-31
Lcom_lcpid222683|	1	107	Aconitase	PF00330.25	2.7e-31
Lcom_lcpid188389|	3	111	Aconitase	PF00330.25	4.1e-31
Pigchi_Pchi_g11057	2	115	Aconitase	PF00330.25	5.5e-31
Awhi_Unigene38310_Abeoforma_whisleri|m.24889	3	116	Aconitase	PF00330.25	1e-28
Rchi_XP_024165774.1	1	74	Aconitase	PF00330.25	2.4e-15
Rchi_XP_024165774.1	79	172	Aconitase	PF00330.25	8.4e-13
Rchi_XP_040365753.1	1	74	Aconitase	PF00330.25	2.4e-15
Rchi_XP_040365753.1	79	172	Aconitase	PF00330.25	8.4e-13
Rchi_XP_024165775.1	1	75	Aconitase	PF00330.25	2.1e-15
Rchi_XP_024165775.1	79	171	Aconitase	PF00330.25	1e-12
Lcom_lcpid241494|	1	107	Aconitase	PF00330.25	6.5e-25
Mesc_XP_043805222.1	16	108	Aconitase	PF00330.25	6e-24
Lcom_lcpid248526|	1	75	Aconitase	PF00330.25	7.1e-22
Lcom_lcpid152134|	1	69	Aconitase	PF00330.25	7.2e-21
Lcom_lcpid163180|	91	171	Aconitase	PF00330.25	8.9e-20
Mesc_XP_043805214.1	44	119	Aconitase	PF00330.25	3.7e-19
Mesc_XP_043805215.1	44	119	Aconitase	PF00330.25	3.7e-19
Mesc_XP_043805216.1	44	119	Aconitase	PF00330.25	3.7e-19
Mesc_XP_043805217.1	44	119	Aconitase	PF00330.25	3.7e-19
Mesc_XP_043805218.1	44	119	Aconitase	PF00330.25	3.7e-19
Mesc_XP_043805219.1	44	119	Aconitase	PF00330.25	3.7e-19
Mesc_XP_043805220.1	44	119	Aconitase	PF00330.25	3.7e-19
Mesc_XP_043805221.1	44	119	Aconitase	PF00330.25	3.7e-19
Mesc_XP_043808617.1	44	119	Aconitase	PF00330.25	9.4e-19
Lsat_XP_023739868.1	53	164	Aconitase	PF00330.25	3.6e-18
Rchi_XP_040361799.1	3	88	Aconitase	PF00330.25	6.7e-17
Lsat_XP_052620316.1	74	144	Aconitase	PF00330.25	5e-16
Rchi_XP_040365754.1	45	138	Aconitase	PF00330.25	4.5e-13
Lcom_lcpid141240|	3	158	Aconitase	PF00330.25	8.4e-15
Lcom_lcpid127509|	2	61	Aconitase	PF00330.25	3e-15
Lcom_lcpid192362|	78	136	Aconitase	PF00330.25	4.2e-15
Lsat_XP_052620302.1	74	141	Aconitase	PF00330.25	2.1e-14
Lsat_XP_052620304.1	74	141	Aconitase	PF00330.25	2.1e-14
Lsat_XP_052620312.1	74	141	Aconitase	PF00330.25	2.1e-14
Lcom_lcpid178466|	60	113	Aconitase	PF00330.25	1.3e-13
Lcom_lcpid192626|	14	54	Aconitase	PF00330.25	3.6e-13
Lsat_XP_052622107.1	63	134	Aconitase	PF00330.25	3.8e-13
Lsat_XP_052622109.1	63	134	Aconitase	PF00330.25	3.8e-13
Lsat_XP_052622110.1	63	134	Aconitase	PF00330.25	3.8e-13
Lsat_XP_052622111.1	63	134	Aconitase	PF00330.25	3.8e-13
Lsat_XP_052622112.1	63	134	Aconitase	PF00330.25	3.8e-13
Lsat_XP_052622106.1	115	186	Aconitase	PF00330.25	5.3e-13
Lsat_XP_052622105.1	115	186	Aconitase	PF00330.25	6.2e-13
Bnap_XP_013703660.1	66	136	Aconitase	PF00330.25	4.5e-12
Bnap_XP_013703661.1	66	136	Aconitase	PF00330.25	4.5e-12
Lcom_lcpid163270|	1	54	Aconitase	PF00330.25	2.3e-11
Aque_XP_003391984.1	6	41	Aconitase	PF00330.25	2.9e-11
Lcom_lcpid102984|	4	43	Aconitase	PF00330.25	7.6e-11
Bnap_XP_048627355.1	29	94	Aconitase	PF00330.25	3.9e-09
