Hsap_NP_001305123.1	17	153	HhH-GPD	PF00730.31	6e-28
Hsap_XP_047290127.1	34	170	HhH-GPD	PF00730.31	7.8e-28
Hsap_NP_002519.2	127	263	HhH-GPD	PF00730.31	2.1e-27
Sbat_VDP00745.1	104	241	HhH-GPD	PF00730.31	2.5e-27
Psat_XP_050873538.1	105	237	HhH-GPD	PF00730.31	4.3e-27
Acey_EYC06277.1	176	310	HhH-GPD	PF00730.31	3.7e-27
Acey_EYC06273.1	178	312	HhH-GPD	PF00730.31	3.7e-27
Acey_EYC06276.1	178	312	HhH-GPD	PF00730.31	3.7e-27
Acey_EYC06274.1	195	329	HhH-GPD	PF00730.31	4.1e-27
Acey_EYC06275.1	209	343	HhH-GPD	PF00730.31	4.4e-27
Aque_XP_003385549.2	122	260	HhH-GPD	PF00730.31	7.1e-27
Rchi_XP_024159964.1	80	212	HhH-GPD	PF00730.31	9.9e-27
Rchi_XP_024159965.1	80	212	HhH-GPD	PF00730.31	9.2e-27
Qlob_XP_030971735.1	130	262	HhH-GPD	PF00730.31	2e-26
Osat_XP_025877237.1	101	244	HhH-GPD	PF00730.31	1.1e-26
Ever_VDD85129.1	82	217	HhH-GPD	PF00730.31	1e-26
Dpul_XP_046441672.1	149	286	HhH-GPD	PF00730.31	2.3e-26
Mhap_MhA1_Contig147.frz3.gene77	79	230	HhH-GPD	PF00730.31	1.4e-26
Bnap_XP_013693790.2	120	252	HhH-GPD	PF00730.31	1.6e-26
Bnap_XP_022556758.1	120	252	HhH-GPD	PF00730.31	1.6e-26
Osat_XP_015617926.1	164	307	HhH-GPD	PF00730.31	1.7e-26
Diplco_DCO_018166	73	208	HhH-GPD	PF00730.31	1.6e-26
Pgem_Unigene23394_Pirum_gemmata|m.14929	184	322	HhH-GPD	PF00730.31	2.8e-26
Obim_XP_014774926.2	73	206	HhH-GPD	PF00730.31	3.4e-26
Lsat_XP_023766476.1	125	262	HhH-GPD	PF00730.31	2.9e-26
Lsat_XP_023766477.1	125	262	HhH-GPD	PF00730.31	2.9e-26
Atha_NP_001329635.1	166	298	HhH-GPD	PF00730.31	4.2e-26
Asuu_AgR044_g053_t02	87	223	HhH-GPD	PF00730.31	3.1e-26
Lsat_XP_023766475.1	141	278	HhH-GPD	PF00730.31	3.3e-26
Asuu_AgR044_g053_t01	114	250	HhH-GPD	PF00730.31	4e-26
Lsat_XP_023766473.1	149	286	HhH-GPD	PF00730.31	3.5e-26
Atha_NP_001329634.1	166	298	HhH-GPD	PF00730.31	5.3e-26
Hsap_NP_001280121.1	12	146	HhH-GPD	PF00730.31	1.1e-25
Hsap_NP_001280125.1	12	146	HhH-GPD	PF00730.31	1.1e-25
Hsap_NP_001394020.1	12	146	HhH-GPD	PF00730.31	1.1e-25
Lpol_XP_013782865.1	234	371	HhH-GPD	PF00730.31	5.8e-26
Diplco_DCO_018165	73	208	HhH-GPD	PF00730.31	5e-26
Bnap_XP_013680751.2	117	249	HhH-GPD	PF00730.31	6.6e-26
Bnap_XP_013680750.2	117	249	HhH-GPD	PF00730.31	6.6e-26
Hsap_NP_001394004.1	76	210	HhH-GPD	PF00730.31	1.4e-25
Priarc_PARCANUS000008064.t1	125	259	HhH-GPD	PF00730.31	8.7e-26
Lsat_XP_023738695.1	98	229	HhH-GPD	PF00730.31	9e-26
Mtru_XP_024628122.1	107	239	HhH-GPD	PF00730.31	9.5e-26
Mtru_XP_024628121.1	107	239	HhH-GPD	PF00730.31	9.5e-26
Cscu_XP_023229173.1	118	255	HhH-GPD	PF00730.31	7.6e-26
Mtru_XP_013444702.2	107	239	HhH-GPD	PF00730.31	9.6e-26
Atri_XP_006858703.2	176	306	HhH-GPD	PF00730.31	9.2e-26
Cowc_XP_004348277.1	199	335	HhH-GPD	PF00730.31	7.1e-26
Hsap_NP_001041636.2	104	238	HhH-GPD	PF00730.31	1.6e-25
Hsap_NP_001041638.1	104	238	HhH-GPD	PF00730.31	1.6e-25
Hsap_NP_001041639.1	104	238	HhH-GPD	PF00730.31	1.6e-25
Hsap_NP_001280124.1	104	238	HhH-GPD	PF00730.31	1.6e-25
Hsap_NP_001393999.1	104	238	HhH-GPD	PF00730.31	1.6e-25
Hsap_NP_001394001.1	104	238	HhH-GPD	PF00730.31	1.6e-25
Hsap_NP_001394010.1	104	238	HhH-GPD	PF00730.31	1.6e-25
Hsap_NP_001394017.1	104	238	HhH-GPD	PF00730.31	1.6e-25
Hsap_NP_001394018.1	104	238	HhH-GPD	PF00730.31	1.6e-25
Hsap_NP_001041637.1	105	239	HhH-GPD	PF00730.31	1.6e-25
Hsap_NP_001394000.1	105	239	HhH-GPD	PF00730.31	1.6e-25
Hsap_NP_001394007.1	105	239	HhH-GPD	PF00730.31	1.6e-25
Hsap_NP_001394015.1	105	239	HhH-GPD	PF00730.31	1.6e-25
Angcan_KAE9414442.1	39	174	HhH-GPD	PF00730.31	5.8e-26
Hsap_XP_047277153.1	110	244	HhH-GPD	PF00730.31	1.6e-25
Hsap_XP_047277154.1	110	244	HhH-GPD	PF00730.31	1.6e-25
Hsap_NP_001394016.1	111	245	HhH-GPD	PF00730.31	1.6e-25
Hsap_NP_001280120.1	115	249	HhH-GPD	PF00730.31	1.6e-25
Hsap_NP_001394006.1	115	249	HhH-GPD	PF00730.31	1.6e-25
Hsap_NP_001394012.1	118	252	HhH-GPD	PF00730.31	1.6e-25
Hsap_NP_001394014.1	118	252	HhH-GPD	PF00730.31	1.6e-25
Hsap_XP_011539804.1	118	252	HhH-GPD	PF00730.31	1.6e-25
Hsap_XP_016856821.1	118	252	HhH-GPD	PF00730.31	1.6e-25
Hsap_XP_016856822.1	118	252	HhH-GPD	PF00730.31	1.6e-25
Hsap_XP_047277150.1	118	252	HhH-GPD	PF00730.31	1.6e-25
Hsap_NP_001280119.1	119	253	HhH-GPD	PF00730.31	1.6e-25
Hsap_XP_047277147.1	121	255	HhH-GPD	PF00730.31	1.7e-25
Hsap_XP_047277148.1	121	255	HhH-GPD	PF00730.31	1.7e-25
Hsap_XP_047277149.1	121	255	HhH-GPD	PF00730.31	1.7e-25
Hsap_XP_011539799.1	124	258	HhH-GPD	PF00730.31	1.7e-25
Zmay_NP_001150481.1	91	222	HhH-GPD	PF00730.31	9.6e-26
Hsap_NP_036354.1	129	263	HhH-GPD	PF00730.31	1.7e-25
Hsap_NP_001121897.1	132	266	HhH-GPD	PF00730.31	1.7e-25
Hsap_XP_047277158.1	132	266	HhH-GPD	PF00730.31	1.5e-25
Cscu_XP_023229174.1	118	255	HhH-GPD	PF00730.31	9e-26
Agrpla_XP_018335211.1	112	246	HhH-GPD	PF00730.31	9.7e-26
Agrpla_XP_018335212.1	112	246	HhH-GPD	PF00730.31	9.7e-26
Agrpla_XP_018335210.1	140	274	HhH-GPD	PF00730.31	1.2e-25
Blan_XP_066298550.1	71	204	HhH-GPD	PF00730.31	2.1e-25
Ecur_TVU43590.1	89	219	HhH-GPD	PF00730.31	1.2e-25
Blan_XP_066298548.1	72	205	HhH-GPD	PF00730.31	2.1e-25
Zmay_XP_020401180.1	171	314	HhH-GPD	PF00730.31	2.3e-25
Zmay_XP_020401181.1	170	313	HhH-GPD	PF00730.31	2.2e-25
Zmay_XP_020401182.1	166	309	HhH-GPD	PF00730.31	2.2e-25
Sman_XP_018648234.1	75	212	HhH-GPD	PF00730.31	1.2e-25
Bnap_XP_048630658.1	168	295	HhH-GPD	PF00730.31	1.9e-25
Bnap_XP_013734149.1	170	297	HhH-GPD	PF00730.31	1.9e-25
Bnap_XP_022571635.1	171	298	HhH-GPD	PF00730.31	1.9e-25
Mpol_BFI23932.1	240	371	HhH-GPD	PF00730.31	2.2e-25
Bnap_XP_022571634.1	184	311	HhH-GPD	PF00730.31	2e-25
Bnap_XP_013734148.1	185	312	HhH-GPD	PF00730.31	2.1e-25
Bnap_XP_013734147.1	186	313	HhH-GPD	PF00730.31	2.1e-25
Bnap_XP_013734146.1	187	314	HhH-GPD	PF00730.31	2.1e-25
Smar_SMAR015524-PA	93	230	HhH-GPD	PF00730.31	2e-25
Mpol_BFI23931.1	240	371	HhH-GPD	PF00730.31	2.3e-25
Tsui_KHJ45489.1	93	230	HhH-GPD	PF00730.31	2e-25
Blan_XP_066292467.1	33	170	HhH-GPD	PF00730.31	2e-25
Ggal_XP_025008853.2	86	206	HhH-GPD	PF00730.31	3.4e-25
Lana_XP_013406730.1	85	219	HhH-GPD	PF00730.31	3.8e-25
Ggal_XP_004936806.3	94	214	HhH-GPD	PF00730.31	3.5e-25
Ggal_XP_015146765.2	94	214	HhH-GPD	PF00730.31	3.5e-25
Ppat_XP_024402405.1	31	163	HhH-GPD	PF00730.31	4e-25
Ovol_OVOC3819	35	168	HhH-GPD	PF00730.31	3.6e-25
Mjap_MIJAPON000005392.t1	108	243	HhH-GPD	PF00730.31	3.9e-25
Drer_XP_068079228.1	431	563	HhH-GPD	PF00730.31	1.6e-24
Ppat_XP_024402404.1	203	335	HhH-GPD	PF00730.31	7.8e-25
Bdis_XP_024310973.1	156	298	HhH-GPD	PF00730.31	4.3e-25
Otip_Oti_8521_t	1306	1441	HhH-GPD	PF00730.31	1.1e-24
Drer_XP_001346643.3	172	309	HhH-GPD	PF00730.31	4.8e-25
Sros_XP_004995481.1	204	343	HhH-GPD	PF00730.31	7.9e-25
Bdis_XP_003577617.1	170	312	HhH-GPD	PF00730.31	4.7e-25
Bdis_XP_010237762.1	170	312	HhH-GPD	PF00730.31	4.7e-25
Bnap_XP_013742759.2	187	314	HhH-GPD	PF00730.31	6e-25
Bnap_XP_013742757.2	189	316	HhH-GPD	PF00730.31	6.1e-25
Bnap_XP_022554705.2	186	313	HhH-GPD	PF00730.31	6e-25
Bnap_XP_013742758.2	188	315	HhH-GPD	PF00730.31	6.1e-25
Sollyc_XP_019071348.1	105	236	HhH-GPD	PF00730.31	8.1e-25
Osat_XP_025877703.1	99	229	HhH-GPD	PF00730.31	7.1e-25
Skow_XP_002733128.2	33	170	HhH-GPD	PF00730.31	5.6e-25
Skow_XP_002734857.2	120	241	HhH-GPD	PF00730.31	1.1e-24
Osat_XP_015619427.1	99	229	HhH-GPD	PF00730.31	9.3e-25
Qlob_XP_030937974.1	164	305	HhH-GPD	PF00730.31	7.3e-25
Scar_TKR75982.1	126	260	HhH-GPD	PF00730.31	9.6e-25
Echgra_XP_024350370.1	101	238	HhH-GPD	PF00730.31	8.3e-25
Scar_TKR75983.1	128	262	HhH-GPD	PF00730.31	9.8e-25
Cvir_XP_022313294.1	1	131	HhH-GPD	PF00730.31	3.7e-24
Bdis_XP_014757626.1	85	216	HhH-GPD	PF00730.31	8.9e-25
Bdis_XP_014757627.1	85	216	HhH-GPD	PF00730.31	8.9e-25
Bdis_XP_024310242.1	85	216	HhH-GPD	PF00730.31	8.9e-25
Bdis_XP_024310243.1	85	216	HhH-GPD	PF00730.31	8.9e-25
Bdis_XP_024310244.1	85	216	HhH-GPD	PF00730.31	8.9e-25
Bdis_XP_024310245.1	85	216	HhH-GPD	PF00730.31	8.9e-25
Bdis_XP_024310246.1	85	216	HhH-GPD	PF00730.31	8.9e-25
Bdis_XP_024310247.1	85	216	HhH-GPD	PF00730.31	8.9e-25
Bdis_XP_024310248.1	85	216	HhH-GPD	PF00730.31	8.9e-25
Bdis_XP_024310249.1	85	216	HhH-GPD	PF00730.31	8.9e-25
Bdis_XP_024310250.1	85	216	HhH-GPD	PF00730.31	8.9e-25
Bdis_XP_024310251.1	85	216	HhH-GPD	PF00730.31	8.9e-25
Bdis_XP_024310252.1	85	216	HhH-GPD	PF00730.31	8.9e-25
Bdis_XP_024310253.1	85	216	HhH-GPD	PF00730.31	8.9e-25
Bdis_XP_024310254.1	85	216	HhH-GPD	PF00730.31	8.9e-25
Bdis_XP_024310255.1	85	216	HhH-GPD	PF00730.31	8.9e-25
Qlob_XP_030937973.1	184	325	HhH-GPD	PF00730.31	8.2e-25
Cvir_XP_022317499.1	143	280	HhH-GPD	PF00730.31	1.2e-24
Qlob_XP_030937972.1	186	327	HhH-GPD	PF00730.31	8.3e-25
Qlob_XP_030937971.1	187	328	HhH-GPD	PF00730.31	8.3e-25
Bdis_XP_024310241.1	118	249	HhH-GPD	PF00730.31	1e-24
Bdis_XP_024310239.1	118	249	HhH-GPD	PF00730.31	1e-24
Bdis_XP_024310240.1	118	249	HhH-GPD	PF00730.31	1e-24
Pigchi_Pchi_g12035	114	247	HhH-GPD	PF00730.31	1.3e-24
Pigvie_Pvie_g11214	114	247	HhH-GPD	PF00730.31	1.3e-24
Cele_NP_001254907.1	67	202	HhH-GPD	PF00730.31	1.1e-24
Cele_NP_001369882.1	72	207	HhH-GPD	PF00730.31	1.2e-24
Mesc_XP_021610337.1	168	296	HhH-GPD	PF00730.31	1.3e-24
Crei_XP_042914903.1	108	242	HhH-GPD	PF00730.31	1.2e-24
Mtru_XP_024638042.2	189	317	HhH-GPD	PF00730.31	2.5e-24
Atha_NP_001077988.1	177	304	HhH-GPD	PF00730.31	1.2e-24
Atha_NP_565725.1	179	306	HhH-GPD	PF00730.31	1.2e-24
Crei_XP_042914902.1	108	242	HhH-GPD	PF00730.31	1.3e-24
Tura_XP_048544037.1	86	217	HhH-GPD	PF00730.31	1.5e-24
Psat_XP_050899632.1	175	304	HhH-GPD	PF00730.31	2.2e-24
Mtru_XP_039689865.1	66	194	HhH-GPD	PF00730.31	1.3e-24
Mtru_XP_024638041.2	167	295	HhH-GPD	PF00730.31	2.8e-24
Mtru_XP_013456282.2	189	317	HhH-GPD	PF00730.31	3.1e-24
Awhi_Unigene1053_Abeoforma_whisleri|m.1020	149	285	HhH-GPD	PF00730.31	2.5e-24
Tspi_XP_003373648.1	968	1104	HhH-GPD	PF00730.31	3.2e-24
Avit_KAL3989411.1	83	217	HhH-GPD	PF00730.31	1.7e-24
Awhi_Unigene1056_Abeoforma_whisleri|m.1021	186	322	HhH-GPD	PF00730.31	3.1e-24
Apimel_XP_623602.3	168	305	HhH-GPD	PF00730.31	6.4e-24
Mbre_XP_001742095.1	47	186	HhH-GPD	PF00730.31	2.2e-24
Smed_h1SMcT0013997.1	78	214	HhH-GPD	PF00730.31	2.4e-24
Cvir_XP_022313295.1	1	131	HhH-GPD	PF00730.31	3.1e-24
Bmor_XP_004932575.1	141	278	HhH-GPD	PF00730.31	4.5e-24
Bmor_XP_062529432.1	141	278	HhH-GPD	PF00730.31	4.5e-24
Ttri_CDW56849.1	93	229	HhH-GPD	PF00730.31	2.6e-24
Pvan_XP_027219884.1	160	297	HhH-GPD	PF00730.31	2.8e-24
Bmor_XP_004932576.1	99	236	HhH-GPD	PF00730.31	3.8e-24
Bmor_XP_004932577.1	99	236	HhH-GPD	PF00730.31	3.8e-24
Bmor_XP_012551227.1	99	236	HhH-GPD	PF00730.31	3.8e-24
Otau_XP_003083131.2	122	253	HhH-GPD	PF00730.31	4.7e-24
Smoe_XP_024538626.1	63	185	HhH-GPD	PF00730.31	5e-24
Cele_NP_001254908.1	1	133	HhH-GPD	PF00730.31	4.3e-24
Smoe_XP_024540384.1	63	185	HhH-GPD	PF00730.31	5e-24
Cofcan_CDP04005.1	135	264	HhH-GPD	PF00730.31	4.7e-24
Avag_UJR20547.1	101	253	HhH-GPD	PF00730.31	5e-24
Mesc_XP_021632002.1	85	217	HhH-GPD	PF00730.31	5.4e-24
Pgem_Unigene35661_Pirum_gemmata|m.22046	59	191	HhH-GPD	PF00730.31	9.4e-24
Psat_XP_050884092.1	125	266	HhH-GPD	PF00730.31	7.2e-24
Obim_XP_014769778.1	212	348	HhH-GPD	PF00730.31	7e-24
Sman_XP_018649534.1	68	188	HhH-GPD	PF00730.31	6.1e-24
Psat_XP_050884091.1	125	266	HhH-GPD	PF00730.31	8.7e-24
Rchi_XP_040373682.1	152	290	HhH-GPD	PF00730.31	7.1e-24
Rchi_XP_024192700.1	154	292	HhH-GPD	PF00730.31	7.2e-24
Rchi_XP_040373681.1	157	295	HhH-GPD	PF00730.31	7.3e-24
Dmel_NP_610078.2	201	338	HhH-GPD	PF00730.31	7.9e-24
Tadh_XP_002114854.1	40	165	HhH-GPD	PF00730.31	6.5e-24
Rchi_XP_040373680.1	159	297	HhH-GPD	PF00730.31	7.4e-24
Eela_EEL_0000874801-mRNA-1	86	220	HhH-GPD	PF00730.31	6.6e-24
Ggal_NP_001073043.1	104	240	HhH-GPD	PF00730.31	6.9e-24
Hpol_VDO64045.1	68	202	HhH-GPD	PF00730.31	7.3e-24
Bnap_XP_048597908.1	150	278	HhH-GPD	PF00730.31	7.8e-24
Avag_UJR28239.1	48	179	HhH-GPD	PF00730.31	1.4e-23
Bnap_XP_013716138.1	175	303	HhH-GPD	PF00730.31	9e-24
Lsig_VDK77448.1	83	217	HhH-GPD	PF00730.31	8.1e-24
Otau_XP_022841308.1	144	289	HhH-GPD	PF00730.31	2e-23
Sypmur_SMUV_0000355801-mRNA-1	73	207	HhH-GPD	PF00730.31	9.3e-24
Srat_XP_024506885.1	107	241	HhH-GPD	PF00730.31	1.3e-23
Atha_NP_565105.1	172	316	HhH-GPD	PF00730.31	1.5e-23
Atha_NP_974147.1	172	316	HhH-GPD	PF00730.31	1.6e-23
Atri_XP_020523390.1	159	287	HhH-GPD	PF00730.31	1.8e-23
Atri_XP_011623704.1	183	311	HhH-GPD	PF00730.31	2.1e-23
Atri_XP_006845160.2	185	313	HhH-GPD	PF00730.31	2.1e-23
Atri_XP_020523391.1	115	243	HhH-GPD	PF00730.31	1.4e-23
Atri_XP_020523392.1	115	243	HhH-GPD	PF00730.31	1.4e-23
Atri_XP_020523393.1	115	243	HhH-GPD	PF00730.31	1.4e-23
Atri_XP_020523389.1	182	310	HhH-GPD	PF00730.31	2.1e-23
Xtro_NP_001072831.1	87	221	HhH-GPD	PF00730.31	2.5e-23
Atha_NP_001077563.1	177	319	HhH-GPD	PF00730.31	1.9e-23
Atha_NP_973767.1	185	313	HhH-GPD	PF00730.31	2.2e-23
Atha_NP_564085.1	177	319	HhH-GPD	PF00730.31	2e-23
Cfra_CFRG7096T1	121	245	HhH-GPD	PF00730.31	3.3e-23
Clim_Clim_evm33s7	154	280	HhH-GPD	PF00730.31	2.7e-23
Ttri_CDW60427.1	290	416	HhH-GPD	PF00730.31	4.1e-23
Atri_XP_011623705.1	185	312	HhH-GPD	PF00730.31	4.2e-23
Bnap_XP_013641886.2	152	295	HhH-GPD	PF00730.31	2.4e-23
Psat_XP_050873539.1	105	234	HhH-GPD	PF00730.31	4.2e-23
Atha_NP_563752.1	185	312	HhH-GPD	PF00730.31	3.6e-23
Ttri_CDW58208.1	93	229	HhH-GPD	PF00730.31	3.2e-23
Ofus_CAH1776066.1	98	232	HhH-GPD	PF00730.31	7.4e-23
Plae_KAI0984760.1	156	292	HhH-GPD	PF00730.31	4e-23
Rcul_nRc.2.0.1.t14819-RA	134	273	HhH-GPD	PF00730.31	5.2e-23
Lcom_lcpid71913|	74	207	HhH-GPD	PF00730.31	1.7e-21
Scil_XP_065176326.1	151	289	HhH-GPD	PF00730.31	7.9e-23
Osat_XP_015618796.1	98	227	HhH-GPD	PF00730.31	8.4e-23
Mbel_CAJ0930075.1	73	207	HhH-GPD	PF00730.31	1.6e-22
Pigvie_Pvie_g11681	155	290	HhH-GPD	PF00730.31	7e-23
Ovol_OVOC3319	113	247	HhH-GPD	PF00730.31	6.4e-23
Bmal_XP_001897050.1	83	217	HhH-GPD	PF00730.31	5.9e-23
Smoe_XP_002966510.2	134	260	HhH-GPD	PF00730.31	9.6e-23
Trimur_TMUE_1000003011	258	395	HhH-GPD	PF00730.31	8.8e-23
Smoe_XP_002982352.2	134	260	HhH-GPD	PF00730.31	9.6e-23
Crei_XP_001701896.1	125	248	HhH-GPD	PF00730.31	9.6e-23
Ccri_XP_005718085.1	129	263	HhH-GPD	PF00730.31	1.5e-22
Emue_Em0017g160a	107	244	HhH-GPD	PF00730.31	1.3e-22
Xtro_NP_001037884.1	120	256	HhH-GPD	PF00730.31	9.7e-23
Btab_XP_018910276.1	182	320	HhH-GPD	PF00730.31	1.3e-22
Aplcal_XP_005105692.1	82	215	HhH-GPD	PF00730.31	2.2e-22
Tspi_XP_003370658.1	126	258	HhH-GPD	PF00730.31	1.4e-22
Cowc_XP_004364406.2	145	264	HhH-GPD	PF00730.31	2.5e-22
Atri_XP_020531895.1	176	303	HhH-GPD	PF00730.31	2e-22
Dpul_XP_046442978.1	75	208	HhH-GPD	PF00730.31	2.7e-22
Lana_XP_013407654.2	175	311	HhH-GPD	PF00730.31	1.7e-22
Lana_XP_013405756.1	175	311	HhH-GPD	PF00730.31	1.8e-22
Tnat_KRZ49586.1	72	204	HhH-GPD	PF00730.31	1.9e-22
Osat_XP_015639556.1	122	266	HhH-GPD	PF00730.31	2e-22
Ccri_XP_005715650.1	154	269	HhH-GPD	PF00730.31	2e-22
Tbri_KRY47559.1	21	153	HhH-GPD	PF00730.31	1.8e-22
Bnap_XP_013648910.1	129	273	HhH-GPD	PF00730.31	2.6e-22
Hrob_XP_009011513.1	34	168	HhH-GPD	PF00730.31	1.9e-22
Spur_XP_030852406.1	66	200	HhH-GPD	PF00730.31	3e-22
Psat_XP_050877601.1	167	310	HhH-GPD	PF00730.31	2.4e-22
Bnap_XP_013698327.2	150	293	HhH-GPD	PF00730.31	2.3e-22
Bnap_XP_013682545.1	145	289	HhH-GPD	PF00730.31	2.8e-22
Sollyc_XP_004241397.1	186	315	HhH-GPD	PF00730.31	2.6e-22
Mbre_XP_001744114.1	47	166	HhH-GPD	PF00730.31	2.3e-22
Cbra_GBG79476.1	388	512	HhH-GPD	PF00730.31	4.2e-22
Rchi_XP_024182330.1	96	239	HhH-GPD	PF00730.31	3.2e-22
Pvan_XP_027229985.2	63	196	HhH-GPD	PF00730.31	1e-21
Tnel_KRX18663.1	97	229	HhH-GPD	PF00730.31	5.1e-22
Atha_NP_190657.1	109	253	HhH-GPD	PF00730.31	6.1e-22
Spur_XP_793669.5	248	384	HhH-GPD	PF00730.31	6.9e-22
Qlob_XP_030975313.1	185	328	HhH-GPD	PF00730.31	6.6e-22
Scil_XP_065184352.1	92	225	HhH-GPD	PF00730.31	1.3e-21
Cint_XP_002124717.2	1	134	HhH-GPD	PF00730.31	7.3e-22
Cper_Nk52_evm54s239	130	258	HhH-GPD	PF00730.31	9.9e-22
Spur_XP_030852704.1	65	199	HhH-GPD	PF00730.31	1.5e-21
Pigchi_Pchi_g13027	193	327	HhH-GPD	PF00730.31	1.2e-21
Spur_XP_030852703.1	65	199	HhH-GPD	PF00730.31	1.5e-21
Ppat_XP_024400083.1	144	286	HhH-GPD	PF00730.31	1.3e-21
Apla_XP_022087850.1	140	274	HhH-GPD	PF00730.31	1.9e-21
Atha_NP_193010.2	166	317	HhH-GPD	PF00730.31	1.1e-20
Ppat_XP_024400081.1	173	315	HhH-GPD	PF00730.31	1.6e-21
Tura_XP_048550952.1	114	259	HhH-GPD	PF00730.31	1.5e-21
Ppat_XP_024400082.1	160	302	HhH-GPD	PF00730.31	1.4e-21
Ofus_CAH1794331.1	136	272	HhH-GPD	PF00730.31	1.5e-21
Ppat_XP_024400080.1	189	331	HhH-GPD	PF00730.31	1.7e-21
Cper_Nk52_evm60s210	151	270	HhH-GPD	PF00730.31	4.6e-21
Sollyc_XP_019071321.1	81	207	HhH-GPD	PF00730.31	1.8e-21
Emue_Em0021g955a	51	173	HhH-GPD	PF00730.31	4.9e-20
Sollyc_XP_025888587.1	108	234	HhH-GPD	PF00730.31	2.2e-21
Qlob_XP_030950531.1	177	320	HhH-GPD	PF00730.31	4.3e-21
Sros_XP_004991835.1	27	157	HhH-GPD	PF00730.31	3.9e-21
Emue_Em0021g969a	51	181	HhH-GPD	PF00730.31	4.5e-20
Bxyl_CAG9108727.1	83	217	HhH-GPD	PF00730.31	2.9e-21
Sollyc_XP_010326700.1	139	265	HhH-GPD	PF00730.31	2.8e-21
Bdis_XP_003567815.2	113	258	HhH-GPD	PF00730.31	3.7e-21
Cofcan_CDP20302.1	161	300	HhH-GPD	PF00730.31	4.8e-21
Mpol_BFI36662.1	113	237	HhH-GPD	PF00730.31	9.5e-21
Mesc_XP_021632003.1	85	216	HhH-GPD	PF00730.31	5.9e-21
Aplcal_XP_012943659.1	237	374	HhH-GPD	PF00730.31	6.5e-21
Mtru_XP_039688090.1	160	303	HhH-GPD	PF00730.31	6.6e-21
Twil_T_wilhelma_c29714_g1_i2|m.31408	303	424	HhH-GPD	PF00730.31	6.8e-21
Twil_T_wilhelma_c29714_g1_i5|m.31413	303	424	HhH-GPD	PF00730.31	6.8e-21
Tadh_XP_002109522.1	113	250	HhH-GPD	PF00730.31	6.1e-21
Lcom_lcpid90727|	167	304	HhH-GPD	PF00730.31	7.5e-21
Bnap_XP_013748728.1	105	249	HhH-GPD	PF00730.31	8.5e-21
Bnap_XP_048596989.1	105	249	HhH-GPD	PF00730.31	8.5e-21
Twil_T_wilhelma_c29714_g1_i4|m.31412	303	424	HhH-GPD	PF00730.31	9.2e-21
Twil_T_wilhelma_c29714_g1_i7|m.31417	303	424	HhH-GPD	PF00730.31	9.2e-21
Bnap_XP_013693452.1	109	253	HhH-GPD	PF00730.31	1.4e-20
Mtru_XP_039686805.1	128	264	HhH-GPD	PF00730.31	1.7e-20
Mtru_XP_024631851.1	127	263	HhH-GPD	PF00730.31	2.5e-20
Mtru_XP_003597497.1	128	264	HhH-GPD	PF00730.31	2.5e-20
Atri_XP_020531897.1	176	267	HhH-GPD	PF00730.31	1.5e-19
Zmay_NP_001141973.1	125	270	HhH-GPD	PF00730.31	2.6e-20
Zmay_NP_001132742.1	131	276	HhH-GPD	PF00730.31	1.7e-20
Scil_XP_065184353.1	2	130	HhH-GPD	PF00730.31	4.9e-20
Apla_XP_022080218.1	199	335	HhH-GPD	PF00730.31	5.7e-20
Mesc_XP_021613945.1	178	321	HhH-GPD	PF00730.31	6.2e-20
Cofcan_CDP02014.1	124	267	HhH-GPD	PF00730.31	7.9e-20
Awhi_Unigene15681_Abeoforma_whisleri|m.9798	103	165	HhH-GPD	PF00730.31	1.1e-19
Lsat_XP_023760724.1	167	310	HhH-GPD	PF00730.31	1.1e-19
Mesc_XP_021604746.1	115	258	HhH-GPD	PF00730.31	1.6e-19
Rchi_XP_024164865.1	156	299	HhH-GPD	PF00730.31	1.1e-19
Ppur_KAA8498425.1	145	261	HhH-GPD	PF00730.31	2.5e-19
Sollyc_XP_004233519.1	142	285	HhH-GPD	PF00730.31	1.5e-19
Mesc_XP_021601278.1	181	324	HhH-GPD	PF00730.31	1.7e-19
Psat_XP_050906607.1	103	247	HhH-GPD	PF00730.31	5e-19
Mtru_XP_003612010.1	109	253	HhH-GPD	PF00730.31	5.7e-19
Zmay_NP_001151950.1	108	261	HhH-GPD	PF00730.31	6.6e-19
Cint_XP_004227222.1	50	185	HhH-GPD	PF00730.31	9.4e-19
Ecur_TVU20276.1	110	262	HhH-GPD	PF00730.31	1.1e-18
Ppat_XP_024368888.1	314	457	HhH-GPD	PF00730.31	1.5e-18
Lsat_XP_023737825.1	206	348	HhH-GPD	PF00730.31	1.7e-18
Cfra_CFRG8164T1	332	476	HhH-GPD	PF00730.31	2.3e-18
Ppat_XP_024379117.1	138	283	HhH-GPD	PF00730.31	3.3e-18
Gpal_Gpal_D383_g05861.t1	62	171	HhH-GPD	PF00730.31	2e-18
Tura_XP_048549888.1	106	252	HhH-GPD	PF00730.31	2.1e-18
Otau_XP_003083445.1	105	247	HhH-GPD	PF00730.31	2.2e-18
Mpol_BFI36661.1	121	249	HhH-GPD	PF00730.31	4.3e-18
Mpol_BFI23629.1	247	388	HhH-GPD	PF00730.31	6.1e-18
Sros_XP_004995652.1	244	380	HhH-GPD	PF00730.31	6.9e-18
Clim_Clim_evm83s215	131	269	HhH-GPD	PF00730.31	1.2e-16
Wban_VDM15101.1	2	119	HhH-GPD	PF00730.31	8.4e-18
Bdis_XP_024315888.1	107	249	HhH-GPD	PF00730.31	1.1e-17
Ppat_XP_024398995.1	192	331	HhH-GPD	PF00730.31	3.3e-17
Ppat_XP_024398996.1	192	331	HhH-GPD	PF00730.31	3.3e-17
Clim_Clim_evm42s236	131	275	HhH-GPD	PF00730.31	3.4e-17
Hsap_NP_001337579.1	13	123	HhH-GPD	PF00730.31	8.3e-17
Hsap_NP_001337580.1	13	123	HhH-GPD	PF00730.31	8.3e-17
Hsap_NP_001394011.1	13	123	HhH-GPD	PF00730.31	8.3e-17
Sarc_XP_014150375.1	3	147	HhH-GPD	PF00730.31	3.1e-17
Lpol_XP_013774934.1	119	268	HhH-GPD	PF00730.31	3.9e-17
Hsap_NP_001341580.1	143	285	HhH-GPD	PF00730.31	1.1e-16
Hsap_NP_058437.1	143	285	HhH-GPD	PF00730.31	1.9e-16
Osat_XP_066166713.1	106	255	HhH-GPD	PF00730.31	3.7e-17
Clim_Clim_evm2s198	217	371	HhH-GPD	PF00730.31	5.1e-17
Hsap_NP_058438.1	143	285	HhH-GPD	PF00730.31	1.5e-16
Hsap_NP_058212.1	143	285	HhH-GPD	PF00730.31	1.5e-16
Hsap_XP_047304156.1	143	285	HhH-GPD	PF00730.31	1.7e-16
Hsap_NP_002533.1	143	285	HhH-GPD	PF00730.31	1.8e-16
Cscu_XP_023222736.1	96	242	HhH-GPD	PF00730.31	1.1e-16
Cscu_XP_023222737.1	96	242	HhH-GPD	PF00730.31	1.1e-16
Cscu_XP_023222735.1	97	243	HhH-GPD	PF00730.31	1.1e-16
Hsap_NP_058213.1	143	285	HhH-GPD	PF00730.31	2.6e-16
Cscu_XP_023222733.1	100	246	HhH-GPD	PF00730.31	1.2e-16
Cscu_XP_023222734.1	100	246	HhH-GPD	PF00730.31	1.2e-16
Hsap_NP_058214.1	143	285	HhH-GPD	PF00730.31	2.8e-16
Cscu_XP_023222732.1	144	290	HhH-GPD	PF00730.31	1.7e-16
Pgem_Unigene35663_Pirum_gemmata|m.22048	59	121	HhH-GPD	PF00730.31	2.8e-16
Dimm_MCP9257446.1	66	195	HhH-GPD	PF00730.31	2.9e-16
Mpol_BFI39821.1	369	513	HhH-GPD	PF00730.31	5.7e-16
Lana_XP_013386395.1	158	304	HhH-GPD	PF00730.31	6e-16
Ofus_CAH1786103.1	187	330	HhH-GPD	PF00730.31	6.2e-16
Lana_XP_013386394.1	204	350	HhH-GPD	PF00730.31	7.7e-16
Psat_XP_050873540.1	105	217	HhH-GPD	PF00730.31	1.7e-15
Hsap_NP_001394009.1	104	224	HhH-GPD	PF00730.31	1.8e-13
Hsap_XP_047277157.1	104	224	HhH-GPD	PF00730.31	1.8e-13
Hsap_NP_001394008.1	105	225	HhH-GPD	PF00730.31	1.8e-13
Hsap_NP_001394002.1	118	238	HhH-GPD	PF00730.31	1.9e-13
Hsap_XP_047277155.1	121	241	HhH-GPD	PF00730.31	1.9e-13
Hsap_NP_001393998.1	129	249	HhH-GPD	PF00730.31	2e-13
Hsap_XP_011539805.1	132	252	HhH-GPD	PF00730.31	2e-13
Blan_XP_066295624.1	199	350	HhH-GPD	PF00730.31	3e-15
Psat_XP_050899634.1	175	239	HhH-GPD	PF00730.31	3.2e-15
Cvir_XP_022321338.1	155	307	HhH-GPD	PF00730.31	4e-15
Tadh_XP_002110873.1	136	283	HhH-GPD	PF00730.31	8.8e-15
Atri_XP_006836744.1	119	260	HhH-GPD	PF00730.31	6.4e-15
Skow_XP_002735040.1	165	313	HhH-GPD	PF00730.31	1.1e-14
Atri_XP_011620921.1	119	266	HhH-GPD	PF00730.31	7.5e-15
Crei_XP_001697350.2	311	456	HhH-GPD	PF00730.31	9.3e-15
Tnel_KRX18592.1	2592	2732	HhH-GPD	PF00730.31	5.9e-13
Spur_XP_030840214.1	176	328	HhH-GPD	PF00730.31	9.8e-15
Tbri_KRY60695.1	2585	2725	HhH-GPD	PF00730.31	5.9e-13
Tbri_KRY60691.1	2536	2676	HhH-GPD	PF00730.31	5.8e-13
Tnat_KRZ54774.1	2555	2695	HhH-GPD	PF00730.31	5.9e-13
Tbri_KRY60692.1	2594	2734	HhH-GPD	PF00730.31	6e-13
Tnat_KRZ54777.1	2564	2704	HhH-GPD	PF00730.31	5.9e-13
Avag_UJR23338.1	143	290	HhH-GPD	PF00730.31	1.3e-14
Tbri_KRY60696.1	2562	2702	HhH-GPD	PF00730.31	5.9e-13
Spur_XP_030853619.1	176	328	HhH-GPD	PF00730.31	1.4e-14
Agrpla_XP_018328923.1	125	274	HhH-GPD	PF00730.31	5.4e-14
Agrpla_XP_018328924.1	125	274	HhH-GPD	PF00730.31	5.4e-14
Agrpla_XP_018328925.1	125	274	HhH-GPD	PF00730.31	5.4e-14
Cowc_XP_004343212.1	177	324	HhH-GPD	PF00730.31	3.1e-14
Tspi_XP_003374579.1	119	261	HhH-GPD	PF00730.31	2e-14
Lsat_XP_023730218.1	104	247	HhH-GPD	PF00730.31	2e-14
Tnat_KRZ54775.1	1339	1479	HhH-GPD	PF00730.31	2.9e-13
Atri_XP_020523394.1	185	249	HhH-GPD	PF00730.31	4.7e-14
Tbri_KRY60693.1	1369	1509	HhH-GPD	PF00730.31	2.9e-13
Dpul_XP_046455800.1	137	286	HhH-GPD	PF00730.31	2.7e-14
Agrpla_XP_018335213.1	140	202	HhH-GPD	PF00730.31	3e-14
Cvir_XP_022325295.1	159	310	HhH-GPD	PF00730.31	3e-14
Cofcan_CDP20076.1	116	243	HhH-GPD	PF00730.31	3.5e-14
Pigchi_Pchi_g9991	105	269	HhH-GPD	PF00730.31	5.7e-14
Mtru_XP_003608916.1	88	232	HhH-GPD	PF00730.31	5.6e-14
Rchi_XP_024168822.1	99	243	HhH-GPD	PF00730.31	4.6e-14
Bdis_XP_003564024.1	82	226	HhH-GPD	PF00730.31	3.8e-14
Emue_Em0004g1369a	113	254	HhH-GPD	PF00730.31	5.1e-14
Tbri_KRY60694.1	2514	2654	HhH-GPD	PF00730.31	5.8e-13
Cbra_GBG59495.1	504	561	HhH-GPD	PF00730.31	1.3e-13
Atri_XP_020531896.1	176	286	HhH-GPD	PF00730.31	1.3e-13
Twil_T_wilhelma_c29714_g1_i3|m.31409	303	366	HhH-GPD	PF00730.31	1.1e-13
Smar_SMAR006175-PA	122	266	HhH-GPD	PF00730.31	2.3e-13
Mbre_XP_001748881.1	177	288	HhH-GPD	PF00730.31	2.3e-13
Ggal_XP_015148629.2	129	253	HhH-GPD	PF00730.31	1.4e-13
Apla_XP_022085165.1	179	328	HhH-GPD	PF00730.31	2.1e-13
Apla_XP_022085164.1	182	331	HhH-GPD	PF00730.31	2.2e-13
Ddip_jg15154	96	214	HhH-GPD	PF00730.31	2.2e-13
Zmay_NP_001307434.1	80	223	HhH-GPD	PF00730.31	2.5e-13
Zmay_XP_020394757.1	80	223	HhH-GPD	PF00730.31	2.5e-13
Btab_XP_018911415.1	189	329	HhH-GPD	PF00730.31	3.6e-13
Bmor_XP_004928834.1	129	277	HhH-GPD	PF00730.31	3.3e-13
Ggal_NP_001264767.2	129	265	HhH-GPD	PF00730.31	3.9e-13
Ggal_XP_015148627.2	129	265	HhH-GPD	PF00730.31	3.9e-13
Ecur_TVU29719.1	216	350	HhH-GPD	PF00730.31	5e-13
Ecur_TVU11872.1	87	229	HhH-GPD	PF00730.31	4.7e-13
Zmay_NP_001141776.1	213	347	HhH-GPD	PF00730.31	6.6e-13
Tura_XP_048545670.1	81	224	HhH-GPD	PF00730.31	6.6e-13
Tura_XP_048561743.1	193	327	HhH-GPD	PF00730.31	1.2e-12
Tura_XP_048561744.1	193	327	HhH-GPD	PF00730.31	1.2e-12
Aque_XP_011405106.1	131	271	HhH-GPD	PF00730.31	1.3e-12
Drer_NP_001116780.1	171	312	HhH-GPD	PF00730.31	2.3e-12
Drer_XP_009302520.1	171	312	HhH-GPD	PF00730.31	2.3e-12
Hrob_XP_009029867.1	168	341	HhH-GPD	PF00730.31	1.7e-12
Atha_NP_566893.1	101	244	HhH-GPD	PF00730.31	1.7e-12
Obim_XP_014771288.1	64	208	HhH-GPD	PF00730.31	1.8e-12
Obim_XP_052831751.1	64	208	HhH-GPD	PF00730.31	1.8e-12
Obim_XP_052831752.1	64	208	HhH-GPD	PF00730.31	1.8e-12
Obim_XP_052831753.1	64	208	HhH-GPD	PF00730.31	1.8e-12
Obim_XP_052831754.1	64	208	HhH-GPD	PF00730.31	1.8e-12
Bdis_XP_003575128.1	201	335	HhH-GPD	PF00730.31	2.2e-12
Bdis_XP_010235539.1	201	335	HhH-GPD	PF00730.31	2.2e-12
Bdis_XP_010235540.1	201	335	HhH-GPD	PF00730.31	2.2e-12
Otau_XP_003083671.2	140	322	HhH-GPD	PF00730.31	1.9e-11
Pvan_XP_069979165.1	163	303	HhH-GPD	PF00730.31	2.9e-12
Dmel_NP_572499.2	142	296	HhH-GPD	PF00730.31	2.1e-12
Osat_XP_015641912.3	81	225	HhH-GPD	PF00730.31	2.1e-12
Obim_XP_014771286.1	119	263	HhH-GPD	PF00730.31	2.9e-12
Obim_XP_052831750.1	119	263	HhH-GPD	PF00730.31	2.9e-12
Osat_XP_015627252.2	1088	1221	HhH-GPD	PF00730.31	3.7e-12
Hsap_XP_047277159.1	13	112	HhH-GPD	PF00730.31	9e-12
Apimel_XP_016767627.1	126	278	HhH-GPD	PF00730.31	3.9e-12
Xtro_XP_017949188.1	225	361	HhH-GPD	PF00730.31	4.3e-12
Xtro_XP_017949187.1	184	320	HhH-GPD	PF00730.31	4.5e-12
Hsap_NP_001305122.2	118	206	HhH-GPD	PF00730.31	3.5e-12
Psat_XP_050871088.1	86	230	HhH-GPD	PF00730.31	5e-12
Twil_T_wilhelma_c27665_g1_i2|m.21566	118	265	HhH-GPD	PF00730.31	3.8e-12
Clim_Clim_evm43s214	142	286	HhH-GPD	PF00730.31	5.6e-12
Xtro_XP_004914171.1	225	361	HhH-GPD	PF00730.31	5.5e-12
Sollyc_XP_004236146.1	109	253	HhH-GPD	PF00730.31	6.1e-12
Avag_UJR25563.1	144	306	HhH-GPD	PF00730.31	5.4e-12
Qlob_XP_030940583.1	85	229	HhH-GPD	PF00730.31	7.2e-12
Hsap_XP_047277160.1	12	109	HhH-GPD	PF00730.31	2.1e-11
Hsap_NP_001341581.1	143	265	HhH-GPD	PF00730.31	2.4e-11
Ttri_CDW52173.1	63	201	HhH-GPD	PF00730.31	7.3e-12
Lsat_XP_023747531.1	177	316	HhH-GPD	PF00730.31	1e-11
Hsap_XP_016861986.1	143	265	HhH-GPD	PF00730.31	2.5e-11
Hsap_XP_016861983.1	143	265	HhH-GPD	PF00730.31	3.1e-11
Aplcal_XP_005095305.2	206	357	HhH-GPD	PF00730.31	1.8e-11
Hsap_XP_047304157.1	143	239	HhH-GPD	PF00730.31	4.2e-11
Hsap_XP_047304158.1	143	239	HhH-GPD	PF00730.31	4.2e-11
Sollyc_XP_004250389.2	180	318	HhH-GPD	PF00730.31	1.8e-11
Sollyc_XP_019066591.2	180	318	HhH-GPD	PF00730.31	1.8e-11
Sollyc_XP_069152968.1	120	202	HhH-GPD	PF00730.31	1.5e-11
Hsap_XP_016861984.1	143	247	HhH-GPD	PF00730.31	4.2e-11
Tsui_KHJ41171.1	2611	2748	HhH-GPD	PF00730.31	2.6e-10
Hsap_NP_001341579.1	143	241	HhH-GPD	PF00730.31	5.1e-11
Hsap_XP_016861982.1	143	247	HhH-GPD	PF00730.31	5.5e-11
Hsap_NP_058434.1	143	239	HhH-GPD	PF00730.31	5.6e-11
Asuu_AgB10_g068_t03	132	272	HhH-GPD	PF00730.31	2.5e-11
Asuu_AgB10_g068_t01	132	271	HhH-GPD	PF00730.31	3e-11
Asuu_AgB10_g068_t02	132	271	HhH-GPD	PF00730.31	3e-11
Psat_XP_050878997.1	163	300	HhH-GPD	PF00730.31	1.3e-10
Psat_XP_050878995.1	163	300	HhH-GPD	PF00730.31	1.3e-10
Mesc_XP_021615048.1	102	246	HhH-GPD	PF00730.31	3.5e-11
Sbat_VDP02140.1	48	188	HhH-GPD	PF00730.31	3e-11
Rchi_XP_024161563.1	165	301	HhH-GPD	PF00730.31	4.2e-11
Mlei_ML00743a-PA	245	297	HhH-GPD	PF00730.31	4.2e-11
Bnap_XP_022574811.1	92	232	HhH-GPD	PF00730.31	3.5e-11
Bnap_XP_013710063.2	96	236	HhH-GPD	PF00730.31	3.5e-11
Ever_VDD85333.1	82	217	HhH-GPD	PF00730.31	4.3e-11
Plae_KAI0978508.1	650	786	HhH-GPD	PF00730.31	7.2e-11
Plae_KAI0978507.1	651	787	HhH-GPD	PF00730.31	7.3e-11
Diplco_DCO_026513	292	443	HhH-GPD	PF00730.31	2.2e-10
Bnap_XP_013698348.1	156	294	HhH-GPD	PF00730.31	1.4e-10
Diplco_DCO_004637	644	795	HhH-GPD	PF00730.31	3.6e-10
Scil_XP_065193472.1	172	309	HhH-GPD	PF00730.31	7.1e-11
Bnap_XP_013642363.1	157	306	HhH-GPD	PF00730.31	8.7e-11
Awhi_Unigene4673_Abeoforma_whisleri|m.3101	19	92	HhH-GPD	PF00730.31	5.7e-11
Crei_XP_042924524.1	121	248	HhH-GPD	PF00730.31	7.4e-11
Mesc_XP_021604152.1	181	317	HhH-GPD	PF00730.31	1.4e-10
Hduj_OQV25764.1	139	276	HhH-GPD	PF00730.31	2e-10
Smar_SMAR001788-PA	307	384	HhH-GPD	PF00730.31	1.4e-10
Mesc_XP_021604151.1	181	317	HhH-GPD	PF00730.31	1.5e-10
Atri_XP_020530632.1	77	210	HhH-GPD	PF00730.31	1.2e-10
Qlob_XP_030937058.1	172	307	HhH-GPD	PF00730.31	1.7e-10
Mpol_BFI31877.1	176	312	HhH-GPD	PF00730.31	1.6e-10
Cofcan_CDP10950.1	203	339	HhH-GPD	PF00730.31	1.6e-10
Atri_XP_006856686.1	173	305	HhH-GPD	PF00730.31	2.3e-10
Atri_XP_020530629.1	173	305	HhH-GPD	PF00730.31	2.3e-10
Trimur_TMUE_3000011595	2537	2675	HhH-GPD	PF00730.31	3.9e-09
Crei_XP_042928986.1	285	390	HhH-GPD	PF00730.31	7.8e-08
Lloa_XP_020305170.1	74	160	HhH-GPD	PF00730.31	6.8e-10
Srat_XP_024504883.1	123	264	HhH-GPD	PF00730.31	8.4e-10
Ppur_KAA8495777.1	249	387	HhH-GPD	PF00730.31	9.5e-10
Lpol_XP_013793089.1	68	145	HhH-GPD	PF00730.31	6.9e-10
Mtru_XP_024630443.1	168	280	HhH-GPD	PF00730.31	4e-09
Cint_XP_002131434.1	160	301	HhH-GPD	PF00730.31	8.4e-10
Cint_XP_009859693.1	160	301	HhH-GPD	PF00730.31	8.4e-10
Pigvie_Pvie_g6990	2	138	HhH-GPD	PF00730.31	7.8e-10
Mtru_XP_003602060.3	169	305	HhH-GPD	PF00730.31	1.2e-09
Gpal_Gpal_D383_g02498.t1	18	169	HhH-GPD	PF00730.31	8.7e-10
Skow_XP_006820974.1	97	168	HhH-GPD	PF00730.31	1.1e-09
Pigvie_Pvie_g11663	163	245	HhH-GPD	PF00730.31	1.8e-09
Cfra_CFRG7382T1	125	264	HhH-GPD	PF00730.31	1.7e-09
Smoe_XP_002987754.2	250	365	HhH-GPD	PF00730.31	2.2e-09
Echgra_XP_024353096.1	147	284	HhH-GPD	PF00730.31	1.4e-09
Smoe_XP_002992263.2	250	365	HhH-GPD	PF00730.31	2.2e-09
Ppat_XP_024396718.1	252	384	HhH-GPD	PF00730.31	5.7e-09
Lcom_lcpid52617|	138	277	HhH-GPD	PF00730.31	2.7e-09
Mtru_XP_013443136.2	168	266	HhH-GPD	PF00730.31	7.2e-09
Mtru_XP_024630440.2	168	266	HhH-GPD	PF00730.31	7.2e-09
Mtru_XP_024630441.2	168	266	HhH-GPD	PF00730.31	7.2e-09
Smed_h1SMcT0006294.1	119	262	HhH-GPD	PF00730.31	2.6e-09
Smed_h1SMcT0006294.3	119	262	HhH-GPD	PF00730.31	2.9e-09
Smed_h1SMcT0006294.2	119	262	HhH-GPD	PF00730.31	3e-09
Atha_NP_173590.1	156	290	HhH-GPD	PF00730.31	4.2e-09
Gpal_Gpal_D383_g02498.t2	130	281	HhH-GPD	PF00730.31	3e-09
Sypmur_SMUV_0000492901-mRNA-1	145	285	HhH-GPD	PF00730.31	4.3e-09
Rvar_GAU88451.1	158	291	HhH-GPD	PF00730.31	5.2e-09
Blan_XP_066285297.1	630	703	HhH-GPD	PF00730.31	7.9e-09
Blan_XP_066285298.1	630	703	HhH-GPD	PF00730.31	7.9e-09
Pigchi_Pchi_g11047	160	296	HhH-GPD	PF00730.31	8.7e-09
Smoe_XP_002960803.1	144	274	HhH-GPD	PF00730.31	3.3e-08
Smoe_XP_002983867.1	144	274	HhH-GPD	PF00730.31	3.3e-08
Smoe_XP_024544880.1	144	274	HhH-GPD	PF00730.31	3.3e-08
Smoe_XP_024544881.1	144	274	HhH-GPD	PF00730.31	3.3e-08
Smoe_XP_024544882.1	144	274	HhH-GPD	PF00730.31	3.3e-08
Cele_NP_001254909.1	14	49	HhH-GPD	PF00730.31	1.4e-08
Cbra_GBG90817.1	918	995	HhH-GPD	PF00730.31	1.5e-08
Cscu_XP_023237756.1	294	364	HhH-GPD	PF00730.31	1.6e-08
Ecur_TVU25819.1	154	201	HhH-GPD	PF00730.31	3e-08
Twil_T_wilhelma_c29714_g1_i1|m.31406	145	194	HhH-GPD	PF00730.31	2e-08
Pgem_Unigene11147_Pirum_gemmata|m.7276	115	188	HhH-GPD	PF00730.31	2.3e-08
Scar_TKR58351.1	342	484	HhH-GPD	PF00730.31	9.4e-08
Atri_XP_020530631.1	172	298	HhH-GPD	PF00730.31	2.7e-08
Ecur_TVU25816.1	175	222	HhH-GPD	PF00730.31	3.5e-08
Sros_XP_004993637.1	124	208	HhH-GPD	PF00730.31	3.9e-08
Bnap_XP_022550734.1	96	246	HhH-GPD	PF00730.31	3.3e-08
Mjap_MIJAPON000011850.t1	122	270	HhH-GPD	PF00730.31	4.9e-08
Twil_T_wilhelma_c29714_g1_i6|m.31414	303	352	HhH-GPD	PF00730.31	4.8e-08
Qlob_XP_030956248.1	27	88	HhH-GPD	PF00730.31	4.3e-08
Ppur_KAA8499290.1	135	261	HhH-GPD	PF00730.31	6.4e-08
Zmay_XP_020395320.1	695	791	HhH-GPD	PF00730.31	1.1e-07
Ddip_jg1093	81	233	HhH-GPD	PF00730.31	9.7e-08
Osat_XP_015651249.1	311	407	HhH-GPD	PF00730.31	1.1e-07
Otip_Oti_4180_t	122	262	HhH-GPD	PF00730.31	1.5e-07
Sman_XP_018650738.1	132	274	HhH-GPD	PF00730.31	1.1e-07
Zmay_XP_008648540.1	977	1073	HhH-GPD	PF00730.31	1.6e-07
Bdis_XP_010239584.1	464	555	HhH-GPD	PF00730.31	1.6e-07
Spur_XP_030856411.1	434	504	HhH-GPD	PF00730.31	2.1e-07
Bdis_XP_003580913.1	464	555	HhH-GPD	PF00730.31	1.7e-07
Obim_XP_014777552.1	144	254	HhH-GPD	PF00730.31	2.4e-07
Spur_XP_783908.3	431	501	HhH-GPD	PF00730.31	2.1e-07
Ggal_XP_025010186.1	297	368	HhH-GPD	PF00730.31	2e-07
Ggal_NP_990024.1	297	368	HhH-GPD	PF00730.31	2e-07
Ggal_XP_025010185.1	317	388	HhH-GPD	PF00730.31	2.2e-07
Ggal_XP_046755719.1	318	389	HhH-GPD	PF00730.31	2.2e-07
Ggal_XP_025010184.1	319	390	HhH-GPD	PF00730.31	2.2e-07
Sollyc_XP_025884926.1	71	173	HhH-GPD	PF00730.31	2.6e-07
Sollyc_XP_069149317.1	71	173	HhH-GPD	PF00730.31	2.6e-07
Sollyc_XP_069149318.1	71	173	HhH-GPD	PF00730.31	2.6e-07
Sollyc_XP_069149319.1	71	173	HhH-GPD	PF00730.31	2.6e-07
Sollyc_XP_069149320.1	71	173	HhH-GPD	PF00730.31	2.6e-07
Sollyc_XP_069149321.1	71	173	HhH-GPD	PF00730.31	2.6e-07
Sollyc_XP_069149322.1	71	173	HhH-GPD	PF00730.31	2.6e-07
Sollyc_XP_069149323.1	71	173	HhH-GPD	PF00730.31	2.6e-07
Sollyc_XP_069149324.1	71	173	HhH-GPD	PF00730.31	2.6e-07
Sollyc_XP_069149325.1	71	173	HhH-GPD	PF00730.31	2.6e-07
Sollyc_XP_069149326.1	71	173	HhH-GPD	PF00730.31	2.6e-07
