Mesc_XP_021610160.1	207	363	SAD_SRA	PF02182.23	4.3e-59
Mesc_XP_021610161.1	207	363	SAD_SRA	PF02182.23	4.3e-59
Mesc_XP_021610162.1	207	363	SAD_SRA	PF02182.23	4.3e-59
Mesc_XP_021610163.1	207	363	SAD_SRA	PF02182.23	4.3e-59
Rchi_XP_024190775.1	242	397	SAD_SRA	PF02182.23	1e-58
Rchi_XP_040374684.1	242	397	SAD_SRA	PF02182.23	1e-58
Atha_NP_001324387.1	328	483	SAD_SRA	PF02182.23	2.1e-58
Atha_NP_001324386.1	364	519	SAD_SRA	PF02182.23	2.3e-58
Atha_NP_001324388.1	364	519	SAD_SRA	PF02182.23	2.3e-58
Atha_NP_001324389.1	364	519	SAD_SRA	PF02182.23	2.3e-58
Atha_NP_181061.1	364	519	SAD_SRA	PF02182.23	2.3e-58
Mesc_XP_021626954.1	209	364	SAD_SRA	PF02182.23	6.9e-58
Mesc_XP_021626955.1	209	364	SAD_SRA	PF02182.23	6.9e-58
Psat_XP_050906999.1	684	832	SAD_SRA	PF02182.23	1.9e-57
Bnap_XP_013688341.2	308	467	SAD_SRA	PF02182.23	3.7e-57
Bnap_XP_048612284.1	245	404	SAD_SRA	PF02182.23	3.2e-57
Atha_NP_850030.1	329	486	SAD_SRA	PF02182.23	3e-57
Atha_NP_973514.1	329	486	SAD_SRA	PF02182.23	3e-57
Rchi_XP_024187976.1	280	437	SAD_SRA	PF02182.23	2.8e-57
Rchi_XP_024187977.1	280	437	SAD_SRA	PF02182.23	2.8e-57
Rchi_XP_024187978.1	280	437	SAD_SRA	PF02182.23	2.8e-57
Bnap_XP_022573864.2	315	474	SAD_SRA	PF02182.23	3.9e-57
Bnap_XP_013743630.2	315	474	SAD_SRA	PF02182.23	4.1e-57
Mesc_XP_021632358.1	581	733	SAD_SRA	PF02182.23	5.1e-57
Mesc_XP_021632376.1	581	733	SAD_SRA	PF02182.23	5.1e-57
Mesc_XP_021632381.1	581	733	SAD_SRA	PF02182.23	5.1e-57
Mesc_XP_021632390.1	581	733	SAD_SRA	PF02182.23	5.1e-57
Mesc_XP_043812543.1	581	733	SAD_SRA	PF02182.23	5.1e-57
Mesc_XP_043812545.1	581	733	SAD_SRA	PF02182.23	5.1e-57
Obim_XP_014774607.1	108	265	SAD_SRA	PF02182.23	6.8e-57
Qlob_XP_030946857.1	710	856	SAD_SRA	PF02182.23	1.1e-56
Qlob_XP_030946858.1	710	856	SAD_SRA	PF02182.23	1.1e-56
Smoe_XP_002974605.2	121	279	SAD_SRA	PF02182.23	1.4e-56
Ecur_TVU27134.1	206	357	SAD_SRA	PF02182.23	1.2e-56
Mtru_XP_013453447.1	638	786	SAD_SRA	PF02182.23	8.6e-57
Mtru_XP_003611386.1	638	786	SAD_SRA	PF02182.23	8.6e-57
Psat_XP_050911396.1	260	411	SAD_SRA	PF02182.23	1.6e-56
Ecur_TVU24136.1	160	309	SAD_SRA	PF02182.23	5.5e-48
Psat_XP_050912639.1	257	408	SAD_SRA	PF02182.23	1.6e-56
Osat_XP_015615626.1	204	353	SAD_SRA	PF02182.23	6.7e-56
Cofcan_CDP14340.1	279	432	SAD_SRA	PF02182.23	5.7e-56
Qlob_XP_030925812.1	259	414	SAD_SRA	PF02182.23	1.3e-55
Mtru_XP_024638477.2	433	581	SAD_SRA	PF02182.23	1.6e-55
Lsat_XP_042751780.1	215	367	SAD_SRA	PF02182.23	1.2e-55
Mesc_XP_021607208.1	228	380	SAD_SRA	PF02182.23	1.1e-55
Mesc_XP_021607209.1	228	380	SAD_SRA	PF02182.23	1.1e-55
Sollyc_XP_004241982.1	604	761	SAD_SRA	PF02182.23	1.7e-55
Smoe_XP_024522726.1	121	279	SAD_SRA	PF02182.23	1.7e-55
Cofcan_CDO99334.1	363	515	SAD_SRA	PF02182.23	2.4e-55
Mesc_XP_021595097.1	228	380	SAD_SRA	PF02182.23	1.7e-55
Mesc_XP_021595098.1	228	380	SAD_SRA	PF02182.23	1.7e-55
Mesc_XP_021595099.1	228	380	SAD_SRA	PF02182.23	1.7e-55
Osat_XP_066162712.1	199	348	SAD_SRA	PF02182.23	2.9e-55
Atha_NP_001332445.1	14	172	SAD_SRA	PF02182.23	3.8e-55
Cofcan_CDP08342.1	575	731	SAD_SRA	PF02182.23	3.3e-55
Mtru_XP_003624859.1	258	409	SAD_SRA	PF02182.23	3.5e-55
Lana_XP_013414439.1	575	742	SAD_SRA	PF02182.23	6.7e-55
Atha_NP_196900.1	148	306	SAD_SRA	PF02182.23	6.1e-55
Bdis_XP_003577097.1	214	365	SAD_SRA	PF02182.23	4.4e-55
Bdis_XP_024319308.1	214	365	SAD_SRA	PF02182.23	4.4e-55
Bnap_XP_013678549.1	187	341	SAD_SRA	PF02182.23	4.5e-55
Cscu_XP_023230679.1	418	583	SAD_SRA	PF02182.23	6e-55
Lsat_XP_023731581.1	253	406	SAD_SRA	PF02182.23	1e-54
Zmay_XP_020406410.1	234	388	SAD_SRA	PF02182.23	6.2e-55
Qlob_XP_030974210.1	281	433	SAD_SRA	PF02182.23	4.4e-55
Qlob_XP_030974211.1	281	433	SAD_SRA	PF02182.23	4.4e-55
Zmay_NP_001105205.2	192	345	SAD_SRA	PF02182.23	1.1e-54
Zmay_XP_008648289.1	214	367	SAD_SRA	PF02182.23	1.1e-54
Bnap_XP_013671324.2	193	345	SAD_SRA	PF02182.23	1e-54
Tura_XP_048574665.1	218	370	SAD_SRA	PF02182.23	1e-54
Lsat_XP_023741377.1	273	426	SAD_SRA	PF02182.23	1.7e-54
Atha_NP_565056.1	206	359	SAD_SRA	PF02182.23	1.2e-54
Bnap_XP_013648835.2	199	353	SAD_SRA	PF02182.23	1.5e-54
Bnap_XP_013648836.2	199	353	SAD_SRA	PF02182.23	1.5e-54
Bnap_XP_048616014.1	202	356	SAD_SRA	PF02182.23	1.5e-54
Sollyc_XP_004249103.1	262	417	SAD_SRA	PF02182.23	1.5e-54
Sollyc_XP_010327733.1	262	417	SAD_SRA	PF02182.23	1.5e-54
Bnap_XP_048616013.1	213	367	SAD_SRA	PF02182.23	1.5e-54
Cofcan_CDO99332.1	51	203	SAD_SRA	PF02182.23	1.5e-54
Sollyc_XP_004253015.1	219	371	SAD_SRA	PF02182.23	1.6e-54
Atha_NP_196113.1	211	361	SAD_SRA	PF02182.23	3e-54
Atha_NP_850767.1	211	361	SAD_SRA	PF02182.23	3e-54
Bnap_XP_013738447.2	275	434	SAD_SRA	PF02182.23	2.5e-54
Bnap_XP_013724396.2	188	341	SAD_SRA	PF02182.23	2.7e-54
Bnap_XP_022566248.2	188	341	SAD_SRA	PF02182.23	2.7e-54
Rchi_XP_024173775.1	324	472	SAD_SRA	PF02182.23	2.8e-54
Rchi_XP_024173776.1	324	472	SAD_SRA	PF02182.23	2.8e-54
Rchi_XP_024173778.1	324	472	SAD_SRA	PF02182.23	2.8e-54
Pvan_XP_027232430.2	406	572	SAD_SRA	PF02182.23	4e-54
Bnap_XP_013744463.2	193	345	SAD_SRA	PF02182.23	2.5e-54
Bnap_XP_048636585.1	279	437	SAD_SRA	PF02182.23	3.3e-54
Bnap_XP_013701892.2	219	372	SAD_SRA	PF02182.23	4.2e-54
Bnap_XP_013701893.2	219	372	SAD_SRA	PF02182.23	4.2e-54
Bnap_XP_048617351.1	219	372	SAD_SRA	PF02182.23	4.2e-54
Mtru_XP_013452448.3	13	171	SAD_SRA	PF02182.23	4.7e-54
Rchi_XP_024175323.1	608	756	SAD_SRA	PF02182.23	3.7e-54
Rchi_XP_024175324.1	593	741	SAD_SRA	PF02182.23	3.6e-54
Sollyc_XP_004247781.1	250	404	SAD_SRA	PF02182.23	4.9e-54
Sollyc_XP_069144866.1	250	404	SAD_SRA	PF02182.23	4.9e-54
Sollyc_XP_069144867.1	250	404	SAD_SRA	PF02182.23	4.9e-54
Bnap_XP_013649594.1	220	373	SAD_SRA	PF02182.23	4.2e-54
Bnap_XP_013649595.1	220	373	SAD_SRA	PF02182.23	4.2e-54
Bnap_XP_022544905.1	220	373	SAD_SRA	PF02182.23	4.2e-54
Bnap_XP_022544906.1	220	373	SAD_SRA	PF02182.23	4.2e-54
Atha_NP_001318341.1	206	358	SAD_SRA	PF02182.23	5.8e-54
Atha_NP_001324077.1	206	358	SAD_SRA	PF02182.23	5.8e-54
Atha_NP_001324078.1	206	358	SAD_SRA	PF02182.23	5.8e-54
Atha_NP_180887.1	206	358	SAD_SRA	PF02182.23	5.8e-54
Ppat_XP_024373966.1	278	435	SAD_SRA	PF02182.23	7.1e-54
Qlob_XP_030962702.1	238	391	SAD_SRA	PF02182.23	5.7e-54
Ppat_XP_024390262.1	246	403	SAD_SRA	PF02182.23	6.8e-54
Skow_XP_002740994.1	499	665	SAD_SRA	PF02182.23	9.3e-54
Rchi_XP_024196927.1	222	381	SAD_SRA	PF02182.23	8.2e-54
Mtru_XP_013458869.1	195	349	SAD_SRA	PF02182.23	6.5e-54
Zmay_NP_001105189.1	218	371	SAD_SRA	PF02182.23	1e-53
Cvir_XP_022319748.1	442	608	SAD_SRA	PF02182.23	1.2e-53
Cvir_XP_022319347.1	442	608	SAD_SRA	PF02182.23	1.2e-53
Blan_XP_066299509.1	551	719	SAD_SRA	PF02182.23	9.5e-54
Sollyc_XP_004247560.2	230	383	SAD_SRA	PF02182.23	7.2e-54
Rchi_XP_024192488.1	242	394	SAD_SRA	PF02182.23	8.7e-54
Rchi_XP_024182249.1	218	378	SAD_SRA	PF02182.23	1.5e-53
Rchi_XP_040370772.1	218	378	SAD_SRA	PF02182.23	1.5e-53
Tura_XP_048543269.1	219	372	SAD_SRA	PF02182.23	8.4e-54
Mtru_XP_039690982.1	118	276	SAD_SRA	PF02182.23	7.4e-54
Aplcal_XP_005101095.1	488	655	SAD_SRA	PF02182.23	2.9e-53
Aplcal_XP_005101094.1	488	655	SAD_SRA	PF02182.23	2.9e-53
Zmay_NP_001348221.1	236	389	SAD_SRA	PF02182.23	8.8e-54
Zmay_XP_008651238.1	236	389	SAD_SRA	PF02182.23	8.8e-54
Spur_XP_030843894.1	120	276	SAD_SRA	PF02182.23	8.8e-54
Atri_XP_020531468.1	239	400	SAD_SRA	PF02182.23	6.6e-54
Mtru_XP_013446218.1	320	477	SAD_SRA	PF02182.23	1.7e-53
Atri_XP_020531467.1	239	400	SAD_SRA	PF02182.23	8.1e-54
Smoe_XP_002976443.2	240	395	SAD_SRA	PF02182.23	1.6e-53
Ofus_CAH1789439.1	115	272	SAD_SRA	PF02182.23	1.2e-53
Spur_XP_011671026.2	120	276	SAD_SRA	PF02182.23	1.1e-53
Mtru_XP_013454650.2	577	725	SAD_SRA	PF02182.23	2e-53
Mtru_XP_024637367.1	577	725	SAD_SRA	PF02182.23	2e-53
Mtru_XP_013466753.1	212	366	SAD_SRA	PF02182.23	1.6e-53
Mtru_XP_024634924.1	212	366	SAD_SRA	PF02182.23	1.6e-53
Osat_XP_015647562.1	239	392	SAD_SRA	PF02182.23	1.5e-53
Osat_XP_066168711.1	239	392	SAD_SRA	PF02182.23	1.5e-53
Psat_XP_050882494.1	195	348	SAD_SRA	PF02182.23	1.7e-53
Tura_XP_048547443.1	221	373	SAD_SRA	PF02182.23	2.1e-53
Twil_T_wilhelma_c30511_g1_i1|m.36159	426	593	SAD_SRA	PF02182.23	3.4e-53
Apla_XP_022087295.1	526	694	SAD_SRA	PF02182.23	2.4e-53
Qlob_XP_030923347.1	833	979	SAD_SRA	PF02182.23	2e-53
Zmay_XP_008670073.1	264	417	SAD_SRA	PF02182.23	2e-53
Zmay_XP_008670074.1	264	417	SAD_SRA	PF02182.23	2e-53
Zmay_XP_008670075.1	264	417	SAD_SRA	PF02182.23	2e-53
Zmay_XP_023157431.1	264	417	SAD_SRA	PF02182.23	2e-53
Atri_XP_006838522.1	686	847	SAD_SRA	PF02182.23	3e-53
Atri_XP_020520123.1	686	847	SAD_SRA	PF02182.23	3e-53
Atri_XP_020520124.1	686	847	SAD_SRA	PF02182.23	3e-53
Atri_XP_020520125.1	685	846	SAD_SRA	PF02182.23	3e-53
Qlob_XP_030953439.1	13	174	SAD_SRA	PF02182.23	2.1e-53
Bdis_XP_010230910.1	196	347	SAD_SRA	PF02182.23	3.1e-53
Mtru_XP_003624506.2	279	438	SAD_SRA	PF02182.23	2.5e-53
Bdis_XP_014753692.1	204	355	SAD_SRA	PF02182.23	3.2e-53
Bdis_XP_014753693.1	204	355	SAD_SRA	PF02182.23	3.2e-53
Bdis_XP_024316013.1	204	355	SAD_SRA	PF02182.23	3.2e-53
Psat_XP_050872260.1	333	490	SAD_SRA	PF02182.23	1.6e-53
Hsap_NP_001041666.1	417	585	SAD_SRA	PF02182.23	2.2e-52
Hsap_NP_001276979.1	417	585	SAD_SRA	PF02182.23	2.2e-52
Hsap_NP_001276980.1	417	585	SAD_SRA	PF02182.23	2.2e-52
Hsap_NP_001276981.1	417	585	SAD_SRA	PF02182.23	2.2e-52
Tura_XP_048556489.1	225	378	SAD_SRA	PF02182.23	2.5e-53
Bnap_XP_013742573.2	195	348	SAD_SRA	PF02182.23	3.4e-53
Bnap_XP_048623234.1	188	341	SAD_SRA	PF02182.23	3.4e-53
Bnap_XP_048623235.1	188	341	SAD_SRA	PF02182.23	3.4e-53
Bnap_XP_048623236.1	188	341	SAD_SRA	PF02182.23	3.4e-53
Bnap_XP_022566972.1	192	345	SAD_SRA	PF02182.23	3.4e-53
Bnap_XP_048623233.1	192	345	SAD_SRA	PF02182.23	3.4e-53
Bdis_XP_003577855.1	209	361	SAD_SRA	PF02182.23	2.7e-53
Hsap_NP_037414.3	430	598	SAD_SRA	PF02182.23	2.3e-52
Ecur_TVU19915.1	351	504	SAD_SRA	PF02182.23	2.9e-53
Rchi_XP_024197538.1	271	421	SAD_SRA	PF02182.23	4.1e-53
Bnap_XP_013732981.1	279	437	SAD_SRA	PF02182.23	3.3e-53
Qlob_XP_030953437.1	222	383	SAD_SRA	PF02182.23	4.1e-53
Psat_XP_050911691.1	293	452	SAD_SRA	PF02182.23	5e-53
Osat_XP_015622512.1	278	430	SAD_SRA	PF02182.23	4.2e-53
Ecur_TVU36553.1	369	521	SAD_SRA	PF02182.23	8.8e-53
Psat_XP_050886437.1	215	369	SAD_SRA	PF02182.23	4.3e-53
Psat_XP_050886438.1	215	369	SAD_SRA	PF02182.23	4.3e-53
Lsat_XP_023733887.1	224	376	SAD_SRA	PF02182.23	4.9e-53
Bnap_XP_013710992.1	183	335	SAD_SRA	PF02182.23	4.6e-53
Bnap_XP_013711783.1	182	334	SAD_SRA	PF02182.23	4.3e-53
Atri_XP_006854264.1	419	572	SAD_SRA	PF02182.23	4.8e-53
Atri_XP_020519919.1	93	253	SAD_SRA	PF02182.23	5.3e-53
Psat_XP_050873039.1	237	390	SAD_SRA	PF02182.23	6.1e-53
Bnap_XP_022554352.1	134	293	SAD_SRA	PF02182.23	6.4e-53
Smoe_XP_002979834.2	246	401	SAD_SRA	PF02182.23	8.3e-53
Smoe_XP_024540520.1	246	401	SAD_SRA	PF02182.23	8.3e-53
Drer_NP_998242.1	414	582	SAD_SRA	PF02182.23	1e-52
Mesc_XP_043812027.1	215	374	SAD_SRA	PF02182.23	7.1e-53
Mesc_XP_021609542.2	215	374	SAD_SRA	PF02182.23	8.8e-53
Dpul_XP_046457160.1	146	302	SAD_SRA	PF02182.23	6.1e-53
Hrob_XP_009023456.1	477	644	SAD_SRA	PF02182.23	4.7e-53
Atri_XP_020519918.1	245	405	SAD_SRA	PF02182.23	8.1e-53
Atri_XP_011621748.2	247	407	SAD_SRA	PF02182.23	8.1e-53
Atri_XP_020519917.1	247	407	SAD_SRA	PF02182.23	8.1e-53
Atri_XP_006832937.1	235	390	SAD_SRA	PF02182.23	7.8e-53
Atri_XP_011620424.1	235	390	SAD_SRA	PF02182.23	7.8e-53
Lsat_XP_023737917.1	221	373	SAD_SRA	PF02182.23	5.4e-53
Osat_XP_015639838.1	215	367	SAD_SRA	PF02182.23	9.1e-53
Osat_XP_015639839.1	215	367	SAD_SRA	PF02182.23	9.1e-53
Sollyc_XP_004246167.2	585	742	SAD_SRA	PF02182.23	1.6e-52
Sollyc_XP_010325518.1	585	742	SAD_SRA	PF02182.23	1.6e-52
Obim_XP_052825899.1	467	636	SAD_SRA	PF02182.23	2.2e-52
Zmay_NP_001105103.1	306	458	SAD_SRA	PF02182.23	1.3e-52
Zmay_XP_008673414.1	306	458	SAD_SRA	PF02182.23	1.3e-52
Zmay_XP_023157711.1	306	458	SAD_SRA	PF02182.23	1.3e-52
Zmay_XP_035821985.1	306	458	SAD_SRA	PF02182.23	1.3e-52
Spur_XP_030852332.1	520	686	SAD_SRA	PF02182.23	2.2e-52
Spur_XP_030852333.1	520	686	SAD_SRA	PF02182.23	2.2e-52
Obim_XP_014778387.1	538	707	SAD_SRA	PF02182.23	2.5e-52
Bnap_XP_013727497.2	135	294	SAD_SRA	PF02182.23	1.4e-52
Hrob_XP_009017727.1	430	597	SAD_SRA	PF02182.23	2.6e-52
Bdis_XP_003563196.1	233	386	SAD_SRA	PF02182.23	1.5e-52
Bdis_XP_024312958.1	233	386	SAD_SRA	PF02182.23	1.5e-52
Psat_XP_050903453.1	277	426	SAD_SRA	PF02182.23	2e-52
Qlob_XP_030935271.1	197	347	SAD_SRA	PF02182.23	1.9e-52
Emue_Em0011g1054a	400	567	SAD_SRA	PF02182.23	3.1e-52
Mtru_XP_039685070.1	300	457	SAD_SRA	PF02182.23	1.2e-52
Btab_XP_018914523.1	424	590	SAD_SRA	PF02182.23	2.7e-52
Dpul_XP_046452887.1	164	320	SAD_SRA	PF02182.23	2.6e-52
Atri_XP_006827874.1	231	394	SAD_SRA	PF02182.23	3e-52
Mpol_BFI29781.1	295	460	SAD_SRA	PF02182.23	4.7e-52
Mpol_BFI29782.1	295	460	SAD_SRA	PF02182.23	4.9e-52
Cint_NP_001071846.1	393	560	SAD_SRA	PF02182.23	1.6e-51
Aplcal_XP_005110144.1	113	269	SAD_SRA	PF02182.23	2.5e-52
Mtru_XP_024628450.1	223	376	SAD_SRA	PF02182.23	3e-52
Mtru_XP_024628451.1	223	376	SAD_SRA	PF02182.23	3e-52
Mtru_XP_024628452.1	223	376	SAD_SRA	PF02182.23	3e-52
Mtru_XP_024628453.1	223	376	SAD_SRA	PF02182.23	3e-52
Mtru_XP_024628454.1	223	376	SAD_SRA	PF02182.23	3e-52
Ecur_TVU19210.1	220	381	SAD_SRA	PF02182.23	2.9e-52
Mesc_XP_043806319.1	169	318	SAD_SRA	PF02182.23	3.8e-52
Scil_XP_065175225.1	118	275	SAD_SRA	PF02182.23	3.5e-52
Ecur_TVU34190.1	317	469	SAD_SRA	PF02182.23	5.8e-52
Bnap_XP_013675534.1	129	279	SAD_SRA	PF02182.23	4e-52
Mtru_XP_003618072.2	265	414	SAD_SRA	PF02182.23	4.9e-52
Mtru_XP_013446219.3	313	470	SAD_SRA	PF02182.23	8e-52
Osat_XP_025883115.1	152	305	SAD_SRA	PF02182.23	2.8e-51
Btab_XP_018913773.1	109	265	SAD_SRA	PF02182.23	6.1e-52
Rchi_XP_024174621.1	395	539	SAD_SRA	PF02182.23	5.5e-52
Rchi_XP_040366311.1	395	539	SAD_SRA	PF02182.23	5.5e-52
Lcom_lcpid24050|	418	585	SAD_SRA	PF02182.23	6.9e-52
Ggal_XP_046760687.1	372	540	SAD_SRA	PF02182.23	8.2e-52
Ggal_XP_046760688.1	372	540	SAD_SRA	PF02182.23	8.2e-52
Ecur_TVU04460.1	185	338	SAD_SRA	PF02182.23	5.1e-52
Btab_XP_018913772.1	109	265	SAD_SRA	PF02182.23	7e-52
Qlob_XP_030960364.1	268	417	SAD_SRA	PF02182.23	6.5e-52
Cofcan_CDP08403.1	277	426	SAD_SRA	PF02182.23	6e-52
Xtro_XP_002940183.2	417	585	SAD_SRA	PF02182.23	7.4e-52
Xtro_XP_012819159.1	417	585	SAD_SRA	PF02182.23	7.4e-52
Ggal_XP_015155673.3	423	591	SAD_SRA	PF02182.23	9.2e-52
Lsat_XP_023763836.1	276	424	SAD_SRA	PF02182.23	8.3e-52
Bnap_XP_013718978.2	172	326	SAD_SRA	PF02182.23	8.8e-52
Pigchi_Pchi_g12334	35	202	SAD_SRA	PF02182.23	8.6e-52
Lcom_lcpid88155|	121	278	SAD_SRA	PF02182.23	6.3e-52
Sollyc_XP_025885517.1	199	360	SAD_SRA	PF02182.23	8.3e-52
Bnap_XP_013704333.2	246	395	SAD_SRA	PF02182.23	1.9e-51
Mlei_ML43438a-PA	371	538	SAD_SRA	PF02182.23	1.2e-51
Bnap_XP_013720272.2	96	246	SAD_SRA	PF02182.23	7e-52
Bnap_XP_048628776.1	96	246	SAD_SRA	PF02182.23	7e-52
Sollyc_XP_010315899.1	199	360	SAD_SRA	PF02182.23	9.2e-52
Apla_XP_022109613.1	123	280	SAD_SRA	PF02182.23	7.4e-52
Apla_XP_022109614.1	123	280	SAD_SRA	PF02182.23	7.4e-52
Apla_XP_022109612.1	126	283	SAD_SRA	PF02182.23	7.6e-52
Lana_XP_013395770.1	114	270	SAD_SRA	PF02182.23	8.7e-52
Atri_XP_006827942.1	229	392	SAD_SRA	PF02182.23	1.1e-51
Ecur_TVU05839.1	216	377	SAD_SRA	PF02182.23	9.3e-52
Atri_XP_006827872.1	292	455	SAD_SRA	PF02182.23	9.7e-52
Qlob_XP_030967633.1	267	416	SAD_SRA	PF02182.23	1.2e-51
Zmay_NP_001168654.2	209	362	SAD_SRA	PF02182.23	9.8e-52
Dpul_XP_046440441.1	404	588	SAD_SRA	PF02182.23	3.1e-51
Rchi_XP_024168511.1	266	415	SAD_SRA	PF02182.23	1.3e-51
Bmor_XP_037875473.1	408	577	SAD_SRA	PF02182.23	2e-51
Smar_SMAR000628-PA	440	608	SAD_SRA	PF02182.23	1.7e-51
Bmor_XP_004924945.1	457	626	SAD_SRA	PF02182.23	2.2e-51
Atha_NP_001031625.1	204	356	SAD_SRA	PF02182.23	1.3e-51
Atha_NP_193082.1	204	356	SAD_SRA	PF02182.23	1.3e-51
Blan_XP_066304798.1	127	284	SAD_SRA	PF02182.23	2.8e-51
Blan_XP_066304800.1	127	284	SAD_SRA	PF02182.23	2.8e-51
Psat_XP_050895526.1	301	450	SAD_SRA	PF02182.23	2e-51
Osat_XP_015612569.1	737	892	SAD_SRA	PF02182.23	2.3e-51
Lsat_XP_023763835.1	275	423	SAD_SRA	PF02182.23	3e-51
Rchi_XP_024170947.1	125	274	SAD_SRA	PF02182.23	2.5e-51
Atri_XP_006844460.1	269	417	SAD_SRA	PF02182.23	2.9e-51
Ppat_XP_024357201.1	128	280	SAD_SRA	PF02182.23	2.6e-51
Ppat_XP_024357202.1	128	280	SAD_SRA	PF02182.23	2.6e-51
Ppat_XP_024357203.1	128	280	SAD_SRA	PF02182.23	2.6e-51
Ppat_XP_024357204.1	128	280	SAD_SRA	PF02182.23	2.6e-51
Lsat_XP_042754452.1	112	264	SAD_SRA	PF02182.23	3e-51
Rchi_XP_024170946.1	262	411	SAD_SRA	PF02182.23	3.4e-51
Rchi_XP_040367679.1	262	411	SAD_SRA	PF02182.23	3.4e-51
Btab_XP_018913771.1	109	265	SAD_SRA	PF02182.23	6.2e-51
Bnap_XP_013694578.3	225	374	SAD_SRA	PF02182.23	3.9e-51
Rchi_XP_024170945.1	262	411	SAD_SRA	PF02182.23	3.5e-51
Sollyc_XP_004239571.2	274	422	SAD_SRA	PF02182.23	4.6e-51
Aque_XP_019849105.1	401	568	SAD_SRA	PF02182.23	4.8e-51
Mesc_XP_021620393.1	269	418	SAD_SRA	PF02182.23	5.2e-51
Scil_XP_065184630.1	409	576	SAD_SRA	PF02182.23	1.1e-50
Smoe_XP_024536254.1	246	394	SAD_SRA	PF02182.23	7.7e-51
Mtru_XP_024629209.1	259	408	SAD_SRA	PF02182.23	5.4e-51
Mtru_XP_003630722.1	259	408	SAD_SRA	PF02182.23	5.6e-51
Bnap_XP_048637098.1	162	313	SAD_SRA	PF02182.23	5.2e-51
Tura_XP_048537527.1	327	488	SAD_SRA	PF02182.23	5.7e-51
Tura_XP_048537520.1	327	488	SAD_SRA	PF02182.23	5.9e-51
Bdis_XP_010238096.2	787	942	SAD_SRA	PF02182.23	6.7e-51
Tura_XP_048564908.1	283	436	SAD_SRA	PF02182.23	6.1e-51
Zmay_NP_001305977.1	186	345	SAD_SRA	PF02182.23	8.5e-51
Bdis_XP_010228218.1	397	545	SAD_SRA	PF02182.23	1.1e-50
Rchi_XP_040367000.1	244	388	SAD_SRA	PF02182.23	9.8e-51
Rchi_XP_040367001.1	244	388	SAD_SRA	PF02182.23	9.8e-51
Rchi_XP_040367002.1	244	388	SAD_SRA	PF02182.23	9.8e-51
Lsat_XP_023749281.1	215	374	SAD_SRA	PF02182.23	1.7e-50
Smoe_XP_024534362.1	246	394	SAD_SRA	PF02182.23	7.9e-51
Agrpla_XP_025830555.1	390	557	SAD_SRA	PF02182.23	1.2e-50
Agrpla_XP_025830558.1	390	557	SAD_SRA	PF02182.23	1.2e-50
Smoe_XP_002974013.2	180	335	SAD_SRA	PF02182.23	1.2e-50
Zmay_NP_001353791.1	258	407	SAD_SRA	PF02182.23	1.5e-50
Smoe_XP_024539605.1	252	398	SAD_SRA	PF02182.23	1.6e-50
Zmay_NP_001349523.1	260	409	SAD_SRA	PF02182.23	1.5e-50
Bnap_XP_013742574.2	195	349	SAD_SRA	PF02182.23	1.7e-50
Apimel_NP_001229385.1	391	557	SAD_SRA	PF02182.23	1.9e-50
Smoe_XP_024536507.1	253	399	SAD_SRA	PF02182.23	1.7e-50
Zmay_NP_001105192.1	219	379	SAD_SRA	PF02182.23	1.7e-50
Zmay_XP_008655425.1	219	379	SAD_SRA	PF02182.23	1.7e-50
Bnap_XP_048591889.1	268	418	SAD_SRA	PF02182.23	1.7e-50
Bnap_XP_022560724.2	266	416	SAD_SRA	PF02182.23	1.7e-50
Ppat_XP_024371573.1	273	421	SAD_SRA	PF02182.23	2.1e-50
Ppat_XP_024371572.1	273	421	SAD_SRA	PF02182.23	2.2e-50
Ppat_XP_024387204.1	276	424	SAD_SRA	PF02182.23	3.2e-50
Ppat_XP_024387205.1	276	424	SAD_SRA	PF02182.23	3.2e-50
Ppat_XP_024387206.1	276	424	SAD_SRA	PF02182.23	3.2e-50
Ppat_XP_024387207.1	276	424	SAD_SRA	PF02182.23	3.2e-50
Ppat_XP_024387208.1	276	424	SAD_SRA	PF02182.23	3.2e-50
Ppat_XP_024387209.1	276	424	SAD_SRA	PF02182.23	3.2e-50
Ppat_XP_024387211.1	276	424	SAD_SRA	PF02182.23	3.2e-50
Bdis_XP_003564983.2	294	455	SAD_SRA	PF02182.23	2.2e-50
Mesc_XP_021634414.1	268	417	SAD_SRA	PF02182.23	2.8e-50
Qlob_XP_030932936.1	198	348	SAD_SRA	PF02182.23	2.5e-50
Bnap_XP_048609590.1	191	341	SAD_SRA	PF02182.23	3e-50
Qlob_XP_030938740.1	290	439	SAD_SRA	PF02182.23	3.8e-50
Smoe_XP_002983478.2	185	340	SAD_SRA	PF02182.23	3.6e-50
Tura_XP_048551062.1	220	373	SAD_SRA	PF02182.23	3.3e-50
Bnap_XP_013737834.1	219	370	SAD_SRA	PF02182.23	4.5e-50
Bnap_XP_022566971.1	219	370	SAD_SRA	PF02182.23	4.5e-50
Atha_NP_001319260.1	275	425	SAD_SRA	PF02182.23	4.9e-50
Atha_NP_176092.2	275	425	SAD_SRA	PF02182.23	4.9e-50
Osat_XP_015629359.1	186	346	SAD_SRA	PF02182.23	5.1e-50
Osat_XP_025878228.1	186	346	SAD_SRA	PF02182.23	5.1e-50
Tura_XP_048568560.1	217	370	SAD_SRA	PF02182.23	4.9e-50
Ecur_TVU09312.1	854	1009	SAD_SRA	PF02182.23	7.6e-50
Ecur_TVU09280.1	958	1113	SAD_SRA	PF02182.23	8.4e-50
Zmay_NP_001146568.1	400	548	SAD_SRA	PF02182.23	7.9e-50
Lsat_XP_023762949.1	678	832	SAD_SRA	PF02182.23	4.9e-50
Lsat_XP_023762950.1	678	832	SAD_SRA	PF02182.23	4.9e-50
Qlob_XP_030933327.1	198	348	SAD_SRA	PF02182.23	9.1e-50
Qlob_XP_030933328.1	198	348	SAD_SRA	PF02182.23	9.1e-50
Qlob_XP_030933329.1	198	348	SAD_SRA	PF02182.23	9.1e-50
Qlob_XP_030933330.1	198	348	SAD_SRA	PF02182.23	9.1e-50
Sollyc_XP_019068497.2	348	499	SAD_SRA	PF02182.23	1.1e-49
Rchi_XP_024161534.1	268	418	SAD_SRA	PF02182.23	1.4e-49
Bnap_XP_013664142.1	270	420	SAD_SRA	PF02182.23	7.7e-50
Tura_XP_048560980.1	275	423	SAD_SRA	PF02182.23	1.7e-49
Ecur_TVU21292.1	360	516	SAD_SRA	PF02182.23	1.4e-49
Zmay_XP_008670145.1	847	1002	SAD_SRA	PF02182.23	2e-49
Bnap_XP_013695633.2	179	330	SAD_SRA	PF02182.23	1.8e-49
Osat_XP_015616962.1	358	506	SAD_SRA	PF02182.23	2.3e-49
Osat_XP_015616963.1	358	506	SAD_SRA	PF02182.23	2.3e-49
Osat_XP_066161524.1	358	506	SAD_SRA	PF02182.23	2.3e-49
Osat_XP_066161525.1	358	506	SAD_SRA	PF02182.23	2.3e-49
Ecur_TVU43327.1	244	315	SAD_SRA	PF02182.23	1.9e-10
Ecur_TVU43327.1	878	1027	SAD_SRA	PF02182.23	4.6e-29
Tura_XP_048572367.1	384	533	SAD_SRA	PF02182.23	2.5e-49
Bnap_XP_013712639.1	256	406	SAD_SRA	PF02182.23	2.8e-49
Mpol_BFI23720.1	283	432	SAD_SRA	PF02182.23	1.4e-49
Bnap_XP_048621015.1	266	416	SAD_SRA	PF02182.23	2.9e-49
Bdis_XP_014753874.1	14	174	SAD_SRA	PF02182.23	2.1e-49
Bdis_XP_024313972.1	14	174	SAD_SRA	PF02182.23	2.1e-49
Bdis_XP_024313973.1	14	174	SAD_SRA	PF02182.23	2.1e-49
Bnap_XP_013705368.1	179	330	SAD_SRA	PF02182.23	2.2e-49
Bnap_XP_013705369.1	179	330	SAD_SRA	PF02182.23	2.2e-49
Bnap_XP_022561584.1	179	330	SAD_SRA	PF02182.23	2.2e-49
Mesc_XP_021592932.1	134	287	SAD_SRA	PF02182.23	2.7e-49
Sollyc_XP_010318359.2	160	311	SAD_SRA	PF02182.23	2.7e-49
Osat_XP_015648096.1	832	987	SAD_SRA	PF02182.23	3.2e-49
Osat_XP_015648097.1	832	987	SAD_SRA	PF02182.23	3.2e-49
Osat_XP_025883407.1	832	987	SAD_SRA	PF02182.23	3.2e-49
Bdis_XP_003569149.1	269	418	SAD_SRA	PF02182.23	5.5e-49
Osat_XP_015635007.1	274	424	SAD_SRA	PF02182.23	4.9e-49
Bdis_XP_024315114.1	259	413	SAD_SRA	PF02182.23	3.7e-49
Bdis_XP_024315115.1	259	413	SAD_SRA	PF02182.23	3.7e-49
Bdis_XP_024315116.1	259	413	SAD_SRA	PF02182.23	3.7e-49
Rchi_XP_024191889.1	175	321	SAD_SRA	PF02182.23	3.5e-49
Rcul_nRc.2.0.1.t28122-RA	102	270	SAD_SRA	PF02182.23	4.5e-49
Ggal_XP_040512516.1	366	533	SAD_SRA	PF02182.23	7.9e-49
Mesc_XP_021615373.1	219	383	SAD_SRA	PF02182.23	3.2e-49
Ggal_XP_003643050.1	450	617	SAD_SRA	PF02182.23	9.5e-49
Ggal_XP_004949134.1	450	617	SAD_SRA	PF02182.23	9.5e-49
Zmay_XP_008652233.1	264	414	SAD_SRA	PF02182.23	6e-49
Bdis_XP_010234208.1	177	331	SAD_SRA	PF02182.23	7.7e-49
Xtro_XP_012818210.1	442	609	SAD_SRA	PF02182.23	1.5e-48
Xtro_XP_017948591.1	442	609	SAD_SRA	PF02182.23	1.5e-48
Osat_XP_015637459.1	266	414	SAD_SRA	PF02182.23	5.2e-49
Atha_NP_199526.1	174	324	SAD_SRA	PF02182.23	6.3e-49
Bdis_XP_010236682.2	660	816	SAD_SRA	PF02182.23	9.3e-49
Bdis_XP_024316222.1	660	816	SAD_SRA	PF02182.23	9.8e-49
Ecur_TVU18446.1	259	408	SAD_SRA	PF02182.23	1.3e-48
Tura_XP_048551610.1	208	368	SAD_SRA	PF02182.23	1.2e-48
Tura_XP_048565813.1	212	372	SAD_SRA	PF02182.23	1.2e-48
Ecur_TVU24195.1	174	323	SAD_SRA	PF02182.23	1.4e-48
Mtru_XP_039682893.1	132	280	SAD_SRA	PF02182.23	1.2e-47
Bnap_XP_048622959.1	314	464	SAD_SRA	PF02182.23	1.5e-48
Ecur_TVU06228.1	800	956	SAD_SRA	PF02182.23	1.4e-48
Ecur_TVU06178.1	860	1016	SAD_SRA	PF02182.23	1.6e-48
Cbra_GBG84211.1	353	501	SAD_SRA	PF02182.23	2.7e-48
Ecur_TVU06235.1	927	1083	SAD_SRA	PF02182.23	1.7e-48
Mtru_XP_039682889.1	132	280	SAD_SRA	PF02182.23	1.9e-47
Tura_XP_048529985.1	658	813	SAD_SRA	PF02182.23	2.4e-48
Tura_XP_048529986.1	658	813	SAD_SRA	PF02182.23	2.4e-48
Tura_XP_048529984.1	647	802	SAD_SRA	PF02182.23	2.5e-48
Tura_XP_048529983.1	658	813	SAD_SRA	PF02182.23	2.6e-48
Atha_NP_974045.1	275	422	SAD_SRA	PF02182.23	3.2e-48
Cofcan_CDP16741.1	210	362	SAD_SRA	PF02182.23	3.5e-48
Sollyc_XP_010318182.2	381	532	SAD_SRA	PF02182.23	4.7e-48
Sollyc_XP_069151212.1	391	542	SAD_SRA	PF02182.23	4.8e-48
Osat_XP_066159739.1	676	829	SAD_SRA	PF02182.23	5.4e-48
Osat_XP_066159740.1	676	829	SAD_SRA	PF02182.23	5.4e-48
Osat_XP_015649278.2	682	835	SAD_SRA	PF02182.23	5.5e-48
Osat_XP_025875817.1	682	835	SAD_SRA	PF02182.23	5.5e-48
Osat_XP_025875818.1	682	835	SAD_SRA	PF02182.23	5.5e-48
Osat_XP_066159738.1	682	835	SAD_SRA	PF02182.23	5.5e-48
Atha_NP_198771.1	259	410	SAD_SRA	PF02182.23	5.2e-48
Atha_NP_180049.2	308	452	SAD_SRA	PF02182.23	6.8e-48
Tura_XP_048574019.1	803	959	SAD_SRA	PF02182.23	7.7e-48
Bnap_XP_013664029.3	323	473	SAD_SRA	PF02182.23	8.9e-48
Mtru_XP_039682892.1	132	280	SAD_SRA	PF02182.23	7.9e-47
Ppat_XP_024399415.1	192	340	SAD_SRA	PF02182.23	8.4e-48
Ppat_XP_024399416.1	192	340	SAD_SRA	PF02182.23	8.4e-48
Ppat_XP_024399418.1	192	340	SAD_SRA	PF02182.23	8.4e-48
Ppat_XP_024399419.1	192	340	SAD_SRA	PF02182.23	8.4e-48
Ppat_XP_024399420.1	192	340	SAD_SRA	PF02182.23	8.4e-48
Ppat_XP_024399421.1	192	340	SAD_SRA	PF02182.23	8.4e-48
Atha_NP_176778.1	259	410	SAD_SRA	PF02182.23	7.4e-48
Atha_NP_176779.2	259	410	SAD_SRA	PF02182.23	7.5e-48
Bnap_XP_048614193.1	278	430	SAD_SRA	PF02182.23	1.7e-47
Qlob_XP_030956318.1	204	352	SAD_SRA	PF02182.23	7.1e-47
Pigvie_Pvie_g12948	432	600	SAD_SRA	PF02182.23	1.7e-47
Mtru_XP_003619209.2	132	280	SAD_SRA	PF02182.23	5e-47
Bnap_XP_013696474.1	238	387	SAD_SRA	PF02182.23	2e-47
Bnap_XP_048628777.1	238	387	SAD_SRA	PF02182.23	2e-47
Cbra_GBG69429.1	285	433	SAD_SRA	PF02182.23	2.9e-47
Smoe_XP_002965975.2	95	245	SAD_SRA	PF02182.23	2.8e-47
Smoe_XP_024525972.1	95	245	SAD_SRA	PF02182.23	2.8e-47
Smoe_XP_024518770.1	95	245	SAD_SRA	PF02182.23	2.9e-47
Smoe_XP_024518771.1	95	245	SAD_SRA	PF02182.23	2.9e-47
Smoe_XP_024518772.1	95	245	SAD_SRA	PF02182.23	2.9e-47
Bnap_XP_013677266.1	239	388	SAD_SRA	PF02182.23	2.6e-47
Bnap_XP_013677267.1	239	388	SAD_SRA	PF02182.23	2.6e-47
Bnap_XP_013677265.1	245	394	SAD_SRA	PF02182.23	2.7e-47
Osat_XP_015648103.2	870	1025	SAD_SRA	PF02182.23	6.6e-47
Osat_XP_066159741.1	870	1025	SAD_SRA	PF02182.23	6.6e-47
Osat_XP_066159742.1	870	1025	SAD_SRA	PF02182.23	6.6e-47
Atha_NP_001318752.1	260	408	SAD_SRA	PF02182.23	9e-47
Atha_NP_001330473.1	260	408	SAD_SRA	PF02182.23	9e-47
Atha_NP_199527.1	260	408	SAD_SRA	PF02182.23	9e-47
Bnap_XP_022559744.2	782	929	SAD_SRA	PF02182.23	9.2e-47
Bnap_XP_048638371.1	280	432	SAD_SRA	PF02182.23	1.4e-46
Bnap_XP_048638370.1	280	432	SAD_SRA	PF02182.23	1.4e-46
Hsap_XP_047278705.1	166	334	SAD_SRA	PF02182.23	1.3e-46
Mtru_XP_013462235.1	185	324	SAD_SRA	PF02182.23	1.5e-46
Hsap_XP_011516006.1	223	391	SAD_SRA	PF02182.23	1.6e-46
Hsap_XP_011516007.1	223	391	SAD_SRA	PF02182.23	1.6e-46
Hsap_XP_047278704.1	446	614	SAD_SRA	PF02182.23	2.2e-46
Qlob_XP_030960395.1	185	343	SAD_SRA	PF02182.23	2.9e-46
Qlob_XP_030960394.1	192	350	SAD_SRA	PF02182.23	2.9e-46
Hsap_XP_016869742.1	373	541	SAD_SRA	PF02182.23	2.5e-46
Hsap_NP_690856.1	446	614	SAD_SRA	PF02182.23	2.9e-46
Mpol_BFI36030.1	178	338	SAD_SRA	PF02182.23	2.9e-46
Zmay_XP_008664717.1	701	857	SAD_SRA	PF02182.23	7.5e-46
Sollyc_XP_019068268.2	381	532	SAD_SRA	PF02182.23	9.6e-46
Atha_NP_564036.1	225	377	SAD_SRA	PF02182.23	8.2e-46
Bnap_XP_048591964.1	463	610	SAD_SRA	PF02182.23	7.4e-46
Bnap_XP_048629420.1	282	434	SAD_SRA	PF02182.23	1.2e-45
Atha_NP_001078357.1	235	376	SAD_SRA	PF02182.23	2.1e-45
Ppat_XP_024368176.1	683	840	SAD_SRA	PF02182.23	3.6e-45
Ppat_XP_024368174.1	752	909	SAD_SRA	PF02182.23	4.1e-45
Ppat_XP_024368171.1	758	915	SAD_SRA	PF02182.23	4.1e-45
Ppat_XP_024368172.1	758	915	SAD_SRA	PF02182.23	4.1e-45
Ppat_XP_024368173.1	758	915	SAD_SRA	PF02182.23	4.1e-45
Bnap_XP_048629419.1	272	424	SAD_SRA	PF02182.23	4.1e-45
Bnap_XP_048638369.1	272	424	SAD_SRA	PF02182.23	4.1e-45
Cbra_GBG59297.1	718	878	SAD_SRA	PF02182.23	5.8e-45
Mtru_XP_013466751.1	129	285	SAD_SRA	PF02182.23	7.1e-45
Atha_NP_001321213.1	287	438	SAD_SRA	PF02182.23	1.1e-44
Atha_NP_001328494.1	235	377	SAD_SRA	PF02182.23	7.4e-45
Atha_NP_001328495.1	235	377	SAD_SRA	PF02182.23	8.5e-45
Lsat_XP_052622150.1	260	413	SAD_SRA	PF02182.23	9.5e-45
Atha_NP_192599.2	235	377	SAD_SRA	PF02182.23	1e-44
Mpol_BFI26203.1	474	629	SAD_SRA	PF02182.23	2.7e-44
Ecur_TVU06237.1	562	718	SAD_SRA	PF02182.23	2.3e-44
Smoe_XP_024516926.1	144	295	SAD_SRA	PF02182.23	2.9e-44
Cofcan_CDP14861.1	16	172	SAD_SRA	PF02182.23	2.6e-44
Mpol_BFI31196.1	549	714	SAD_SRA	PF02182.23	3.9e-44
Ecur_TVU06179.1	594	750	SAD_SRA	PF02182.23	3.8e-44
Lsat_XP_052622927.1	260	414	SAD_SRA	PF02182.23	3.5e-44
Lsat_XP_052622925.1	283	437	SAD_SRA	PF02182.23	3.9e-44
Lsat_XP_052622926.1	283	437	SAD_SRA	PF02182.23	3.9e-44
Ecur_TVU18687.1	225	395	SAD_SRA	PF02182.23	1.1e-43
Cofcan_CDP04777.1	16	164	SAD_SRA	PF02182.23	1.3e-43
Psat_XP_050887694.1	228	376	SAD_SRA	PF02182.23	1.3e-43
Lsat_XP_023757383.1	294	451	SAD_SRA	PF02182.23	1.4e-43
Cofcan_CDP14859.1	15	170	SAD_SRA	PF02182.23	1.1e-43
Mpol_BFI42969.1	566	722	SAD_SRA	PF02182.23	2.1e-43
Rchi_XP_024174053.1	314	456	SAD_SRA	PF02182.23	2.2e-43
Rchi_XP_040367720.1	314	456	SAD_SRA	PF02182.23	2.2e-43
Mpol_BFI39325.1	352	513	SAD_SRA	PF02182.23	5.3e-43
Atha_NP_176091.2	287	434	SAD_SRA	PF02182.23	1.4e-42
Mpol_BFI38766.1	748	903	SAD_SRA	PF02182.23	1.1e-42
Osat_XP_015633413.1	393	541	SAD_SRA	PF02182.23	1.5e-42
Lpol_XP_013789872.2	489	633	SAD_SRA	PF02182.23	2.6e-42
Mpol_BFI32633.1	238	405	SAD_SRA	PF02182.23	2.6e-42
Mtru_XP_039690790.1	92	249	SAD_SRA	PF02182.23	7e-42
Rchi_XP_040364521.1	279	431	SAD_SRA	PF02182.23	8.7e-42
Tura_XP_048558566.1	567	712	SAD_SRA	PF02182.23	1.2e-41
Bdis_XP_003581482.1	402	549	SAD_SRA	PF02182.23	6.2e-42
Bdis_XP_014751619.1	402	549	SAD_SRA	PF02182.23	6.2e-42
Ecur_TVU06164.1	683	839	SAD_SRA	PF02182.23	2.5e-41
Smoe_XP_024533150.1	127	277	SAD_SRA	PF02182.23	3.1e-41
Bdis_XP_014753875.1	1	143	SAD_SRA	PF02182.23	3.5e-41
Zmay_NP_001105193.2	440	584	SAD_SRA	PF02182.23	5e-41
Mpol_BFI39703.1	295	454	SAD_SRA	PF02182.23	6.8e-41
Psat_XP_050892137.1	97	256	SAD_SRA	PF02182.23	1.1e-40
Crei_XP_042925880.1	180	285	SAD_SRA	PF02182.23	3.8e-32
Xtro_NP_001096244.1	442	590	SAD_SRA	PF02182.23	3.6e-40
Mtru_XP_013441995.1	132	278	SAD_SRA	PF02182.23	2.1e-40
Rchi_XP_024196929.1	213	327	SAD_SRA	PF02182.23	4.3e-40
Atha_NP_001328496.1	235	359	SAD_SRA	PF02182.23	3.3e-40
Atha_NP_001328497.1	235	359	SAD_SRA	PF02182.23	3.3e-40
Mpol_BFI35154.1	103	263	SAD_SRA	PF02182.23	1.5e-39
Crei_XP_001701764.1	72	246	SAD_SRA	PF02182.23	2.1e-39
Mpol_BFI35828.1	64	224	SAD_SRA	PF02182.23	1.7e-39
Lsat_XP_052626086.1	229	395	SAD_SRA	PF02182.23	4e-39
Lsat_XP_052626085.1	229	398	SAD_SRA	PF02182.23	7.8e-39
Ecur_TVU15005.1	514	662	SAD_SRA	PF02182.23	8e-39
Rcul_nRc.2.0.1.t30100-RA	2	122	SAD_SRA	PF02182.23	5.9e-39
Psat_XP_050887807.1	229	389	SAD_SRA	PF02182.23	1.9e-38
Psat_XP_050887806.1	229	389	SAD_SRA	PF02182.23	2.6e-38
Qlob_XP_030959125.1	197	320	SAD_SRA	PF02182.23	1.1e-36
Mesc_XP_043806318.1	5	116	SAD_SRA	PF02182.23	2.5e-36
Osat_XP_015630208.1	171	319	SAD_SRA	PF02182.23	2.5e-35
Cbra_GBG68506.1	865	1098	SAD_SRA	PF02182.23	9.5e-35
Rchi_XP_040374831.1	222	322	SAD_SRA	PF02182.23	4.2e-28
Psat_XP_050914494.1	221	365	SAD_SRA	PF02182.23	7.6e-33
Psat_XP_050914516.1	221	365	SAD_SRA	PF02182.23	5.1e-32
Psat_XP_050914491.1	225	367	SAD_SRA	PF02182.23	2.3e-31
Psat_XP_050914492.1	225	367	SAD_SRA	PF02182.23	2.5e-31
Mtru_XP_013448347.2	127	270	SAD_SRA	PF02182.23	2.4e-31
Hsap_XP_011526244.1	435	550	SAD_SRA	PF02182.23	1.1e-27
Hsap_XP_047294663.1	435	550	SAD_SRA	PF02182.23	1.1e-27
Hsap_XP_047294665.1	435	550	SAD_SRA	PF02182.23	1.1e-27
Hsap_XP_047294664.1	448	563	SAD_SRA	PF02182.23	1.1e-27
Mesc_XP_043805969.1	268	333	SAD_SRA	PF02182.23	5.2e-21
Mesc_XP_043805969.1	339	375	SAD_SRA	PF02182.23	6.7e-10
Cbra_GBG63546.1	290	442	SAD_SRA	PF02182.23	5.3e-31
Ppat_XP_024368835.1	141	289	SAD_SRA	PF02182.23	6.9e-31
Ppat_XP_024368836.1	141	289	SAD_SRA	PF02182.23	6.9e-31
Mpol_BFI35105.1	104	255	SAD_SRA	PF02182.23	7.4e-31
Zmay_XP_020405510.1	186	286	SAD_SRA	PF02182.23	1.1e-26
Ecur_TVU29003.1	313	460	SAD_SRA	PF02182.23	2.2e-30
Ggal_XP_025000087.2	441	556	SAD_SRA	PF02182.23	3e-27
Mtru_XP_013452051.3	112	229	SAD_SRA	PF02182.23	6.3e-30
Mtru_XP_039683855.1	127	261	SAD_SRA	PF02182.23	1.3e-29
Bnap_XP_048605112.1	57	185	SAD_SRA	PF02182.23	1.1e-28
Atha_NP_178647.1	22	136	SAD_SRA	PF02182.23	2.7e-28
Cbra_GBG68525.1	536	683	SAD_SRA	PF02182.23	1.2e-27
Zmay_XP_020397917.1	292	327	SAD_SRA	PF02182.23	1.9e-09
Zmay_XP_020397917.1	333	392	SAD_SRA	PF02182.23	5.9e-17
Pigchi_Pchi_g12150	682	839	SAD_SRA	PF02182.23	2.1e-25
Sollyc_XP_019069299.1	6	82	SAD_SRA	PF02182.23	3.8e-24
Ecur_TVU16927.1	171	312	SAD_SRA	PF02182.23	1.6e-21
Mtru_XP_039683853.1	126	244	SAD_SRA	PF02182.23	5.3e-22
Skow_XP_006817239.1	97	161	SAD_SRA	PF02182.23	6e-22
Psat_XP_050916300.1	52	193	SAD_SRA	PF02182.23	6.7e-22
Ecur_TVU39492.1	239	312	SAD_SRA	PF02182.23	6.7e-21
Cofcan_CDP18120.1	335	456	SAD_SRA	PF02182.23	4.7e-20
Pigchi_Pchi_g1232	6	147	SAD_SRA	PF02182.23	1.2e-19
Lpol_XP_022254512.1	521	662	SAD_SRA	PF02182.23	1.5e-19
Apimel_XP_026299764.1	74	210	SAD_SRA	PF02182.23	4.6e-19
Psat_XP_050914500.1	4	106	SAD_SRA	PF02182.23	1.2e-15
Sollyc_XP_069152055.1	16	85	SAD_SRA	PF02182.23	1.4e-15
Ppat_XP_024368177.1	758	827	SAD_SRA	PF02182.23	6.8e-15
Pigchi_Pchi_g2494_potentialcontaminant	1	139	SAD_SRA	PF02182.23	7.7e-15
Pigvie_Pvie_g12600	741	893	SAD_SRA	PF02182.23	5.3e-13
Psat_XP_050916328.1	221	275	SAD_SRA	PF02182.23	2.7e-12
Ecur_TVU50580.1	171	208	SAD_SRA	PF02182.23	2.2e-09
Pigvie_Pvie_g9977	34	149	SAD_SRA	PF02182.23	7.1e-09
