Hsap_XP_011526244.1	133	284	TTD	PF12148.14	1.8e-74
Hsap_XP_047294663.1	133	284	TTD	PF12148.14	1.8e-74
Hsap_XP_047294665.1	133	284	TTD	PF12148.14	1.8e-74
Hsap_XP_047294664.1	146	297	TTD	PF12148.14	1.9e-74
Hsap_NP_001041666.1	133	284	TTD	PF12148.14	2e-74
Hsap_NP_001276979.1	133	284	TTD	PF12148.14	2e-74
Hsap_NP_001276980.1	133	284	TTD	PF12148.14	2e-74
Hsap_NP_001276981.1	133	284	TTD	PF12148.14	2e-74
Hsap_NP_037414.3	146	297	TTD	PF12148.14	2e-74
Ggal_XP_046760687.1	85	239	TTD	PF12148.14	6.8e-73
Ggal_XP_046760688.1	85	239	TTD	PF12148.14	6.8e-73
Ggal_XP_025000087.2	136	290	TTD	PF12148.14	7e-73
Ggal_XP_015155673.3	136	290	TTD	PF12148.14	7.6e-73
Xtro_XP_002940183.2	131	284	TTD	PF12148.14	1.9e-72
Xtro_XP_012819159.1	131	284	TTD	PF12148.14	1.9e-72
Xtro_NP_001096244.1	123	308	TTD	PF12148.14	3.3e-71
Xtro_XP_012818210.1	123	308	TTD	PF12148.14	6.4e-71
Xtro_XP_017948591.1	123	308	TTD	PF12148.14	6.4e-71
Ggal_XP_040512516.1	45	232	TTD	PF12148.14	5e-70
Ggal_XP_003643050.1	129	316	TTD	PF12148.14	6e-70
Ggal_XP_004949134.1	129	316	TTD	PF12148.14	6.1e-70
Hsap_XP_047278704.1	125	312	TTD	PF12148.14	7e-68
Hsap_NP_690856.1	125	312	TTD	PF12148.14	9.3e-68
Drer_NP_998242.1	135	278	TTD	PF12148.14	6.7e-68
Blan_XP_066299509.1	137	182	TTD	PF12148.14	2.7e-11
Blan_XP_066299509.1	297	410	TTD	PF12148.14	5.8e-45
Aque_XP_019849105.1	123	267	TTD	PF12148.14	2.8e-56
Twil_T_wilhelma_c30511_g1_i1|m.36159	140	289	TTD	PF12148.14	1.1e-55
Hrob_XP_009023456.1	134	338	TTD	PF12148.14	1e-53
Apla_XP_022087295.1	136	387	TTD	PF12148.14	2.3e-54
Emue_Em0011g1054a	112	262	TTD	PF12148.14	3.2e-54
Spur_XP_030852332.1	141	379	TTD	PF12148.14	5.2e-52
Spur_XP_030852333.1	141	379	TTD	PF12148.14	5.2e-52
Cvir_XP_022319748.1	143	302	TTD	PF12148.14	3.2e-53
Cvir_XP_022319347.1	143	302	TTD	PF12148.14	3.2e-53
Bmor_XP_037875473.1	66	273	TTD	PF12148.14	4.8e-51
Bmor_XP_004924945.1	115	322	TTD	PF12148.14	4.9e-51
Lana_XP_013414439.1	133	181	TTD	PF12148.14	2.1e-11
Lana_XP_013414439.1	316	436	TTD	PF12148.14	1.2e-44
Lpol_XP_013789872.2	135	346	TTD	PF12148.14	7.4e-51
Hrob_XP_009017727.1	135	291	TTD	PF12148.14	8.9e-51
Obim_XP_052825899.1	62	326	TTD	PF12148.14	3.4e-50
Obim_XP_014778387.1	133	397	TTD	PF12148.14	4e-50
Skow_XP_002740994.1	129	357	TTD	PF12148.14	5.5e-49
Aplcal_XP_005101094.1	136	348	TTD	PF12148.14	2.3e-48
Aplcal_XP_005101095.1	136	348	TTD	PF12148.14	2.3e-48
Cscu_XP_023230679.1	112	273	TTD	PF12148.14	3e-47
Lpol_XP_022254512.1	139	320	TTD	PF12148.14	3.1e-42
Cint_NP_001071846.1	119	254	TTD	PF12148.14	1e-45
Btab_XP_018914523.1	112	280	TTD	PF12148.14	2e-45
Pvan_XP_027232430.2	118	263	TTD	PF12148.14	3e-44
Smar_SMAR000628-PA	124	298	TTD	PF12148.14	2.7e-43
Agrpla_XP_025830555.1	111	251	TTD	PF12148.14	3.1e-41
Agrpla_XP_025830558.1	111	251	TTD	PF12148.14	3.1e-41
Hsap_XP_011516006.1	1	89	TTD	PF12148.14	1e-40
Hsap_XP_011516007.1	1	89	TTD	PF12148.14	1e-40
Scil_XP_065184630.1	117	277	TTD	PF12148.14	2e-38
Dpul_XP_046440441.1	118	258	TTD	PF12148.14	8.3e-36
Apimel_NP_001229385.1	117	252	TTD	PF12148.14	2.2e-34
Lcom_lcpid24050|	120	286	TTD	PF12148.14	3.9e-35
Mlei_ML43438a-PA	100	236	TTD	PF12148.14	7.3e-33
Hsap_XP_016869742.1	125	218	TTD	PF12148.14	5.3e-18
Pigchi_Pchi_g5850	148	291	TTD	PF12148.14	1.9e-21
Pigchi_Pchi_g12150	236	340	TTD	PF12148.14	2.1e-20
Pigvie_Pvie_g12948	132	235	TTD	PF12148.14	4.4e-18
Rcul_nRc.2.0.1.t21391-RA	109	226	TTD	PF12148.14	3.3e-17
Pigvie_Pvie_g12600	287	387	TTD	PF12148.14	2.6e-16
Pigvie_Pvie_g11210	77	167	TTD	PF12148.14	4e-15
Pigchi_Pchi_g12039	80	183	TTD	PF12148.14	9.8e-11
Emue_Em0219g6a	689	722	TTD	PF12148.14	1.8e-10
