Dmel_NP_725398.1	1602	1668	PHD_3	PF13922.11	3.6e-40
Dmel_NP_001260969.1	1603	1669	PHD_3	PF13922.11	3.6e-40
Hsap_NP_001356275.1	1315	1375	PHD_3	PF13922.11	6.5e-28
Hsap_NP_060733.4	1373	1433	PHD_3	PF13922.11	6.8e-28
Hsap_NP_001356276.1	1113	1173	PHD_3	PF13922.11	5.4e-28
Ggal_XP_040553161.1	1187	1246	PHD_3	PF13922.11	3.2e-26
Ggal_XP_015140586.1	1227	1286	PHD_3	PF13922.11	3.3e-26
Ggal_XP_046794913.1	1322	1381	PHD_3	PF13922.11	3.6e-26
Ggal_XP_046794912.1	1323	1382	PHD_3	PF13922.11	3.6e-26
Ggal_XP_015140584.3	1350	1409	PHD_3	PF13922.11	3.7e-26
Ggal_NP_001026267.1	1351	1410	PHD_3	PF13922.11	3.7e-26
Xtro_XP_017945490.2	1270	1325	PHD_3	PF13922.11	3.3e-25
Xtro_XP_017945489.2	1282	1337	PHD_3	PF13922.11	3.3e-25
Xtro_XP_031758971.1	1372	1427	PHD_3	PF13922.11	3.6e-25
Xtro_XP_017945488.2	1415	1470	PHD_3	PF13922.11	3.7e-25
Xtro_XP_031758972.1	1213	1268	PHD_3	PF13922.11	3.1e-25
Drer_XP_005158912.1	1156	1209	PHD_3	PF13922.11	8.3e-25
Cscu_XP_023241753.1	1042	1086	PHD_3	PF13922.11	1.8e-23
Lana_XP_013420611.1	1223	1264	PHD_3	PF13922.11	2e-23
Lana_XP_013420602.1	1224	1265	PHD_3	PF13922.11	2e-23
Lpol_XP_022244088.1	1056	1101	PHD_3	PF13922.11	1.9e-22
Lpol_XP_022244087.1	1183	1228	PHD_3	PF13922.11	2.2e-22
Lpol_XP_022244086.1	1243	1288	PHD_3	PF13922.11	2.3e-22
Lpol_XP_022244084.1	1345	1390	PHD_3	PF13922.11	2.5e-22
Lpol_XP_022244085.1	1335	1380	PHD_3	PF13922.11	2.5e-22
Lpol_XP_022244083.1	1409	1454	PHD_3	PF13922.11	2.6e-22
Lpol_XP_013776695.1	1412	1457	PHD_3	PF13922.11	2.6e-22
Xtro_XP_004915257.2	2103	2144	PHD_3	PF13922.11	9e-22
Ofus_CAH1773566.1	1077	1117	PHD_3	PF13922.11	1.7e-22
Hsap_XP_011524508.1	2178	2220	PHD_3	PF13922.11	2e-21
Hsap_XP_016881501.1	2178	2220	PHD_3	PF13922.11	2e-21
Hsap_XP_011524511.1	2148	2190	PHD_3	PF13922.11	2e-21
Hsap_XP_011524514.1	2148	2190	PHD_3	PF13922.11	2e-21
Hsap_XP_024307037.1	2148	2190	PHD_3	PF13922.11	2e-21
Hsap_XP_011524507.1	2196	2238	PHD_3	PF13922.11	2.1e-21
Hsap_XP_005258413.1	2205	2247	PHD_3	PF13922.11	2.1e-21
Hsap_NP_085135.1	2204	2246	PHD_3	PF13922.11	2.1e-21
Blan_XP_066272112.1	1153	1198	PHD_3	PF13922.11	1e-21
Blan_XP_066272110.1	1188	1233	PHD_3	PF13922.11	1e-21
Blan_XP_066272109.1	1196	1241	PHD_3	PF13922.11	1.1e-21
Drer_XP_068072817.1	1569	1610	PHD_3	PF13922.11	3e-22
Drer_NP_001373384.1	1576	1617	PHD_3	PF13922.11	3e-22
Spur_XP_011683343.2	937	986	PHD_3	PF13922.11	3.1e-22
Drer_XP_068072816.1	1615	1656	PHD_3	PF13922.11	3.1e-22
Drer_NP_001373383.1	1616	1657	PHD_3	PF13922.11	3.1e-22
Spur_XP_030839309.1	949	998	PHD_3	PF13922.11	3.1e-22
Spur_XP_011683328.2	950	999	PHD_3	PF13922.11	3.1e-22
Skow_XP_006816866.1	803	841	PHD_3	PF13922.11	1.5e-21
Hsap_XP_006723796.1	1275	1311	PHD_3	PF13922.11	4.3e-21
Hsap_NP_001350663.1	1442	1478	PHD_3	PF13922.11	4.9e-21
Hsap_XP_047295901.1	1451	1487	PHD_3	PF13922.11	4.9e-21
Hsap_XP_006723793.1	1475	1511	PHD_3	PF13922.11	5e-21
Hsap_XP_047295897.1	1475	1511	PHD_3	PF13922.11	5e-21
Hsap_XP_047295898.1	1475	1511	PHD_3	PF13922.11	5e-21
Hsap_XP_047295899.1	1475	1511	PHD_3	PF13922.11	5e-21
Hsap_XP_047295900.1	1475	1511	PHD_3	PF13922.11	5e-21
Hsap_XP_006723791.1	1493	1529	PHD_3	PF13922.11	5.1e-21
Hsap_XP_047295896.1	1492	1528	PHD_3	PF13922.11	5.1e-21
Hsap_XP_047295895.1	1496	1532	PHD_3	PF13922.11	5.1e-21
Hsap_NP_056153.2	1503	1539	PHD_3	PF13922.11	5.1e-21
Hsap_XP_006723790.1	1502	1538	PHD_3	PF13922.11	5.1e-21
Hsap_XP_011526950.1	1591	1626	PHD_3	PF13922.11	5.5e-21
Ggal_XP_015138100.2	2073	2114	PHD_3	PF13922.11	2.1e-21
Ggal_XP_046784300.1	2073	2114	PHD_3	PF13922.11	2.1e-21
Ggal_XP_040551380.1	2084	2125	PHD_3	PF13922.11	2.1e-21
Ggal_XP_040551378.1	2173	2214	PHD_3	PF13922.11	2.2e-21
Ggal_XP_040551379.1	2173	2214	PHD_3	PF13922.11	2.2e-21
Ggal_XP_040551377.1	2200	2241	PHD_3	PF13922.11	2.2e-21
Ggal_XP_046758998.1	1496	1532	PHD_3	PF13922.11	1.6e-20
Ggal_XP_015152083.2	1525	1561	PHD_3	PF13922.11	1.6e-20
Ggal_XP_015152084.2	1500	1536	PHD_3	PF13922.11	1.6e-20
Obim_XP_014776207.1	1720	1766	PHD_3	PF13922.11	4.1e-21
Obim_XP_052825244.1	1735	1781	PHD_3	PF13922.11	4.2e-21
Obim_XP_052825245.1	1735	1781	PHD_3	PF13922.11	4.2e-21
Obim_XP_014776206.1	1847	1893	PHD_3	PF13922.11	4.5e-21
Bmor_XP_004929361.2	949	1026	PHD_3	PF13922.11	1.6e-20
Btab_XP_018899618.1	1219	1257	PHD_3	PF13922.11	2.7e-20
Btab_XP_018899619.1	1218	1256	PHD_3	PF13922.11	2.7e-20
Btab_XP_018899617.1	1220	1258	PHD_3	PF13922.11	2.8e-20
Btab_XP_018899620.1	1172	1210	PHD_3	PF13922.11	4e-20
Dpul_XP_046439374.1	1268	1319	PHD_3	PF13922.11	5e-20
Agrpla_XP_018332801.1	1262	1320	PHD_3	PF13922.11	5e-20
Apla_XP_022102592.1	1088	1134	PHD_3	PF13922.11	2.8e-19
Agrpla_XP_018332800.1	1302	1360	PHD_3	PF13922.11	5.2e-20
Agrpla_XP_018332799.1	1303	1361	PHD_3	PF13922.11	5.2e-20
Apla_XP_022102590.1	1119	1165	PHD_3	PF13922.11	2.9e-19
Apla_XP_022102589.1	1123	1169	PHD_3	PF13922.11	3e-19
Apla_XP_022102588.1	1124	1170	PHD_3	PF13922.11	3e-19
Smar_SMAR002596-PA	794	829	PHD_3	PF13922.11	9.6e-20
Aplcal_XP_005098467.1	1151	1190	PHD_3	PF13922.11	2.4e-18
Pvan_XP_070000261.1	1269	1319	PHD_3	PF13922.11	4.2e-18
Pvan_XP_070000264.1	1338	1388	PHD_3	PF13922.11	4.5e-18
Hrob_XP_009012293.1	1361	1396	PHD_3	PF13922.11	6.4e-16
Apimel_XP_003251511.1	1092	1128	PHD_3	PF13922.11	2.2e-16
Plae_KAI0984120.1	585	623	PHD_3	PF13922.11	3.1e-14
Avag_UJR26942.1	634	672	PHD_3	PF13922.11	5.5e-15
Avag_UJR22191.1	548	628	PHD_3	PF13922.11	7.6e-11
