Scil_XP_065191951.1	406	473	MBT	PF02820.24	2.3e-22
Scil_XP_065191951.1	555	620	MBT	PF02820.24	1.1e-16
Scil_XP_065191951.1	679	747	MBT	PF02820.24	4.5e-15
Scil_XP_065191951.1	788	857	MBT	PF02820.24	2.4e-10
Scil_XP_065191951.1	921	989	MBT	PF02820.24	3.5e-28
Scil_XP_065191951.1	1041	1110	MBT	PF02820.24	2.7e-23
Scil_XP_065191951.1	1158	1227	MBT	PF02820.24	6.2e-27
Scil_XP_065191951.1	1278	1347	MBT	PF02820.24	3.7e-28
Scil_XP_065191951.1	1388	1454	MBT	PF02820.24	4.5e-27
Scil_XP_065191951.1	1494	1563	MBT	PF02820.24	4.4e-24
Scil_XP_065191951.1	1605	1673	MBT	PF02820.24	2.4e-28
Lcom_lcpid17076|	372	439	MBT	PF02820.24	1.4e-18
Lcom_lcpid17076|	518	586	MBT	PF02820.24	8.5e-17
Lcom_lcpid17076|	644	710	MBT	PF02820.24	3e-15
Lcom_lcpid17076|	755	820	MBT	PF02820.24	7.2e-13
Lcom_lcpid17076|	871	940	MBT	PF02820.24	2.3e-21
Lcom_lcpid17076|	994	1061	MBT	PF02820.24	1.8e-25
Lcom_lcpid17076|	1103	1169	MBT	PF02820.24	5.3e-31
Lcom_lcpid17076|	1209	1276	MBT	PF02820.24	2.1e-26
Lcom_lcpid17076|	1315	1384	MBT	PF02820.24	6.4e-28
Scil_XP_065192198.1	237	305	MBT	PF02820.24	1.9e-25
Scil_XP_065192198.1	357	426	MBT	PF02820.24	3.4e-23
Scil_XP_065192198.1	467	533	MBT	PF02820.24	1.1e-25
Scil_XP_065192198.1	573	643	MBT	PF02820.24	7e-22
Scil_XP_065192197.1	228	296	MBT	PF02820.24	1.9e-25
Scil_XP_065192197.1	348	417	MBT	PF02820.24	3.4e-23
Scil_XP_065192197.1	469	535	MBT	PF02820.24	1.1e-25
Scil_XP_065192197.1	575	645	MBT	PF02820.24	7e-22
Scil_XP_065192196.1	237	305	MBT	PF02820.24	1.9e-25
Scil_XP_065192196.1	357	426	MBT	PF02820.24	3.5e-23
Scil_XP_065192196.1	478	544	MBT	PF02820.24	1.1e-25
Scil_XP_065192196.1	584	654	MBT	PF02820.24	7.1e-22
Hsap_NP_001364240.1	202	270	MBT	PF02820.24	1.9e-32
Hsap_NP_001364240.1	309	376	MBT	PF02820.24	1.7e-35
Hsap_NP_001364240.1	413	479	MBT	PF02820.24	8.9e-34
Hsap_NP_001364239.1	242	310	MBT	PF02820.24	2e-32
Hsap_NP_001364239.1	349	416	MBT	PF02820.24	1.8e-35
Hsap_NP_001364239.1	453	519	MBT	PF02820.24	9.4e-34
Hsap_NP_001364238.1	242	310	MBT	PF02820.24	2e-32
Hsap_NP_001364238.1	349	416	MBT	PF02820.24	1.8e-35
Hsap_NP_001364238.1	453	519	MBT	PF02820.24	9.5e-34
Hsap_NP_056293.4	242	310	MBT	PF02820.24	2.1e-32
Hsap_NP_056293.4	349	416	MBT	PF02820.24	1.9e-35
Hsap_NP_056293.4	453	519	MBT	PF02820.24	1e-33
Hsap_NP_001364237.1	242	310	MBT	PF02820.24	2e-32
Hsap_NP_001364237.1	349	416	MBT	PF02820.24	1.8e-35
Hsap_NP_001364237.1	453	519	MBT	PF02820.24	9.6e-34
Hsap_NP_001364236.1	242	310	MBT	PF02820.24	2.1e-32
Hsap_NP_001364236.1	349	416	MBT	PF02820.24	1.8e-35
Hsap_NP_001364236.1	453	519	MBT	PF02820.24	9.7e-34
Hsap_NP_115479.4	310	378	MBT	PF02820.24	2.4e-32
Hsap_NP_115479.4	417	484	MBT	PF02820.24	2.1e-35
Hsap_NP_115479.4	521	587	MBT	PF02820.24	1.1e-33
Hsap_NP_001364235.1	332	400	MBT	PF02820.24	2.3e-32
Hsap_NP_001364235.1	439	506	MBT	PF02820.24	2e-35
Hsap_NP_001364235.1	543	609	MBT	PF02820.24	1.1e-33
Hsap_NP_001364232.1	332	400	MBT	PF02820.24	2.4e-32
Hsap_NP_001364232.1	439	506	MBT	PF02820.24	2.1e-35
Hsap_NP_001364232.1	543	609	MBT	PF02820.24	1.1e-33
Hsap_NP_001007103.1	243	311	MBT	PF02820.24	1.6e-34
Hsap_NP_001007103.1	350	417	MBT	PF02820.24	1.2e-33
Hsap_NP_001007103.1	454	519	MBT	PF02820.24	3.7e-34
Hsap_NP_001333479.1	243	311	MBT	PF02820.24	1.6e-34
Hsap_NP_001333479.1	350	417	MBT	PF02820.24	1.2e-33
Hsap_NP_001333479.1	454	519	MBT	PF02820.24	3.7e-34
Hsap_NP_001333480.1	243	311	MBT	PF02820.24	1.6e-34
Hsap_NP_001333480.1	350	417	MBT	PF02820.24	1.2e-33
Hsap_NP_001333480.1	454	519	MBT	PF02820.24	3.7e-34
Hsap_XP_047275364.1	243	311	MBT	PF02820.24	1.6e-34
Hsap_XP_047275364.1	350	417	MBT	PF02820.24	1.2e-33
Hsap_XP_047275364.1	454	519	MBT	PF02820.24	3.7e-34
Hsap_XP_047275365.1	243	311	MBT	PF02820.24	1.6e-34
Hsap_XP_047275365.1	350	417	MBT	PF02820.24	1.2e-33
Hsap_XP_047275365.1	454	519	MBT	PF02820.24	3.7e-34
Hsap_XP_047275366.1	243	311	MBT	PF02820.24	1.6e-34
Hsap_XP_047275366.1	350	417	MBT	PF02820.24	1.2e-33
Hsap_XP_047275366.1	454	519	MBT	PF02820.24	3.7e-34
Hsap_XP_047275368.1	243	311	MBT	PF02820.24	1.6e-34
Hsap_XP_047275368.1	350	417	MBT	PF02820.24	1.2e-33
Hsap_XP_047275368.1	454	519	MBT	PF02820.24	3.7e-34
Hsap_NP_115814.1	268	336	MBT	PF02820.24	1.6e-34
Hsap_NP_115814.1	375	442	MBT	PF02820.24	1.2e-33
Hsap_NP_115814.1	479	544	MBT	PF02820.24	3.8e-34
Hsap_XP_005267218.1	268	336	MBT	PF02820.24	1.6e-34
Hsap_XP_005267218.1	375	442	MBT	PF02820.24	1.2e-33
Hsap_XP_005267218.1	479	544	MBT	PF02820.24	3.8e-34
Hsap_XP_006715641.1	268	336	MBT	PF02820.24	1.6e-34
Hsap_XP_006715641.1	375	442	MBT	PF02820.24	1.2e-33
Hsap_XP_006715641.1	479	544	MBT	PF02820.24	3.8e-34
Hsap_XP_011534481.1	268	336	MBT	PF02820.24	1.6e-34
Hsap_XP_011534481.1	375	442	MBT	PF02820.24	1.2e-33
Hsap_XP_011534481.1	479	544	MBT	PF02820.24	3.8e-34
Hsap_XP_011534482.1	268	336	MBT	PF02820.24	1.6e-34
Hsap_XP_011534482.1	375	442	MBT	PF02820.24	1.2e-33
Hsap_XP_011534482.1	479	544	MBT	PF02820.24	3.8e-34
Hsap_XP_011534483.1	268	336	MBT	PF02820.24	1.6e-34
Hsap_XP_011534483.1	375	442	MBT	PF02820.24	1.2e-33
Hsap_XP_011534483.1	479	544	MBT	PF02820.24	3.8e-34
Hsap_XP_011534486.1	268	336	MBT	PF02820.24	1.6e-34
Hsap_XP_011534486.1	375	442	MBT	PF02820.24	1.2e-33
Hsap_XP_011534486.1	479	544	MBT	PF02820.24	3.8e-34
Hsap_XP_006715639.1	303	371	MBT	PF02820.24	1.7e-34
Hsap_XP_006715639.1	410	477	MBT	PF02820.24	1.3e-33
Hsap_XP_006715639.1	514	579	MBT	PF02820.24	4.1e-34
Hsap_XP_047275356.1	303	371	MBT	PF02820.24	1.7e-34
Hsap_XP_047275356.1	410	477	MBT	PF02820.24	1.3e-33
Hsap_XP_047275356.1	514	579	MBT	PF02820.24	4.1e-34
Hsap_XP_047275357.1	303	371	MBT	PF02820.24	1.7e-34
Hsap_XP_047275357.1	410	477	MBT	PF02820.24	1.3e-33
Hsap_XP_047275357.1	514	579	MBT	PF02820.24	4.1e-34
Hsap_XP_047275358.1	303	371	MBT	PF02820.24	1.7e-34
Hsap_XP_047275358.1	410	477	MBT	PF02820.24	1.3e-33
Hsap_XP_047275358.1	514	579	MBT	PF02820.24	4.1e-34
Hsap_XP_047275359.1	303	371	MBT	PF02820.24	1.7e-34
Hsap_XP_047275359.1	410	477	MBT	PF02820.24	1.3e-33
Hsap_XP_047275359.1	514	579	MBT	PF02820.24	4.1e-34
Hsap_XP_047275360.1	303	371	MBT	PF02820.24	1.7e-34
Hsap_XP_047275360.1	410	477	MBT	PF02820.24	1.3e-33
Hsap_XP_047275360.1	514	579	MBT	PF02820.24	4.1e-34
Hsap_XP_047275361.1	303	371	MBT	PF02820.24	1.7e-34
Hsap_XP_047275361.1	410	477	MBT	PF02820.24	1.3e-33
Hsap_XP_047275361.1	514	579	MBT	PF02820.24	4.1e-34
Hsap_XP_047275363.1	303	371	MBT	PF02820.24	1.7e-34
Hsap_XP_047275363.1	410	477	MBT	PF02820.24	1.3e-33
Hsap_XP_047275363.1	514	579	MBT	PF02820.24	4.1e-34
Ggal_XP_040506732.1	334	402	MBT	PF02820.24	6.5e-32
Ggal_XP_040506732.1	441	508	MBT	PF02820.24	2.2e-36
Ggal_XP_040506732.1	545	611	MBT	PF02820.24	1.3e-32
Cscu_XP_023240095.1	156	232	MBT	PF02820.24	1.9e-18
Cscu_XP_023240095.1	273	340	MBT	PF02820.24	7.3e-23
Cscu_XP_023240095.1	378	449	MBT	PF02820.24	3e-27
Cscu_XP_023240095.1	485	551	MBT	PF02820.24	2.2e-30
Cscu_XP_023240094.1	156	232	MBT	PF02820.24	2.3e-18
Cscu_XP_023240094.1	273	340	MBT	PF02820.24	8.7e-23
Cscu_XP_023240094.1	378	449	MBT	PF02820.24	3.6e-27
Cscu_XP_023240094.1	485	552	MBT	PF02820.24	2e-30
Cscu_XP_023240093.1	155	231	MBT	PF02820.24	2.3e-18
Cscu_XP_023240093.1	272	339	MBT	PF02820.24	8.7e-23
Cscu_XP_023240093.1	377	448	MBT	PF02820.24	3.6e-27
Cscu_XP_023240093.1	484	550	MBT	PF02820.24	2.6e-30
Cscu_XP_023240089.1	156	232	MBT	PF02820.24	2.3e-18
Cscu_XP_023240089.1	273	340	MBT	PF02820.24	8.8e-23
Cscu_XP_023240089.1	378	449	MBT	PF02820.24	3.6e-27
Cscu_XP_023240089.1	485	551	MBT	PF02820.24	2.6e-30
Cscu_XP_023240090.1	156	232	MBT	PF02820.24	2.3e-18
Cscu_XP_023240090.1	273	340	MBT	PF02820.24	8.8e-23
Cscu_XP_023240090.1	378	449	MBT	PF02820.24	3.6e-27
Cscu_XP_023240090.1	485	551	MBT	PF02820.24	2.6e-30
Cscu_XP_023240091.1	156	232	MBT	PF02820.24	2.3e-18
Cscu_XP_023240091.1	273	340	MBT	PF02820.24	8.8e-23
Cscu_XP_023240091.1	378	449	MBT	PF02820.24	3.6e-27
Cscu_XP_023240091.1	485	551	MBT	PF02820.24	2.6e-30
Cscu_XP_023240092.1	156	232	MBT	PF02820.24	2.3e-18
Cscu_XP_023240092.1	273	340	MBT	PF02820.24	8.8e-23
Cscu_XP_023240092.1	378	449	MBT	PF02820.24	3.6e-27
Cscu_XP_023240092.1	485	551	MBT	PF02820.24	2.6e-30
Hsap_XP_016881566.1	88	156	MBT	PF02820.24	4.5e-32
Hsap_XP_016881566.1	196	263	MBT	PF02820.24	9.3e-35
Hsap_XP_016881566.1	300	367	MBT	PF02820.24	6.4e-34
Ggal_NP_001383451.1	334	400	MBT	PF02820.24	5.7e-31
Ggal_NP_001383451.1	444	511	MBT	PF02820.24	2.2e-36
Ggal_NP_001383451.1	548	614	MBT	PF02820.24	1.3e-32
Ggal_XP_040506730.1	334	400	MBT	PF02820.24	5.7e-31
Ggal_XP_040506730.1	444	511	MBT	PF02820.24	2.2e-36
Ggal_XP_040506730.1	548	614	MBT	PF02820.24	1.3e-32
Ggal_XP_040506731.1	334	400	MBT	PF02820.24	5.7e-31
Ggal_XP_040506731.1	444	511	MBT	PF02820.24	2.2e-36
Ggal_XP_040506731.1	548	614	MBT	PF02820.24	1.3e-32
Hsap_XP_006722427.1	88	156	MBT	PF02820.24	6.8e-32
Hsap_XP_006722427.1	196	263	MBT	PF02820.24	1.4e-34
Hsap_XP_006722427.1	300	367	MBT	PF02820.24	9.8e-34
Hsap_NP_001352697.1	88	156	MBT	PF02820.24	6.8e-32
Hsap_NP_001352697.1	196	263	MBT	PF02820.24	1.4e-34
Hsap_NP_001352697.1	300	367	MBT	PF02820.24	9.9e-34
Hsap_NP_001352698.1	88	156	MBT	PF02820.24	6.8e-32
Hsap_NP_001352698.1	196	263	MBT	PF02820.24	1.4e-34
Hsap_NP_001352698.1	300	367	MBT	PF02820.24	9.9e-34
Hsap_XP_047293876.1	88	156	MBT	PF02820.24	6.8e-32
Hsap_XP_047293876.1	196	263	MBT	PF02820.24	1.4e-34
Hsap_XP_047293876.1	300	367	MBT	PF02820.24	9.9e-34
Hsap_NP_001352695.1	88	156	MBT	PF02820.24	7e-32
Hsap_NP_001352695.1	196	263	MBT	PF02820.24	1.5e-34
Hsap_NP_001352695.1	300	367	MBT	PF02820.24	1e-33
Ggal_XP_025004861.1	112	180	MBT	PF02820.24	8.6e-36
Ggal_XP_025004861.1	219	286	MBT	PF02820.24	1.5e-32
Ggal_XP_025004861.1	323	388	MBT	PF02820.24	3.1e-32
Hsap_XP_011524065.1	88	156	MBT	PF02820.24	7.5e-32
Hsap_XP_011524065.1	196	263	MBT	PF02820.24	1.6e-34
Hsap_XP_011524065.1	300	367	MBT	PF02820.24	1.1e-33
Hsap_NP_001352696.1	88	156	MBT	PF02820.24	7.8e-32
Hsap_NP_001352696.1	196	263	MBT	PF02820.24	1.6e-34
Hsap_NP_001352696.1	300	367	MBT	PF02820.24	1.1e-33
Hsap_XP_011524064.1	88	156	MBT	PF02820.24	8.5e-32
Hsap_XP_011524064.1	196	263	MBT	PF02820.24	1.8e-34
Hsap_XP_011524064.1	300	367	MBT	PF02820.24	1.2e-33
Hsap_XP_016881563.1	88	156	MBT	PF02820.24	8.6e-32
Hsap_XP_016881563.1	196	263	MBT	PF02820.24	1.8e-34
Hsap_XP_016881563.1	300	367	MBT	PF02820.24	1.2e-33
Ggal_XP_046795732.1	245	313	MBT	PF02820.24	1.1e-35
Ggal_XP_046795732.1	352	419	MBT	PF02820.24	1.9e-32
Ggal_XP_046795732.1	456	521	MBT	PF02820.24	3.9e-32
Ggal_XP_015139623.1	245	313	MBT	PF02820.24	1.1e-35
Ggal_XP_015139623.1	352	419	MBT	PF02820.24	1.9e-32
Ggal_XP_015139623.1	456	521	MBT	PF02820.24	3.9e-32
Ggal_XP_015139624.1	245	313	MBT	PF02820.24	1.1e-35
Ggal_XP_015139624.1	352	419	MBT	PF02820.24	1.9e-32
Ggal_XP_015139624.1	456	521	MBT	PF02820.24	3.9e-32
Ggal_XP_040553874.1	245	313	MBT	PF02820.24	1.1e-35
Ggal_XP_040553874.1	352	419	MBT	PF02820.24	1.9e-32
Ggal_XP_040553874.1	456	521	MBT	PF02820.24	3.9e-32
Ggal_XP_040553875.1	245	313	MBT	PF02820.24	1.1e-35
Ggal_XP_040553875.1	352	419	MBT	PF02820.24	1.9e-32
Ggal_XP_040553875.1	456	521	MBT	PF02820.24	3.9e-32
Ggal_XP_040553876.1	245	313	MBT	PF02820.24	1.1e-35
Ggal_XP_040553876.1	352	419	MBT	PF02820.24	1.9e-32
Ggal_XP_040553876.1	456	521	MBT	PF02820.24	3.9e-32
Ggal_XP_040553877.1	245	313	MBT	PF02820.24	1.1e-35
Ggal_XP_040553877.1	352	419	MBT	PF02820.24	1.9e-32
Ggal_XP_040553877.1	456	521	MBT	PF02820.24	3.9e-32
Ggal_XP_040553878.1	245	313	MBT	PF02820.24	1.1e-35
Ggal_XP_040553878.1	352	419	MBT	PF02820.24	1.9e-32
Ggal_XP_040553878.1	456	521	MBT	PF02820.24	3.9e-32
Ggal_XP_040553879.1	245	313	MBT	PF02820.24	1.1e-35
Ggal_XP_040553879.1	352	419	MBT	PF02820.24	1.9e-32
Ggal_XP_040553879.1	456	521	MBT	PF02820.24	3.9e-32
Ggal_XP_040553880.1	245	313	MBT	PF02820.24	1.1e-35
Ggal_XP_040553880.1	352	419	MBT	PF02820.24	1.9e-32
Ggal_XP_040553880.1	456	521	MBT	PF02820.24	3.9e-32
Ggal_XP_046795730.1	245	313	MBT	PF02820.24	1.1e-35
Ggal_XP_046795730.1	352	419	MBT	PF02820.24	1.9e-32
Ggal_XP_046795730.1	456	521	MBT	PF02820.24	3.9e-32
Ggal_XP_046795731.1	245	313	MBT	PF02820.24	1.1e-35
Ggal_XP_046795731.1	352	419	MBT	PF02820.24	1.9e-32
Ggal_XP_046795731.1	456	521	MBT	PF02820.24	3.9e-32
Hsap_NP_001317488.1	88	156	MBT	PF02820.24	9.5e-32
Hsap_NP_001317488.1	196	263	MBT	PF02820.24	2e-34
Hsap_NP_001317488.1	300	367	MBT	PF02820.24	1.4e-33
Hsap_NP_001352694.1	88	156	MBT	PF02820.24	9.5e-32
Hsap_NP_001352694.1	196	263	MBT	PF02820.24	2e-34
Hsap_NP_001352694.1	300	367	MBT	PF02820.24	1.4e-33
Hsap_XP_047293873.1	88	156	MBT	PF02820.24	9.5e-32
Hsap_XP_047293873.1	196	263	MBT	PF02820.24	2e-34
Hsap_XP_047293873.1	300	367	MBT	PF02820.24	1.4e-33
Hsap_XP_047293874.1	88	156	MBT	PF02820.24	9.5e-32
Hsap_XP_047293874.1	196	263	MBT	PF02820.24	2e-34
Hsap_XP_047293874.1	300	367	MBT	PF02820.24	1.4e-33
Hsap_XP_047293875.1	88	156	MBT	PF02820.24	9.5e-32
Hsap_XP_047293875.1	196	263	MBT	PF02820.24	2e-34
Hsap_XP_047293875.1	300	367	MBT	PF02820.24	1.4e-33
Hsap_NP_001352699.1	88	156	MBT	PF02820.24	9.7e-32
Hsap_NP_001352699.1	196	263	MBT	PF02820.24	2e-34
Hsap_NP_001352699.1	300	367	MBT	PF02820.24	1.4e-33
Hsap_NP_775735.2	88	156	MBT	PF02820.24	9.7e-32
Hsap_NP_775735.2	196	263	MBT	PF02820.24	2e-34
Hsap_NP_775735.2	300	367	MBT	PF02820.24	1.4e-33
Ggal_XP_419742.6	293	361	MBT	PF02820.24	1.2e-35
Ggal_XP_419742.6	400	467	MBT	PF02820.24	2.1e-32
Ggal_XP_419742.6	504	569	MBT	PF02820.24	4.2e-32
Drer_NP_001232893.1	238	305	MBT	PF02820.24	3.8e-33
Drer_NP_001232893.1	345	412	MBT	PF02820.24	1.2e-33
Drer_NP_001232893.1	449	513	MBT	PF02820.24	2.7e-33
Hsap_XP_011524062.1	88	156	MBT	PF02820.24	1e-31
Hsap_XP_011524062.1	196	263	MBT	PF02820.24	2.1e-34
Hsap_XP_011524062.1	300	367	MBT	PF02820.24	1.5e-33
Hsap_XP_011524059.1	88	156	MBT	PF02820.24	1e-31
Hsap_XP_011524059.1	196	263	MBT	PF02820.24	2.1e-34
Hsap_XP_011524059.1	300	367	MBT	PF02820.24	1.5e-33
Hsap_XP_011524060.1	88	156	MBT	PF02820.24	1e-31
Hsap_XP_011524060.1	196	263	MBT	PF02820.24	2.1e-34
Hsap_XP_011524060.1	300	367	MBT	PF02820.24	1.5e-33
Hsap_XP_011524061.1	88	156	MBT	PF02820.24	1e-31
Hsap_XP_011524061.1	196	263	MBT	PF02820.24	2.1e-34
Hsap_XP_011524061.1	300	367	MBT	PF02820.24	1.5e-33
Hsap_XP_047293870.1	88	156	MBT	PF02820.24	1e-31
Hsap_XP_047293870.1	196	263	MBT	PF02820.24	2.1e-34
Hsap_XP_047293870.1	300	367	MBT	PF02820.24	1.5e-33
Hsap_XP_047293871.1	88	156	MBT	PF02820.24	1e-31
Hsap_XP_047293871.1	196	263	MBT	PF02820.24	2.1e-34
Hsap_XP_047293871.1	300	367	MBT	PF02820.24	1.5e-33
Hsap_XP_047293872.1	88	156	MBT	PF02820.24	1e-31
Hsap_XP_047293872.1	196	263	MBT	PF02820.24	2.1e-34
Hsap_XP_047293872.1	300	367	MBT	PF02820.24	1.5e-33
Hsap_XP_047297493.1	4	76	MBT	PF02820.24	7.7e-19
Hsap_XP_047297493.1	117	179	MBT	PF02820.24	6.5e-22
Hsap_XP_047297493.1	222	294	MBT	PF02820.24	3.6e-25
Hsap_XP_047297493.1	330	395	MBT	PF02820.24	7.5e-32
Ggal_XP_015140648.1	230	302	MBT	PF02820.24	3e-18
Ggal_XP_015140648.1	343	407	MBT	PF02820.24	2.2e-22
Ggal_XP_015140648.1	449	519	MBT	PF02820.24	1.8e-26
Ggal_XP_015140648.1	557	621	MBT	PF02820.24	7.1e-31
Ggal_NP_001006238.1	230	302	MBT	PF02820.24	3.1e-18
Ggal_NP_001006238.1	343	407	MBT	PF02820.24	2.3e-22
Ggal_NP_001006238.1	449	519	MBT	PF02820.24	1.8e-26
Ggal_NP_001006238.1	557	621	MBT	PF02820.24	7.4e-31
Hsap_XP_016884466.1	104	176	MBT	PF02820.24	1e-18
Hsap_XP_016884466.1	217	279	MBT	PF02820.24	8.4e-22
Hsap_XP_016884466.1	322	394	MBT	PF02820.24	4.8e-25
Hsap_XP_016884466.1	430	495	MBT	PF02820.24	9.7e-32
Ggal_XP_015153234.1	56	124	MBT	PF02820.24	2.6e-33
Ggal_XP_015153234.1	163	231	MBT	PF02820.24	5.9e-32
Ggal_XP_015153234.1	267	333	MBT	PF02820.24	1.1e-32
Hsap_XP_047297492.1	214	286	MBT	PF02820.24	1.1e-18
Hsap_XP_047297492.1	327	389	MBT	PF02820.24	9.1e-22
Hsap_XP_047297492.1	432	504	MBT	PF02820.24	5.2e-25
Hsap_XP_047297492.1	540	605	MBT	PF02820.24	1.1e-31
Ggal_XP_015153233.1	94	162	MBT	PF02820.24	2.8e-33
Ggal_XP_015153233.1	201	269	MBT	PF02820.24	6.4e-32
Ggal_XP_015153233.1	305	371	MBT	PF02820.24	1.2e-32
Ggal_XP_015153231.1	154	222	MBT	PF02820.24	3.1e-33
Ggal_XP_015153231.1	261	329	MBT	PF02820.24	7.2e-32
Ggal_XP_015153231.1	365	431	MBT	PF02820.24	1.4e-32
Hsap_NP_113676.2	214	286	MBT	PF02820.24	1.3e-18
Hsap_NP_113676.2	327	389	MBT	PF02820.24	1.1e-21
Hsap_NP_113676.2	432	504	MBT	PF02820.24	6e-25
Hsap_NP_113676.2	540	605	MBT	PF02820.24	1.2e-31
Ggal_XP_040507943.1	201	269	MBT	PF02820.24	3.4e-33
Ggal_XP_040507943.1	308	376	MBT	PF02820.24	7.8e-32
Ggal_XP_040507943.1	412	478	MBT	PF02820.24	1.5e-32
Apla_XP_022091136.1	375	442	MBT	PF02820.24	5.4e-33
Apla_XP_022091136.1	483	551	MBT	PF02820.24	3.4e-34
Apla_XP_022091136.1	587	651	MBT	PF02820.24	7.7e-30
Ggal_XP_015153230.2	230	298	MBT	PF02820.24	3.6e-33
Ggal_XP_015153230.2	337	405	MBT	PF02820.24	8.2e-32
Ggal_XP_015153230.2	441	507	MBT	PF02820.24	1.5e-32
Ggal_XP_015153228.2	246	314	MBT	PF02820.24	3.7e-33
Ggal_XP_015153228.2	353	421	MBT	PF02820.24	8.5e-32
Ggal_XP_015153228.2	457	523	MBT	PF02820.24	1.6e-32
Ggal_XP_040507941.1	246	314	MBT	PF02820.24	3.7e-33
Ggal_XP_040507941.1	353	421	MBT	PF02820.24	8.5e-32
Ggal_XP_040507941.1	457	523	MBT	PF02820.24	1.6e-32
Ggal_XP_040507942.1	246	314	MBT	PF02820.24	3.7e-33
Ggal_XP_040507942.1	353	421	MBT	PF02820.24	8.5e-32
Ggal_XP_040507942.1	457	523	MBT	PF02820.24	1.6e-32
Ggal_XP_040507944.1	100	168	MBT	PF02820.24	2.8e-33
Ggal_XP_040507944.1	207	275	MBT	PF02820.24	6.5e-32
Ggal_XP_040507944.1	311	377	MBT	PF02820.24	1.2e-32
Ggal_XP_040507945.1	100	168	MBT	PF02820.24	2.8e-33
Ggal_XP_040507945.1	207	275	MBT	PF02820.24	6.5e-32
Ggal_XP_040507945.1	311	377	MBT	PF02820.24	1.2e-32
Xtro_XP_031750144.1	262	330	MBT	PF02820.24	5e-34
Xtro_XP_031750144.1	369	436	MBT	PF02820.24	3.9e-33
Xtro_XP_031750144.1	473	539	MBT	PF02820.24	1.5e-30
Xtro_XP_031750143.1	262	330	MBT	PF02820.24	5.2e-34
Xtro_XP_031750143.1	369	436	MBT	PF02820.24	4.1e-33
Xtro_XP_031750143.1	473	539	MBT	PF02820.24	1.5e-30
Apla_XP_022091091.1	375	441	MBT	PF02820.24	1.3e-32
Apla_XP_022091091.1	485	553	MBT	PF02820.24	3.4e-34
Apla_XP_022091091.1	589	653	MBT	PF02820.24	7.7e-30
Apla_XP_022091100.1	375	441	MBT	PF02820.24	1.3e-32
Apla_XP_022091100.1	485	553	MBT	PF02820.24	3.4e-34
Apla_XP_022091100.1	589	653	MBT	PF02820.24	7.7e-30
Apla_XP_022091109.1	375	441	MBT	PF02820.24	1.3e-32
Apla_XP_022091109.1	485	553	MBT	PF02820.24	3.4e-34
Apla_XP_022091109.1	589	653	MBT	PF02820.24	7.7e-30
Apla_XP_022091119.1	375	441	MBT	PF02820.24	1.3e-32
Apla_XP_022091119.1	485	553	MBT	PF02820.24	3.4e-34
Apla_XP_022091119.1	589	653	MBT	PF02820.24	7.7e-30
Apla_XP_022091126.1	375	441	MBT	PF02820.24	1.3e-32
Apla_XP_022091126.1	485	553	MBT	PF02820.24	3.4e-34
Apla_XP_022091126.1	589	653	MBT	PF02820.24	7.7e-30
Ggal_XP_040510308.1	80	149	MBT	PF02820.24	5e-25
Ggal_XP_040510308.1	194	261	MBT	PF02820.24	1.3e-20
Ggal_XP_040510308.1	306	378	MBT	PF02820.24	8e-25
Ggal_XP_040510308.1	414	481	MBT	PF02820.24	7.3e-26
Spur_XP_030838673.1	433	500	MBT	PF02820.24	2.9e-31
Spur_XP_030838673.1	540	606	MBT	PF02820.24	9.1e-35
Spur_XP_030838673.1	644	708	MBT	PF02820.24	2.2e-30
Blan_XP_066286911.1	171	243	MBT	PF02820.24	7.3e-18
Blan_XP_066286911.1	284	353	MBT	PF02820.24	3.8e-23
Blan_XP_066286911.1	394	466	MBT	PF02820.24	3.4e-25
Blan_XP_066286911.1	501	566	MBT	PF02820.24	3.1e-30
Blan_XP_066286910.1	182	254	MBT	PF02820.24	7.4e-18
Blan_XP_066286910.1	295	364	MBT	PF02820.24	3.8e-23
Blan_XP_066286910.1	405	477	MBT	PF02820.24	3.4e-25
Blan_XP_066286910.1	512	577	MBT	PF02820.24	3.1e-30
Blan_XP_066286909.1	183	255	MBT	PF02820.24	7.5e-18
Blan_XP_066286909.1	296	365	MBT	PF02820.24	3.8e-23
Blan_XP_066286909.1	406	478	MBT	PF02820.24	3.4e-25
Blan_XP_066286909.1	513	578	MBT	PF02820.24	3.1e-30
Agrpla_XP_025830818.1	198	274	MBT	PF02820.24	6.4e-18
Agrpla_XP_025830818.1	316	383	MBT	PF02820.24	7.1e-22
Agrpla_XP_025830818.1	422	495	MBT	PF02820.24	1.2e-27
Agrpla_XP_025830818.1	531	596	MBT	PF02820.24	4.8e-29
Lana_XP_013400962.1	238	310	MBT	PF02820.24	1.5e-16
Lana_XP_013400962.1	353	420	MBT	PF02820.24	6.2e-22
Lana_XP_013400962.1	459	531	MBT	PF02820.24	2.4e-26
Lana_XP_013400962.1	566	632	MBT	PF02820.24	1.9e-30
Agrpla_XP_025830854.1	282	358	MBT	PF02820.24	8.1e-18
Agrpla_XP_025830854.1	400	467	MBT	PF02820.24	9.1e-22
Agrpla_XP_025830854.1	506	579	MBT	PF02820.24	1.6e-27
Agrpla_XP_025830854.1	615	680	MBT	PF02820.24	6.1e-29
Agrpla_XP_025830853.1	290	366	MBT	PF02820.24	8.2e-18
Agrpla_XP_025830853.1	408	475	MBT	PF02820.24	9.2e-22
Agrpla_XP_025830853.1	514	587	MBT	PF02820.24	1.6e-27
Agrpla_XP_025830853.1	623	688	MBT	PF02820.24	6.1e-29
Xtro_XP_002939531.3	217	285	MBT	PF02820.24	1e-34
Xtro_XP_002939531.3	324	392	MBT	PF02820.24	8.6e-32
Xtro_XP_002939531.3	428	494	MBT	PF02820.24	1e-29
Xtro_XP_004911641.2	243	311	MBT	PF02820.24	1.1e-34
Xtro_XP_004911641.2	350	418	MBT	PF02820.24	9e-32
Xtro_XP_004911641.2	454	520	MBT	PF02820.24	1.1e-29
Xtro_XP_012816924.2	206	264	MBT	PF02820.24	2.1e-14
Xtro_XP_012816924.2	306	371	MBT	PF02820.24	1.1e-24
Xtro_XP_012816924.2	412	483	MBT	PF02820.24	7.9e-26
Xtro_XP_012816924.2	520	585	MBT	PF02820.24	4.5e-30
Lana_XP_013413115.1	238	310	MBT	PF02820.24	1.9e-16
Lana_XP_013413115.1	353	420	MBT	PF02820.24	7.7e-22
Lana_XP_013413115.1	459	531	MBT	PF02820.24	3.1e-26
Lana_XP_013413115.1	566	632	MBT	PF02820.24	2.4e-30
Smar_SMAR002946-PA	221	297	MBT	PF02820.24	5.1e-16
Smar_SMAR002946-PA	338	406	MBT	PF02820.24	4.3e-22
Smar_SMAR002946-PA	445	516	MBT	PF02820.24	8.7e-26
Smar_SMAR002946-PA	552	617	MBT	PF02820.24	1.3e-30
Xtro_XP_002934782.3	206	264	MBT	PF02820.24	2.3e-14
Xtro_XP_002934782.3	306	371	MBT	PF02820.24	1.2e-24
Xtro_XP_002934782.3	412	483	MBT	PF02820.24	8.9e-26
Xtro_XP_002934782.3	520	585	MBT	PF02820.24	5.1e-30
Xtro_XP_004913859.2	206	264	MBT	PF02820.24	2.4e-14
Xtro_XP_004913859.2	306	371	MBT	PF02820.24	1.2e-24
Xtro_XP_004913859.2	412	483	MBT	PF02820.24	9.2e-26
Xtro_XP_004913859.2	520	585	MBT	PF02820.24	5.2e-30
Xtro_XP_012816921.2	206	264	MBT	PF02820.24	2.4e-14
Xtro_XP_012816921.2	306	371	MBT	PF02820.24	1.2e-24
Xtro_XP_012816921.2	412	483	MBT	PF02820.24	9.2e-26
Xtro_XP_012816921.2	520	585	MBT	PF02820.24	5.2e-30
Xtro_XP_012816923.2	206	264	MBT	PF02820.24	2.4e-14
Xtro_XP_012816923.2	306	371	MBT	PF02820.24	1.2e-24
Xtro_XP_012816923.2	412	483	MBT	PF02820.24	9.2e-26
Xtro_XP_012816923.2	520	585	MBT	PF02820.24	5.2e-30
Lana_XP_013413839.1	541	608	MBT	PF02820.24	8.9e-32
Lana_XP_013413839.1	650	716	MBT	PF02820.24	1.6e-32
Lana_XP_013413839.1	754	819	MBT	PF02820.24	2.4e-31
Lana_XP_013413836.1	541	608	MBT	PF02820.24	9.1e-32
Lana_XP_013413836.1	650	716	MBT	PF02820.24	1.6e-32
Lana_XP_013413836.1	770	835	MBT	PF02820.24	2.4e-31
Lana_XP_013413840.1	507	573	MBT	PF02820.24	1.6e-31
Lana_XP_013413840.1	618	684	MBT	PF02820.24	1.5e-32
Lana_XP_013413840.1	738	803	MBT	PF02820.24	2.3e-31
Lana_XP_013413838.1	541	607	MBT	PF02820.24	1.6e-31
Lana_XP_013413838.1	652	718	MBT	PF02820.24	1.6e-32
Lana_XP_013413838.1	756	821	MBT	PF02820.24	2.4e-31
Lana_XP_013413837.1	541	607	MBT	PF02820.24	1.6e-31
Lana_XP_013413837.1	652	718	MBT	PF02820.24	1.6e-32
Lana_XP_013413837.1	772	837	MBT	PF02820.24	2.4e-31
Lana_XP_013413833.1	541	607	MBT	PF02820.24	1.7e-31
Lana_XP_013413833.1	652	718	MBT	PF02820.24	1.6e-32
Lana_XP_013413833.1	772	837	MBT	PF02820.24	2.4e-31
Lana_XP_013413834.1	541	607	MBT	PF02820.24	1.7e-31
Lana_XP_013413834.1	652	718	MBT	PF02820.24	1.6e-32
Lana_XP_013413834.1	772	837	MBT	PF02820.24	2.4e-31
Lana_XP_013413835.1	541	607	MBT	PF02820.24	1.7e-31
Lana_XP_013413835.1	652	718	MBT	PF02820.24	1.6e-32
Lana_XP_013413835.1	772	837	MBT	PF02820.24	2.4e-31
Blan_XP_066283579.1	593	662	MBT	PF02820.24	5.7e-29
Blan_XP_066283579.1	705	774	MBT	PF02820.24	2.9e-19
Blan_XP_066283579.1	820	892	MBT	PF02820.24	1.6e-23
Blan_XP_066283579.1	929	999	MBT	PF02820.24	1e-21
Apimel_XP_006566691.1	675	742	MBT	PF02820.24	1e-32
Apimel_XP_006566691.1	781	849	MBT	PF02820.24	6.2e-32
Apimel_XP_006566691.1	885	950	MBT	PF02820.24	5.7e-31
Apimel_XP_006566692.1	675	742	MBT	PF02820.24	1e-32
Apimel_XP_006566692.1	781	849	MBT	PF02820.24	6.2e-32
Apimel_XP_006566692.1	885	950	MBT	PF02820.24	5.7e-31
Apimel_XP_006566693.1	675	742	MBT	PF02820.24	1e-32
Apimel_XP_006566693.1	781	849	MBT	PF02820.24	6.2e-32
Apimel_XP_006566693.1	885	950	MBT	PF02820.24	5.7e-31
Apimel_XP_006566694.1	675	742	MBT	PF02820.24	1e-32
Apimel_XP_006566694.1	781	849	MBT	PF02820.24	6.2e-32
Apimel_XP_006566694.1	885	950	MBT	PF02820.24	5.7e-31
Apimel_XP_006566690.1	680	747	MBT	PF02820.24	1e-32
Apimel_XP_006566690.1	786	854	MBT	PF02820.24	6.2e-32
Apimel_XP_006566690.1	890	955	MBT	PF02820.24	5.7e-31
Apimel_XP_006566689.1	683	750	MBT	PF02820.24	1e-32
Apimel_XP_006566689.1	789	857	MBT	PF02820.24	6.2e-32
Apimel_XP_006566689.1	893	958	MBT	PF02820.24	5.7e-31
Apimel_XP_006566688.1	684	751	MBT	PF02820.24	1e-32
Apimel_XP_006566688.1	790	858	MBT	PF02820.24	6.2e-32
Apimel_XP_006566688.1	894	959	MBT	PF02820.24	5.7e-31
Btab_XP_018897808.1	281	357	MBT	PF02820.24	1.5e-16
Btab_XP_018897808.1	399	466	MBT	PF02820.24	1.6e-23
Btab_XP_018897808.1	503	575	MBT	PF02820.24	6.2e-27
Btab_XP_018897808.1	614	679	MBT	PF02820.24	4e-28
Blan_XP_066283578.1	593	660	MBT	PF02820.24	1.6e-28
Blan_XP_066283578.1	727	796	MBT	PF02820.24	2.9e-19
Blan_XP_066283578.1	842	914	MBT	PF02820.24	1.6e-23
Blan_XP_066283578.1	951	1021	MBT	PF02820.24	1e-21
Aplcal_XP_005093400.1	232	294	MBT	PF02820.24	1.1e-16
Aplcal_XP_005093400.1	336	404	MBT	PF02820.24	6.9e-20
Aplcal_XP_005093400.1	443	515	MBT	PF02820.24	3.4e-27
Aplcal_XP_005093400.1	550	615	MBT	PF02820.24	1.7e-29
Agrpla_XP_025837598.1	750	817	MBT	PF02820.24	5.8e-31
Agrpla_XP_025837598.1	858	925	MBT	PF02820.24	4.3e-33
Agrpla_XP_025837598.1	962	1027	MBT	PF02820.24	8.9e-31
Agrpla_XP_025837599.1	750	817	MBT	PF02820.24	5.8e-31
Agrpla_XP_025837599.1	858	925	MBT	PF02820.24	4.3e-33
Agrpla_XP_025837599.1	962	1027	MBT	PF02820.24	8.9e-31
Drer_XP_021336055.1	212	271	MBT	PF02820.24	1.4e-16
Drer_XP_021336055.1	312	375	MBT	PF02820.24	9.3e-19
Drer_XP_021336055.1	411	482	MBT	PF02820.24	1.2e-26
Drer_XP_021336055.1	519	584	MBT	PF02820.24	4.2e-31
Drer_XP_001920015.3	212	271	MBT	PF02820.24	1.4e-16
Drer_XP_001920015.3	312	375	MBT	PF02820.24	9.3e-19
Drer_XP_001920015.3	411	482	MBT	PF02820.24	1.2e-26
Drer_XP_001920015.3	519	584	MBT	PF02820.24	4.2e-31
Hsap_XP_047292280.1	26	84	MBT	PF02820.24	1.7e-14
Hsap_XP_047292280.1	125	188	MBT	PF02820.24	5.8e-20
Hsap_XP_047292280.1	224	295	MBT	PF02820.24	5.8e-27
Hsap_XP_047292280.1	332	397	MBT	PF02820.24	7.9e-32
Hsap_XP_011523233.1	53	111	MBT	PF02820.24	1.8e-14
Hsap_XP_011523233.1	152	215	MBT	PF02820.24	6.2e-20
Hsap_XP_011523233.1	251	322	MBT	PF02820.24	6.2e-27
Hsap_XP_011523233.1	359	424	MBT	PF02820.24	8.5e-32
Drer_XP_068080900.1	212	271	MBT	PF02820.24	1.6e-16
Drer_XP_068080900.1	312	375	MBT	PF02820.24	1e-18
Drer_XP_068080900.1	411	482	MBT	PF02820.24	1.4e-26
Drer_XP_068080900.1	519	584	MBT	PF02820.24	4.7e-31
Drer_XP_005169539.2	212	271	MBT	PF02820.24	1.6e-16
Drer_XP_005169539.2	312	375	MBT	PF02820.24	1e-18
Drer_XP_005169539.2	411	482	MBT	PF02820.24	1.4e-26
Drer_XP_005169539.2	519	584	MBT	PF02820.24	4.7e-31
Cscu_XP_023229946.1	547	614	MBT	PF02820.24	7.9e-33
Cscu_XP_023229946.1	655	723	MBT	PF02820.24	5.3e-31
Cscu_XP_023229946.1	759	823	MBT	PF02820.24	9.2e-31
Cscu_XP_023229947.1	547	614	MBT	PF02820.24	7.9e-33
Cscu_XP_023229947.1	655	723	MBT	PF02820.24	5.3e-31
Cscu_XP_023229947.1	759	823	MBT	PF02820.24	9.2e-31
Cscu_XP_023229948.1	547	614	MBT	PF02820.24	7.9e-33
Cscu_XP_023229948.1	655	723	MBT	PF02820.24	5.3e-31
Cscu_XP_023229948.1	759	823	MBT	PF02820.24	9.2e-31
Hsap_NP_057413.2	54	123	MBT	PF02820.24	3.3e-25
Hsap_NP_057413.2	167	235	MBT	PF02820.24	2e-19
Hsap_NP_057413.2	279	351	MBT	PF02820.24	1.2e-24
Hsap_NP_057413.2	388	455	MBT	PF02820.24	9.9e-23
Cscu_XP_023229945.1	558	625	MBT	PF02820.24	8e-33
Cscu_XP_023229945.1	666	734	MBT	PF02820.24	5.4e-31
Cscu_XP_023229945.1	770	834	MBT	PF02820.24	9.3e-31
Hsap_NP_060113.2	190	248	MBT	PF02820.24	2.1e-14
Hsap_NP_060113.2	289	352	MBT	PF02820.24	7.4e-20
Hsap_NP_060113.2	388	459	MBT	PF02820.24	7.4e-27
Hsap_NP_060113.2	496	561	MBT	PF02820.24	1e-31
Hsap_XP_005257525.1	213	271	MBT	PF02820.24	2.3e-14
Hsap_XP_005257525.1	312	375	MBT	PF02820.24	7.8e-20
Hsap_XP_005257525.1	411	482	MBT	PF02820.24	7.8e-27
Hsap_XP_005257525.1	519	584	MBT	PF02820.24	1.1e-31
Hsap_XP_005257524.1	215	273	MBT	PF02820.24	2.3e-14
Hsap_XP_005257524.1	314	377	MBT	PF02820.24	7.8e-20
Hsap_XP_005257524.1	413	484	MBT	PF02820.24	7.8e-27
Hsap_XP_005257524.1	521	586	MBT	PF02820.24	1.1e-31
Obim_XP_052825122.1	92	163	MBT	PF02820.24	5.8e-16
Obim_XP_052825122.1	205	271	MBT	PF02820.24	2.8e-23
Obim_XP_052825122.1	314	386	MBT	PF02820.24	2.4e-25
Obim_XP_052825122.1	421	486	MBT	PF02820.24	2.9e-28
Hsap_XP_011523232.1	190	248	MBT	PF02820.24	2.4e-14
Hsap_XP_011523232.1	289	352	MBT	PF02820.24	8.4e-20
Hsap_XP_011523232.1	388	459	MBT	PF02820.24	8.5e-27
Hsap_XP_011523232.1	496	561	MBT	PF02820.24	1.2e-31
Hsap_XP_011523227.1	192	250	MBT	PF02820.24	2.5e-14
Hsap_XP_011523227.1	291	354	MBT	PF02820.24	8.5e-20
Hsap_XP_011523227.1	390	461	MBT	PF02820.24	8.5e-27
Hsap_XP_011523227.1	498	563	MBT	PF02820.24	1.2e-31
Hsap_XP_011523228.1	192	250	MBT	PF02820.24	2.5e-14
Hsap_XP_011523228.1	291	354	MBT	PF02820.24	8.5e-20
Hsap_XP_011523228.1	390	461	MBT	PF02820.24	8.5e-27
Hsap_XP_011523228.1	498	563	MBT	PF02820.24	1.2e-31
Hsap_XP_011523230.1	192	250	MBT	PF02820.24	2.5e-14
Hsap_XP_011523230.1	291	354	MBT	PF02820.24	8.5e-20
Hsap_XP_011523230.1	390	461	MBT	PF02820.24	8.5e-27
Hsap_XP_011523230.1	498	563	MBT	PF02820.24	1.2e-31
Hsap_XP_047292277.1	192	250	MBT	PF02820.24	2.5e-14
Hsap_XP_047292277.1	291	354	MBT	PF02820.24	8.5e-20
Hsap_XP_047292277.1	390	461	MBT	PF02820.24	8.5e-27
Hsap_XP_047292277.1	498	563	MBT	PF02820.24	1.2e-31
Hsap_XP_047292278.1	192	250	MBT	PF02820.24	2.5e-14
Hsap_XP_047292278.1	291	354	MBT	PF02820.24	8.5e-20
Hsap_XP_047292278.1	390	461	MBT	PF02820.24	8.5e-27
Hsap_XP_047292278.1	498	563	MBT	PF02820.24	1.2e-31
Hsap_XP_047292279.1	192	250	MBT	PF02820.24	2.5e-14
Hsap_XP_047292279.1	291	354	MBT	PF02820.24	8.5e-20
Hsap_XP_047292279.1	390	461	MBT	PF02820.24	8.5e-27
Hsap_XP_047292279.1	498	563	MBT	PF02820.24	1.2e-31
Ggal_XP_046756156.1	54	124	MBT	PF02820.24	7.2e-25
Ggal_XP_046756156.1	167	235	MBT	PF02820.24	1e-19
Ggal_XP_046756156.1	280	352	MBT	PF02820.24	1.6e-23
Ggal_XP_046756156.1	389	456	MBT	PF02820.24	8.3e-24
Hsap_XP_047292276.1	212	270	MBT	PF02820.24	2.5e-14
Hsap_XP_047292276.1	311	374	MBT	PF02820.24	8.8e-20
Hsap_XP_047292276.1	410	481	MBT	PF02820.24	8.8e-27
Hsap_XP_047292276.1	518	583	MBT	PF02820.24	1.2e-31
Hsap_XP_011523226.1	213	271	MBT	PF02820.24	2.6e-14
Hsap_XP_011523226.1	312	375	MBT	PF02820.24	8.8e-20
Hsap_XP_011523226.1	411	482	MBT	PF02820.24	8.9e-27
Hsap_XP_011523226.1	519	584	MBT	PF02820.24	1.2e-31
Hsap_XP_011523225.1	214	272	MBT	PF02820.24	2.6e-14
Hsap_XP_011523225.1	313	376	MBT	PF02820.24	8.8e-20
Hsap_XP_011523225.1	412	483	MBT	PF02820.24	8.9e-27
Hsap_XP_011523225.1	520	585	MBT	PF02820.24	1.2e-31
Hsap_XP_011523224.1	215	273	MBT	PF02820.24	2.6e-14
Hsap_XP_011523224.1	314	377	MBT	PF02820.24	8.8e-20
Hsap_XP_011523224.1	413	484	MBT	PF02820.24	8.9e-27
Hsap_XP_011523224.1	521	586	MBT	PF02820.24	1.2e-31
Apimel_XP_026296175.1	320	395	MBT	PF02820.24	2e-17
Apimel_XP_026296175.1	438	505	MBT	PF02820.24	8.9e-22
Apimel_XP_026296175.1	542	615	MBT	PF02820.24	1.6e-25
Apimel_XP_026296175.1	651	716	MBT	PF02820.24	1.8e-28
Ggal_XP_015148245.1	54	124	MBT	PF02820.24	7.6e-25
Ggal_XP_015148245.1	167	235	MBT	PF02820.24	1.1e-19
Ggal_XP_015148245.1	280	352	MBT	PF02820.24	1.7e-23
Ggal_XP_015148245.1	389	456	MBT	PF02820.24	8.8e-24
Ggal_XP_015148246.1	54	124	MBT	PF02820.24	7.6e-25
Ggal_XP_015148246.1	167	235	MBT	PF02820.24	1.1e-19
Ggal_XP_015148246.1	280	352	MBT	PF02820.24	1.7e-23
Ggal_XP_015148246.1	389	456	MBT	PF02820.24	8.8e-24
Ggal_XP_025010309.1	54	124	MBT	PF02820.24	7.6e-25
Ggal_XP_025010309.1	167	235	MBT	PF02820.24	1.1e-19
Ggal_XP_025010309.1	280	352	MBT	PF02820.24	1.7e-23
Ggal_XP_025010309.1	389	456	MBT	PF02820.24	8.8e-24
Ggal_XP_040502356.1	54	124	MBT	PF02820.24	7.6e-25
Ggal_XP_040502356.1	167	235	MBT	PF02820.24	1.1e-19
Ggal_XP_040502356.1	280	352	MBT	PF02820.24	1.7e-23
Ggal_XP_040502356.1	389	456	MBT	PF02820.24	8.8e-24
Ggal_XP_040502358.1	54	124	MBT	PF02820.24	7.6e-25
Ggal_XP_040502358.1	167	235	MBT	PF02820.24	1.1e-19
Ggal_XP_040502358.1	280	352	MBT	PF02820.24	1.7e-23
Ggal_XP_040502358.1	389	456	MBT	PF02820.24	8.8e-24
Ggal_XP_040502359.1	54	124	MBT	PF02820.24	7.6e-25
Ggal_XP_040502359.1	167	235	MBT	PF02820.24	1.1e-19
Ggal_XP_040502359.1	280	352	MBT	PF02820.24	1.7e-23
Ggal_XP_040502359.1	389	456	MBT	PF02820.24	8.8e-24
Ggal_XP_040502360.1	54	124	MBT	PF02820.24	7.6e-25
Ggal_XP_040502360.1	167	235	MBT	PF02820.24	1.1e-19
Ggal_XP_040502360.1	280	352	MBT	PF02820.24	1.7e-23
Ggal_XP_040502360.1	389	456	MBT	PF02820.24	8.8e-24
Ggal_XP_040502361.1	54	124	MBT	PF02820.24	7.6e-25
Ggal_XP_040502361.1	167	235	MBT	PF02820.24	1.1e-19
Ggal_XP_040502361.1	280	352	MBT	PF02820.24	1.7e-23
Ggal_XP_040502361.1	389	456	MBT	PF02820.24	8.8e-24
Ggal_XP_040502362.1	54	124	MBT	PF02820.24	7.6e-25
Ggal_XP_040502362.1	167	235	MBT	PF02820.24	1.1e-19
Ggal_XP_040502362.1	280	352	MBT	PF02820.24	1.7e-23
Ggal_XP_040502362.1	389	456	MBT	PF02820.24	8.8e-24
Ggal_XP_040502363.1	54	124	MBT	PF02820.24	7.6e-25
Ggal_XP_040502363.1	167	235	MBT	PF02820.24	1.1e-19
Ggal_XP_040502363.1	280	352	MBT	PF02820.24	1.7e-23
Ggal_XP_040502363.1	389	456	MBT	PF02820.24	8.8e-24
Apimel_XP_026296166.1	321	396	MBT	PF02820.24	2e-17
Apimel_XP_026296166.1	439	506	MBT	PF02820.24	8.9e-22
Apimel_XP_026296166.1	543	616	MBT	PF02820.24	1.6e-25
Apimel_XP_026296166.1	652	717	MBT	PF02820.24	1.8e-28
Apimel_XP_026296159.1	328	403	MBT	PF02820.24	2e-17
Apimel_XP_026296159.1	446	513	MBT	PF02820.24	9e-22
Apimel_XP_026296159.1	550	623	MBT	PF02820.24	1.7e-25
Apimel_XP_026296159.1	659	724	MBT	PF02820.24	1.8e-28
Apimel_XP_026296149.1	329	404	MBT	PF02820.24	2e-17
Apimel_XP_026296149.1	447	514	MBT	PF02820.24	9e-22
Apimel_XP_026296149.1	551	624	MBT	PF02820.24	1.7e-25
Apimel_XP_026296149.1	660	725	MBT	PF02820.24	1.8e-28
Xtro_XP_012827093.1	213	271	MBT	PF02820.24	1.3e-13
Xtro_XP_012827093.1	312	375	MBT	PF02820.24	1.8e-20
Xtro_XP_012827093.1	411	482	MBT	PF02820.24	9.8e-28
Xtro_XP_012827093.1	519	584	MBT	PF02820.24	2.1e-30
Obim_XP_052825121.1	180	251	MBT	PF02820.24	6.9e-16
Obim_XP_052825121.1	293	359	MBT	PF02820.24	3.3e-23
Obim_XP_052825121.1	402	474	MBT	PF02820.24	2.9e-25
Obim_XP_052825121.1	509	574	MBT	PF02820.24	3.4e-28
Xtro_XP_012827092.1	213	271	MBT	PF02820.24	1.3e-13
Xtro_XP_012827092.1	312	375	MBT	PF02820.24	1.8e-20
Xtro_XP_012827092.1	411	482	MBT	PF02820.24	9.9e-28
Xtro_XP_012827092.1	519	584	MBT	PF02820.24	2.1e-30
Xtro_XP_012827091.1	213	271	MBT	PF02820.24	1.3e-13
Xtro_XP_012827091.1	312	375	MBT	PF02820.24	1.8e-20
Xtro_XP_012827091.1	411	482	MBT	PF02820.24	9.9e-28
Xtro_XP_012827091.1	519	584	MBT	PF02820.24	2.1e-30
Xtro_XP_012827090.1	213	271	MBT	PF02820.24	1.3e-13
Xtro_XP_012827090.1	312	375	MBT	PF02820.24	1.9e-20
Xtro_XP_012827090.1	411	482	MBT	PF02820.24	1e-27
Xtro_XP_012827090.1	519	584	MBT	PF02820.24	2.1e-30
Xtro_XP_031749897.1	205	263	MBT	PF02820.24	1.4e-13
Xtro_XP_031749897.1	304	367	MBT	PF02820.24	1.9e-20
Xtro_XP_031749897.1	403	474	MBT	PF02820.24	1e-27
Xtro_XP_031749897.1	511	576	MBT	PF02820.24	2.2e-30
Xtro_NP_001006742.1	213	271	MBT	PF02820.24	1.4e-13
Xtro_NP_001006742.1	312	375	MBT	PF02820.24	2e-20
Xtro_NP_001006742.1	411	482	MBT	PF02820.24	1.1e-27
Xtro_NP_001006742.1	519	584	MBT	PF02820.24	2.2e-30
Agrpla_XP_025837597.1	750	817	MBT	PF02820.24	5.8e-31
Agrpla_XP_025837597.1	858	924	MBT	PF02820.24	4.9e-32
Agrpla_XP_025837597.1	975	1040	MBT	PF02820.24	9e-31
Ggal_XP_046758109.1	193	251	MBT	PF02820.24	8.4e-15
Ggal_XP_046758109.1	292	355	MBT	PF02820.24	2.4e-19
Ggal_XP_046758109.1	391	462	MBT	PF02820.24	3.1e-27
Ggal_XP_046758109.1	499	564	MBT	PF02820.24	3.5e-31
Ggal_XP_046758110.1	193	251	MBT	PF02820.24	8.4e-15
Ggal_XP_046758110.1	292	355	MBT	PF02820.24	2.4e-19
Ggal_XP_046758110.1	391	462	MBT	PF02820.24	3.1e-27
Ggal_XP_046758110.1	499	564	MBT	PF02820.24	3.5e-31
Ggal_XP_046758111.1	193	251	MBT	PF02820.24	8.4e-15
Ggal_XP_046758111.1	292	355	MBT	PF02820.24	2.4e-19
Ggal_XP_046758111.1	391	462	MBT	PF02820.24	3.1e-27
Ggal_XP_046758111.1	499	564	MBT	PF02820.24	3.5e-31
Ggal_XP_046758108.1	215	273	MBT	PF02820.24	8.8e-15
Ggal_XP_046758108.1	314	377	MBT	PF02820.24	2.5e-19
Ggal_XP_046758108.1	413	484	MBT	PF02820.24	3.2e-27
Ggal_XP_046758108.1	521	586	MBT	PF02820.24	3.6e-31
Ggal_XP_015150840.1	216	274	MBT	PF02820.24	8.8e-15
Ggal_XP_015150840.1	315	378	MBT	PF02820.24	2.5e-19
Ggal_XP_015150840.1	414	485	MBT	PF02820.24	3.2e-27
Ggal_XP_015150840.1	522	587	MBT	PF02820.24	3.6e-31
Ggal_XP_046758107.1	245	303	MBT	PF02820.24	9.3e-15
Ggal_XP_046758107.1	344	407	MBT	PF02820.24	2.7e-19
Ggal_XP_046758107.1	443	514	MBT	PF02820.24	3.4e-27
Ggal_XP_046758107.1	551	616	MBT	PF02820.24	3.8e-31
Ggal_XP_046758106.1	246	304	MBT	PF02820.24	9.3e-15
Ggal_XP_046758106.1	345	408	MBT	PF02820.24	2.7e-19
Ggal_XP_046758106.1	444	515	MBT	PF02820.24	3.4e-27
Ggal_XP_046758106.1	552	617	MBT	PF02820.24	3.9e-31
Ggal_XP_046758105.1	246	304	MBT	PF02820.24	9.3e-15
Ggal_XP_046758105.1	345	408	MBT	PF02820.24	2.7e-19
Ggal_XP_046758105.1	444	515	MBT	PF02820.24	3.4e-27
Ggal_XP_046758105.1	552	617	MBT	PF02820.24	3.9e-31
Ggal_XP_046758104.1	247	305	MBT	PF02820.24	9.3e-15
Ggal_XP_046758104.1	346	409	MBT	PF02820.24	2.7e-19
Ggal_XP_046758104.1	445	516	MBT	PF02820.24	3.4e-27
Ggal_XP_046758104.1	553	618	MBT	PF02820.24	3.9e-31
Ggal_XP_040505638.1	247	305	MBT	PF02820.24	9.3e-15
Ggal_XP_040505638.1	346	409	MBT	PF02820.24	2.7e-19
Ggal_XP_040505638.1	445	516	MBT	PF02820.24	3.4e-27
Ggal_XP_040505638.1	553	618	MBT	PF02820.24	3.9e-31
Ggal_XP_015150850.1	248	306	MBT	PF02820.24	9.4e-15
Ggal_XP_015150850.1	347	410	MBT	PF02820.24	2.7e-19
Ggal_XP_015150850.1	446	517	MBT	PF02820.24	3.4e-27
Ggal_XP_015150850.1	554	619	MBT	PF02820.24	3.9e-31
Ggal_XP_040505635.1	248	306	MBT	PF02820.24	9.4e-15
Ggal_XP_040505635.1	347	410	MBT	PF02820.24	2.7e-19
Ggal_XP_040505635.1	446	517	MBT	PF02820.24	3.4e-27
Ggal_XP_040505635.1	554	619	MBT	PF02820.24	3.9e-31
Ggal_XP_040505637.1	248	306	MBT	PF02820.24	9.4e-15
Ggal_XP_040505637.1	347	410	MBT	PF02820.24	2.7e-19
Ggal_XP_040505637.1	446	517	MBT	PF02820.24	3.4e-27
Ggal_XP_040505637.1	554	619	MBT	PF02820.24	3.9e-31
Ggal_XP_046758102.1	248	306	MBT	PF02820.24	9.4e-15
Ggal_XP_046758102.1	347	410	MBT	PF02820.24	2.7e-19
Ggal_XP_046758102.1	446	517	MBT	PF02820.24	3.4e-27
Ggal_XP_046758102.1	554	619	MBT	PF02820.24	3.9e-31
Ggal_XP_046758103.1	248	306	MBT	PF02820.24	9.4e-15
Ggal_XP_046758103.1	347	410	MBT	PF02820.24	2.7e-19
Ggal_XP_046758103.1	446	517	MBT	PF02820.24	3.4e-27
Ggal_XP_046758103.1	554	619	MBT	PF02820.24	3.9e-31
Cvir_XP_022325664.1	222	293	MBT	PF02820.24	6.2e-18
Cvir_XP_022325664.1	336	403	MBT	PF02820.24	3.3e-21
Cvir_XP_022325664.1	442	513	MBT	PF02820.24	1.4e-26
Cvir_XP_022325664.1	549	614	MBT	PF02820.24	4.4e-27
Drer_XP_002666454.2	298	365	MBT	PF02820.24	4.3e-30
Drer_XP_002666454.2	405	472	MBT	PF02820.24	7e-34
Drer_XP_002666454.2	509	574	MBT	PF02820.24	3.7e-30
Skow_XP_006815581.1	192	264	MBT	PF02820.24	3.3e-17
Skow_XP_006815581.1	305	373	MBT	PF02820.24	4e-22
Skow_XP_006815581.1	411	483	MBT	PF02820.24	6.1e-25
Skow_XP_006815581.1	519	584	MBT	PF02820.24	2.6e-28
Obim_XP_052828978.1	774	841	MBT	PF02820.24	2.4e-32
Obim_XP_052828978.1	882	949	MBT	PF02820.24	1.9e-32
Obim_XP_052828978.1	986	1051	MBT	PF02820.24	1.9e-28
Ofus_CAH1778139.1	222	295	MBT	PF02820.24	1e-15
Ofus_CAH1778139.1	337	406	MBT	PF02820.24	1.9e-20
Ofus_CAH1778139.1	444	516	MBT	PF02820.24	8.8e-27
Ofus_CAH1778139.1	551	617	MBT	PF02820.24	1.3e-28
Cvir_XP_022312865.1	815	882	MBT	PF02820.24	1.3e-33
Cvir_XP_022312865.1	923	990	MBT	PF02820.24	2.5e-29
Cvir_XP_022312865.1	1026	1091	MBT	PF02820.24	6.8e-30
Lpol_XP_022245012.1	608	675	MBT	PF02820.24	2.3e-34
Lpol_XP_022245012.1	716	783	MBT	PF02820.24	1.8e-31
Lpol_XP_022245012.1	821	884	MBT	PF02820.24	2.2e-27
Cvir_XP_022312863.1	848	915	MBT	PF02820.24	1.3e-33
Cvir_XP_022312863.1	956	1023	MBT	PF02820.24	2.5e-29
Cvir_XP_022312863.1	1059	1124	MBT	PF02820.24	7e-30
Cvir_XP_022312864.1	848	915	MBT	PF02820.24	1.3e-33
Cvir_XP_022312864.1	956	1023	MBT	PF02820.24	2.5e-29
Cvir_XP_022312864.1	1059	1124	MBT	PF02820.24	7e-30
Ofus_CAH1773377.1	482	549	MBT	PF02820.24	3.7e-33
Ofus_CAH1773377.1	591	658	MBT	PF02820.24	1.4e-32
Ofus_CAH1773377.1	695	759	MBT	PF02820.24	1.4e-26
Lpol_XP_022245005.1	741	808	MBT	PF02820.24	2.6e-34
Lpol_XP_022245005.1	849	916	MBT	PF02820.24	2e-31
Lpol_XP_022245005.1	954	1017	MBT	PF02820.24	2.6e-27
Lpol_XP_022245006.1	741	808	MBT	PF02820.24	2.6e-34
Lpol_XP_022245006.1	849	916	MBT	PF02820.24	2e-31
Lpol_XP_022245006.1	954	1017	MBT	PF02820.24	2.6e-27
Lpol_XP_022245007.1	741	808	MBT	PF02820.24	2.6e-34
Lpol_XP_022245007.1	849	916	MBT	PF02820.24	2e-31
Lpol_XP_022245007.1	954	1017	MBT	PF02820.24	2.6e-27
Lpol_XP_022245008.1	741	808	MBT	PF02820.24	2.6e-34
Lpol_XP_022245008.1	849	916	MBT	PF02820.24	2e-31
Lpol_XP_022245008.1	954	1017	MBT	PF02820.24	2.6e-27
Lpol_XP_022245009.1	741	808	MBT	PF02820.24	2.6e-34
Lpol_XP_022245009.1	849	916	MBT	PF02820.24	2e-31
Lpol_XP_022245009.1	954	1017	MBT	PF02820.24	2.6e-27
Lpol_XP_022245011.1	741	808	MBT	PF02820.24	2.6e-34
Lpol_XP_022245011.1	849	916	MBT	PF02820.24	2e-31
Lpol_XP_022245011.1	954	1017	MBT	PF02820.24	2.6e-27
Hsap_NP_001018049.1	78	147	MBT	PF02820.24	1.9e-24
Hsap_NP_001018049.1	192	259	MBT	PF02820.24	4.3e-20
Hsap_NP_001018049.1	304	376	MBT	PF02820.24	2.2e-21
Hsap_NP_001018049.1	412	479	MBT	PF02820.24	3.8e-25
Hsap_NP_001025051.1	78	147	MBT	PF02820.24	1.9e-24
Hsap_NP_001025051.1	192	259	MBT	PF02820.24	4.3e-20
Hsap_NP_001025051.1	304	376	MBT	PF02820.24	2.2e-21
Hsap_NP_001025051.1	412	479	MBT	PF02820.24	3.8e-25
Hsap_NP_001374818.1	78	147	MBT	PF02820.24	1.9e-24
Hsap_NP_001374818.1	192	259	MBT	PF02820.24	4.3e-20
Hsap_NP_001374818.1	304	376	MBT	PF02820.24	2.2e-21
Hsap_NP_001374818.1	412	479	MBT	PF02820.24	3.8e-25
Hsap_NP_001374820.1	78	147	MBT	PF02820.24	1.9e-24
Hsap_NP_001374820.1	192	259	MBT	PF02820.24	4.3e-20
Hsap_NP_001374820.1	304	376	MBT	PF02820.24	2.2e-21
Hsap_NP_001374820.1	412	479	MBT	PF02820.24	3.8e-25
Hsap_XP_047281523.1	78	147	MBT	PF02820.24	1.9e-24
Hsap_XP_047281523.1	192	259	MBT	PF02820.24	4.3e-20
Hsap_XP_047281523.1	304	376	MBT	PF02820.24	2.2e-21
Hsap_XP_047281523.1	412	479	MBT	PF02820.24	3.8e-25
Hsap_XP_047281524.1	78	147	MBT	PF02820.24	1.9e-24
Hsap_XP_047281524.1	192	259	MBT	PF02820.24	4.3e-20
Hsap_XP_047281524.1	304	376	MBT	PF02820.24	2.2e-21
Hsap_XP_047281524.1	412	479	MBT	PF02820.24	3.8e-25
Hsap_XP_016884465.1	157	202	MBT	PF02820.24	1.3e-12
Hsap_XP_016884465.1	243	305	MBT	PF02820.24	8.9e-22
Hsap_XP_016884465.1	348	420	MBT	PF02820.24	5.1e-25
Hsap_XP_016884465.1	456	521	MBT	PF02820.24	1e-31
Pvan_XP_069980327.1	875	941	MBT	PF02820.24	2.8e-33
Pvan_XP_069980327.1	982	1048	MBT	PF02820.24	6.4e-28
Pvan_XP_069980327.1	1085	1150	MBT	PF02820.24	2.3e-30
Pvan_XP_069980328.1	875	941	MBT	PF02820.24	2.8e-33
Pvan_XP_069980328.1	982	1048	MBT	PF02820.24	6.4e-28
Pvan_XP_069980328.1	1085	1150	MBT	PF02820.24	2.3e-30
Pvan_XP_069980329.1	875	941	MBT	PF02820.24	2.8e-33
Pvan_XP_069980329.1	982	1048	MBT	PF02820.24	6.4e-28
Pvan_XP_069980329.1	1085	1150	MBT	PF02820.24	2.3e-30
Cint_XP_009860864.1	130	202	MBT	PF02820.24	1.1e-14
Cint_XP_009860864.1	243	305	MBT	PF02820.24	3.8e-20
Cint_XP_009860864.1	341	413	MBT	PF02820.24	8.9e-26
Cint_XP_009860864.1	448	514	MBT	PF02820.24	2.5e-30
Pvan_XP_027235825.2	315	387	MBT	PF02820.24	3.5e-18
Pvan_XP_027235825.2	430	496	MBT	PF02820.24	1.1e-19
Pvan_XP_027235825.2	535	608	MBT	PF02820.24	7.8e-28
Pvan_XP_027235825.2	643	708	MBT	PF02820.24	3.5e-25
Pvan_XP_069987175.1	315	387	MBT	PF02820.24	3.5e-18
Pvan_XP_069987175.1	430	496	MBT	PF02820.24	1.1e-19
Pvan_XP_069987175.1	535	608	MBT	PF02820.24	7.8e-28
Pvan_XP_069987175.1	643	708	MBT	PF02820.24	3.5e-25
Dpul_XP_046442582.1	313	380	MBT	PF02820.24	1.6e-30
Dpul_XP_046442582.1	446	514	MBT	PF02820.24	1.4e-28
Dpul_XP_046442582.1	552	616	MBT	PF02820.24	1.2e-31
Dpul_XP_046442579.1	314	381	MBT	PF02820.24	1.6e-30
Dpul_XP_046442579.1	447	515	MBT	PF02820.24	1.4e-28
Dpul_XP_046442579.1	553	617	MBT	PF02820.24	1.2e-31
Dpul_XP_046442583.1	312	379	MBT	PF02820.24	1.6e-30
Dpul_XP_046442583.1	445	513	MBT	PF02820.24	1.4e-28
Dpul_XP_046442583.1	551	615	MBT	PF02820.24	1.2e-31
Dpul_XP_046442581.1	313	380	MBT	PF02820.24	1.6e-30
Dpul_XP_046442581.1	446	514	MBT	PF02820.24	1.4e-28
Dpul_XP_046442581.1	552	616	MBT	PF02820.24	1.2e-31
Dpul_XP_046442575.1	315	382	MBT	PF02820.24	1.6e-30
Dpul_XP_046442575.1	448	516	MBT	PF02820.24	1.4e-28
Dpul_XP_046442575.1	554	618	MBT	PF02820.24	1.2e-31
Dpul_XP_046442580.1	314	381	MBT	PF02820.24	1.6e-30
Dpul_XP_046442580.1	447	515	MBT	PF02820.24	1.4e-28
Dpul_XP_046442580.1	553	617	MBT	PF02820.24	1.2e-31
Dpul_XP_046442576.1	315	382	MBT	PF02820.24	1.6e-30
Dpul_XP_046442576.1	448	516	MBT	PF02820.24	1.4e-28
Dpul_XP_046442576.1	554	618	MBT	PF02820.24	1.2e-31
Dpul_XP_046442578.1	315	382	MBT	PF02820.24	1.6e-30
Dpul_XP_046442578.1	448	516	MBT	PF02820.24	1.4e-28
Dpul_XP_046442578.1	554	618	MBT	PF02820.24	1.2e-31
Dpul_XP_046442574.1	316	383	MBT	PF02820.24	1.6e-30
Dpul_XP_046442574.1	449	517	MBT	PF02820.24	1.4e-28
Dpul_XP_046442574.1	555	619	MBT	PF02820.24	1.2e-31
Smar_SMAR015290-PA	538	605	MBT	PF02820.24	1.8e-29
Smar_SMAR015290-PA	646	714	MBT	PF02820.24	5e-33
Smar_SMAR015290-PA	750	813	MBT	PF02820.24	5.5e-28
Dmel_NP_723786.1	231	298	MBT	PF02820.24	3.1e-15
Dmel_NP_723786.1	340	404	MBT	PF02820.24	4.8e-22
Dmel_NP_723786.1	450	522	MBT	PF02820.24	1.7e-24
Dmel_NP_723786.1	559	625	MBT	PF02820.24	3.4e-27
Blan_XP_066272889.1	476	543	MBT	PF02820.24	2.1e-30
Blan_XP_066272889.1	598	664	MBT	PF02820.24	1.8e-32
Blan_XP_066272889.1	703	767	MBT	PF02820.24	1.9e-27
Blan_XP_066272888.1	484	551	MBT	PF02820.24	2.1e-30
Blan_XP_066272888.1	606	672	MBT	PF02820.24	1.9e-32
Blan_XP_066272888.1	711	775	MBT	PF02820.24	1.9e-27
Blan_XP_066272887.1	485	552	MBT	PF02820.24	2.1e-30
Blan_XP_066272887.1	607	673	MBT	PF02820.24	1.9e-32
Blan_XP_066272887.1	712	776	MBT	PF02820.24	1.9e-27
Dmel_NP_001260432.1	583	650	MBT	PF02820.24	4.7e-15
Dmel_NP_001260432.1	692	756	MBT	PF02820.24	7.3e-22
Dmel_NP_001260432.1	802	874	MBT	PF02820.24	2.6e-24
Dmel_NP_001260432.1	911	977	MBT	PF02820.24	5.2e-27
Dmel_NP_609606.2	583	650	MBT	PF02820.24	4.7e-15
Dmel_NP_609606.2	692	756	MBT	PF02820.24	7.3e-22
Dmel_NP_609606.2	802	874	MBT	PF02820.24	2.6e-24
Dmel_NP_609606.2	911	977	MBT	PF02820.24	5.2e-27
Dmel_NP_001137821.1	583	650	MBT	PF02820.24	4.8e-15
Dmel_NP_001137821.1	692	756	MBT	PF02820.24	7.4e-22
Dmel_NP_001137821.1	802	874	MBT	PF02820.24	2.7e-24
Dmel_NP_001137821.1	911	977	MBT	PF02820.24	5.3e-27
Lana_XP_013416834.1	204	273	MBT	PF02820.24	5.2e-26
Lana_XP_013416834.1	315	383	MBT	PF02820.24	5.7e-20
Lana_XP_013416834.1	430	502	MBT	PF02820.24	2e-17
Lana_XP_013416834.1	539	606	MBT	PF02820.24	1.3e-25
Lana_XP_013416832.1	205	274	MBT	PF02820.24	5.2e-26
Lana_XP_013416832.1	316	384	MBT	PF02820.24	5.7e-20
Lana_XP_013416832.1	431	503	MBT	PF02820.24	2e-17
Lana_XP_013416832.1	540	607	MBT	PF02820.24	1.3e-25
Lana_XP_013416831.1	241	310	MBT	PF02820.24	5.4e-26
Lana_XP_013416831.1	352	420	MBT	PF02820.24	5.9e-20
Lana_XP_013416831.1	467	539	MBT	PF02820.24	2.1e-17
Lana_XP_013416831.1	576	643	MBT	PF02820.24	1.4e-25
Lana_XP_023933206.1	242	311	MBT	PF02820.24	5.5e-26
Lana_XP_023933206.1	353	421	MBT	PF02820.24	5.9e-20
Lana_XP_023933206.1	468	540	MBT	PF02820.24	2.1e-17
Lana_XP_023933206.1	577	644	MBT	PF02820.24	1.4e-25
Xtro_XP_031754913.1	80	149	MBT	PF02820.24	6.7e-25
Xtro_XP_031754913.1	194	260	MBT	PF02820.24	4.4e-17
Xtro_XP_031754913.1	306	377	MBT	PF02820.24	8.4e-20
Xtro_XP_031754913.1	414	481	MBT	PF02820.24	2e-26
Aplcal_XP_005112062.1	957	1024	MBT	PF02820.24	9.5e-31
Aplcal_XP_005112062.1	1064	1131	MBT	PF02820.24	1.6e-32
Aplcal_XP_005112062.1	1168	1233	MBT	PF02820.24	1.2e-25
Xtro_XP_017947831.1	80	147	MBT	PF02820.24	1.6e-24
Xtro_XP_017947831.1	215	281	MBT	PF02820.24	4.5e-17
Xtro_XP_017947831.1	327	398	MBT	PF02820.24	8.6e-20
Xtro_XP_017947831.1	435	502	MBT	PF02820.24	2e-26
Xtro_XP_031754912.1	80	147	MBT	PF02820.24	1.6e-24
Xtro_XP_031754912.1	215	281	MBT	PF02820.24	4.5e-17
Xtro_XP_031754912.1	327	398	MBT	PF02820.24	8.6e-20
Xtro_XP_031754912.1	435	502	MBT	PF02820.24	2e-26
Drer_XP_009290631.1	269	336	MBT	PF02820.24	3.5e-27
Drer_XP_009290631.1	376	444	MBT	PF02820.24	4.3e-29
Drer_XP_009290631.1	481	547	MBT	PF02820.24	7.7e-33
Drer_XP_009290632.1	269	336	MBT	PF02820.24	3.6e-27
Drer_XP_009290632.1	376	444	MBT	PF02820.24	4.3e-29
Drer_XP_009290632.1	481	547	MBT	PF02820.24	7.8e-33
Drer_XP_068070241.1	269	336	MBT	PF02820.24	3.6e-27
Drer_XP_068070241.1	376	444	MBT	PF02820.24	4.3e-29
Drer_XP_068070241.1	481	547	MBT	PF02820.24	7.8e-33
Drer_XP_688020.5	269	336	MBT	PF02820.24	3.6e-27
Drer_XP_688020.5	376	444	MBT	PF02820.24	4.3e-29
Drer_XP_688020.5	481	547	MBT	PF02820.24	7.8e-33
Cvir_XP_022300581.1	382	451	MBT	PF02820.24	5.4e-25
Cvir_XP_022300581.1	493	560	MBT	PF02820.24	8.1e-17
Cvir_XP_022300581.1	608	678	MBT	PF02820.24	1.7e-21
Cvir_XP_022300581.1	713	780	MBT	PF02820.24	2.3e-24
Drer_XP_005156214.1	202	272	MBT	PF02820.24	2.9e-17
Drer_XP_005156214.1	313	380	MBT	PF02820.24	1.1e-14
Drer_XP_005156214.1	423	494	MBT	PF02820.24	3.4e-24
Drer_XP_005156214.1	531	597	MBT	PF02820.24	9.8e-30
Drer_XP_005156213.1	288	358	MBT	PF02820.24	3.3e-17
Drer_XP_005156213.1	399	466	MBT	PF02820.24	1.2e-14
Drer_XP_005156213.1	509	580	MBT	PF02820.24	4e-24
Drer_XP_005156213.1	617	683	MBT	PF02820.24	1.1e-29
Drer_NP_956326.1	289	359	MBT	PF02820.24	3.3e-17
Drer_NP_956326.1	400	467	MBT	PF02820.24	1.2e-14
Drer_NP_956326.1	510	581	MBT	PF02820.24	4e-24
Drer_NP_956326.1	618	684	MBT	PF02820.24	1.1e-29
Drer_XP_005156212.1	289	359	MBT	PF02820.24	3.3e-17
Drer_XP_005156212.1	400	467	MBT	PF02820.24	1.2e-14
Drer_XP_005156212.1	510	581	MBT	PF02820.24	4e-24
Drer_XP_005156212.1	618	684	MBT	PF02820.24	1.1e-29
Avag_UJR26736.1	91	152	MBT	PF02820.24	1.4e-14
Avag_UJR26736.1	195	260	MBT	PF02820.24	8.4e-18
Avag_UJR26736.1	299	371	MBT	PF02820.24	5.4e-23
Avag_UJR26736.1	408	474	MBT	PF02820.24	5.2e-29
Bmor_XP_004929468.1	168	233	MBT	PF02820.24	5.1e-16
Bmor_XP_004929468.1	276	342	MBT	PF02820.24	5.9e-23
Bmor_XP_004929468.1	376	448	MBT	PF02820.24	1.8e-21
Bmor_XP_004929468.1	487	552	MBT	PF02820.24	9.8e-25
Bmor_XP_062526750.1	908	975	MBT	PF02820.24	8.8e-30
Bmor_XP_062526750.1	1016	1082	MBT	PF02820.24	3.2e-27
Bmor_XP_062526750.1	1119	1184	MBT	PF02820.24	1.3e-28
Bmor_XP_012552490.2	912	979	MBT	PF02820.24	8.8e-30
Bmor_XP_012552490.2	1020	1086	MBT	PF02820.24	3.2e-27
Bmor_XP_012552490.2	1123	1188	MBT	PF02820.24	1.3e-28
Bmor_XP_012552504.2	912	979	MBT	PF02820.24	8.8e-30
Bmor_XP_012552504.2	1020	1086	MBT	PF02820.24	3.2e-27
Bmor_XP_012552504.2	1123	1188	MBT	PF02820.24	1.3e-28
Bmor_XP_062526749.1	912	979	MBT	PF02820.24	8.8e-30
Bmor_XP_062526749.1	1020	1086	MBT	PF02820.24	3.2e-27
Bmor_XP_062526749.1	1123	1188	MBT	PF02820.24	1.3e-28
Dpul_XP_046446300.1	151	213	MBT	PF02820.24	1.5e-17
Dpul_XP_046446300.1	254	320	MBT	PF02820.24	2e-17
Dpul_XP_046446300.1	359	437	MBT	PF02820.24	2.5e-22
Dpul_XP_046446300.1	473	537	MBT	PF02820.24	5.1e-26
Dpul_XP_046446299.1	224	286	MBT	PF02820.24	1.7e-17
Dpul_XP_046446299.1	327	393	MBT	PF02820.24	2.3e-17
Dpul_XP_046446299.1	432	510	MBT	PF02820.24	2.8e-22
Dpul_XP_046446299.1	546	610	MBT	PF02820.24	5.7e-26
Dpul_XP_046446298.1	224	286	MBT	PF02820.24	1.7e-17
Dpul_XP_046446298.1	327	393	MBT	PF02820.24	2.3e-17
Dpul_XP_046446298.1	432	510	MBT	PF02820.24	2.8e-22
Dpul_XP_046446298.1	546	610	MBT	PF02820.24	5.7e-26
Apla_XP_022104927.1	796	868	MBT	PF02820.24	5.3e-19
Apla_XP_022104927.1	914	980	MBT	PF02820.24	8.1e-17
Apla_XP_022104927.1	1031	1103	MBT	PF02820.24	3.2e-24
Apla_XP_022104927.1	1139	1204	MBT	PF02820.24	3.5e-23
Btab_XP_018902141.1	1103	1171	MBT	PF02820.24	1.4e-30
Btab_XP_018902141.1	1209	1276	MBT	PF02820.24	1.2e-27
Btab_XP_018902141.1	1312	1377	MBT	PF02820.24	3.7e-26
Btab_XP_018902142.1	1103	1171	MBT	PF02820.24	1.4e-30
Btab_XP_018902142.1	1209	1276	MBT	PF02820.24	1.2e-27
Btab_XP_018902142.1	1312	1377	MBT	PF02820.24	3.7e-26
Btab_XP_018902143.1	1103	1171	MBT	PF02820.24	1.4e-30
Btab_XP_018902143.1	1209	1276	MBT	PF02820.24	1.2e-27
Btab_XP_018902143.1	1312	1377	MBT	PF02820.24	3.7e-26
Cint_XP_002122746.1	342	406	MBT	PF02820.24	9.2e-26
Cint_XP_002122746.1	450	516	MBT	PF02820.24	2.4e-28
Cint_XP_002122746.1	551	616	MBT	PF02820.24	2.2e-30
Smar_SMAR008494-PA	67	136	MBT	PF02820.24	1.4e-22
Smar_SMAR008494-PA	177	243	MBT	PF02820.24	1.8e-21
Smar_SMAR008494-PA	289	353	MBT	PF02820.24	5.4e-16
Smar_SMAR008494-PA	401	469	MBT	PF02820.24	1.4e-23
Obim_XP_052829138.1	305	374	MBT	PF02820.24	7.7e-22
Obim_XP_052829138.1	416	485	MBT	PF02820.24	9.1e-18
Obim_XP_052829138.1	530	602	MBT	PF02820.24	6.9e-19
Obim_XP_052829138.1	642	708	MBT	PF02820.24	1.1e-24
Aque_XP_019851431.1	364	431	MBT	PF02820.24	1.2e-27
Aque_XP_019851431.1	470	538	MBT	PF02820.24	1.2e-27
Aque_XP_019851431.1	584	650	MBT	PF02820.24	4.6e-30
Obim_XP_052829137.1	305	374	MBT	PF02820.24	7.8e-22
Obim_XP_052829137.1	416	485	MBT	PF02820.24	9.3e-18
Obim_XP_052829137.1	530	602	MBT	PF02820.24	7.1e-19
Obim_XP_052829137.1	642	708	MBT	PF02820.24	1.1e-24
Obim_XP_052829135.1	305	374	MBT	PF02820.24	7.8e-22
Obim_XP_052829135.1	416	485	MBT	PF02820.24	9.4e-18
Obim_XP_052829135.1	530	602	MBT	PF02820.24	7.1e-19
Obim_XP_052829135.1	642	708	MBT	PF02820.24	1.1e-24
Obim_XP_052829136.1	305	374	MBT	PF02820.24	7.8e-22
Obim_XP_052829136.1	416	485	MBT	PF02820.24	9.4e-18
Obim_XP_052829136.1	530	602	MBT	PF02820.24	7.1e-19
Obim_XP_052829136.1	642	708	MBT	PF02820.24	1.1e-24
Avag_UJR22368.1	101	163	MBT	PF02820.24	3.4e-14
Avag_UJR22368.1	204	271	MBT	PF02820.24	3.7e-18
Avag_UJR22368.1	310	382	MBT	PF02820.24	3.3e-23
Avag_UJR22368.1	419	485	MBT	PF02820.24	2.6e-27
Hrob_XP_009015015.1	121	194	MBT	PF02820.24	1.2e-16
Hrob_XP_009015015.1	237	300	MBT	PF02820.24	5.8e-18
Hrob_XP_009015015.1	338	409	MBT	PF02820.24	2.4e-19
Hrob_XP_009015015.1	445	510	MBT	PF02820.24	2.9e-28
Skow_XP_006811735.1	820	893	MBT	PF02820.24	2.5e-24
Skow_XP_006811735.1	935	1005	MBT	PF02820.24	1.7e-18
Skow_XP_006811735.1	1055	1126	MBT	PF02820.24	1.1e-15
Skow_XP_006811735.1	1163	1228	MBT	PF02820.24	4e-23
Drer_XP_683042.5	44	113	MBT	PF02820.24	7.4e-24
Drer_XP_683042.5	158	223	MBT	PF02820.24	5.8e-15
Drer_XP_683042.5	269	340	MBT	PF02820.24	4.3e-21
Drer_XP_683042.5	377	441	MBT	PF02820.24	3.3e-21
Dmel_NP_733209.1	854	922	MBT	PF02820.24	4.4e-29
Dmel_NP_733209.1	964	1029	MBT	PF02820.24	1.8e-25
Dmel_NP_733209.1	1066	1133	MBT	PF02820.24	3.6e-28
Drer_XP_005164891.1	44	112	MBT	PF02820.24	9.1e-24
Drer_XP_005164891.1	165	230	MBT	PF02820.24	5.8e-15
Drer_XP_005164891.1	276	347	MBT	PF02820.24	4.3e-21
Drer_XP_005164891.1	384	448	MBT	PF02820.24	3.4e-21
Drer_XP_021335468.1	53	123	MBT	PF02820.24	5.7e-22
Drer_XP_021335468.1	168	235	MBT	PF02820.24	7.8e-13
Drer_XP_021335468.1	282	357	MBT	PF02820.24	2e-22
Drer_XP_021335468.1	394	461	MBT	PF02820.24	2.3e-21
Drer_XP_021335466.1	53	123	MBT	PF02820.24	5.7e-22
Drer_XP_021335466.1	168	235	MBT	PF02820.24	7.8e-13
Drer_XP_021335466.1	282	357	MBT	PF02820.24	2e-22
Drer_XP_021335466.1	394	461	MBT	PF02820.24	2.3e-21
Drer_XP_021335467.1	53	123	MBT	PF02820.24	5.7e-22
Drer_XP_021335467.1	168	235	MBT	PF02820.24	7.8e-13
Drer_XP_021335467.1	282	357	MBT	PF02820.24	2e-22
Drer_XP_021335467.1	394	461	MBT	PF02820.24	2.3e-21
Drer_XP_003199528.2	53	123	MBT	PF02820.24	5.7e-22
Drer_XP_003199528.2	168	235	MBT	PF02820.24	1.1e-12
Drer_XP_003199528.2	282	357	MBT	PF02820.24	2e-22
Drer_XP_003199528.2	394	461	MBT	PF02820.24	2.3e-21
Drer_XP_005155896.2	53	123	MBT	PF02820.24	5.7e-22
Drer_XP_005155896.2	168	235	MBT	PF02820.24	1.1e-12
Drer_XP_005155896.2	282	357	MBT	PF02820.24	2e-22
Drer_XP_005155896.2	394	461	MBT	PF02820.24	2.3e-21
Drer_XP_021328148.1	53	123	MBT	PF02820.24	5.7e-22
Drer_XP_021328148.1	168	235	MBT	PF02820.24	1.1e-12
Drer_XP_021328148.1	282	357	MBT	PF02820.24	2e-22
Drer_XP_021328148.1	394	461	MBT	PF02820.24	2.3e-21
Skow_XP_006811109.1	438	487	MBT	PF02820.24	9.2e-20
Skow_XP_006811109.1	529	596	MBT	PF02820.24	1.2e-32
Skow_XP_006811109.1	633	697	MBT	PF02820.24	5.7e-28
Apla_XP_022084475.1	303	362	MBT	PF02820.24	8.6e-11
Apla_XP_022084475.1	405	472	MBT	PF02820.24	8.3e-20
Apla_XP_022084475.1	511	582	MBT	PF02820.24	5e-22
Apla_XP_022084475.1	617	683	MBT	PF02820.24	2.6e-26
Spur_XP_030827837.1	931	993	MBT	PF02820.24	2.3e-19
Spur_XP_030827837.1	1041	1103	MBT	PF02820.24	2.5e-15
Spur_XP_030827837.1	1154	1227	MBT	PF02820.24	1e-19
Spur_XP_030827837.1	1267	1332	MBT	PF02820.24	2e-23
Spur_XP_030827836.1	934	996	MBT	PF02820.24	2.3e-19
Spur_XP_030827836.1	1044	1106	MBT	PF02820.24	2.5e-15
Spur_XP_030827836.1	1157	1230	MBT	PF02820.24	1e-19
Spur_XP_030827836.1	1270	1335	MBT	PF02820.24	2e-23
Spur_XP_030827835.1	934	996	MBT	PF02820.24	2.3e-19
Spur_XP_030827835.1	1044	1106	MBT	PF02820.24	2.5e-15
Spur_XP_030827835.1	1157	1230	MBT	PF02820.24	1e-19
Spur_XP_030827835.1	1270	1335	MBT	PF02820.24	2e-23
Spur_XP_030836926.1	404	468	MBT	PF02820.24	4.9e-20
Spur_XP_030836926.1	510	579	MBT	PF02820.24	3.8e-23
Spur_XP_030836926.1	617	681	MBT	PF02820.24	2.9e-28
Ofus_CAH1784251.1	828	897	MBT	PF02820.24	8e-26
Ofus_CAH1784251.1	939	1006	MBT	PF02820.24	1.1e-14
Ofus_CAH1784251.1	1051	1121	MBT	PF02820.24	1.2e-14
Ofus_CAH1784251.1	1160	1227	MBT	PF02820.24	1.5e-21
Twil_T_wilhelma_c31080_g1_i2|m.39648	1	69	MBT	PF02820.24	1.3e-24
Twil_T_wilhelma_c31080_g1_i2|m.39648	109	176	MBT	PF02820.24	1.3e-26
Twil_T_wilhelma_c31080_g1_i2|m.39648	229	296	MBT	PF02820.24	2.9e-26
Btab_XP_018917187.1	62	130	MBT	PF02820.24	1e-15
Btab_XP_018917187.1	169	232	MBT	PF02820.24	2e-21
Btab_XP_018917187.1	286	362	MBT	PF02820.24	2.3e-15
Btab_XP_018917187.1	402	469	MBT	PF02820.24	1.8e-22
Xtro_NP_001361769.1	54	123	MBT	PF02820.24	1.3e-19
Xtro_NP_001361769.1	167	231	MBT	PF02820.24	8.3e-15
Xtro_NP_001361769.1	275	349	MBT	PF02820.24	3.4e-18
Xtro_NP_001361769.1	387	455	MBT	PF02820.24	3.4e-22
Cscu_XP_023221648.1	145	212	MBT	PF02820.24	3.6e-18
Cscu_XP_023221648.1	255	321	MBT	PF02820.24	1e-17
Cscu_XP_023221648.1	366	440	MBT	PF02820.24	7e-18
Cscu_XP_023221648.1	482	548	MBT	PF02820.24	4.8e-22
Twil_T_wilhelma_c31080_g1_i1|m.39646	308	376	MBT	PF02820.24	3.7e-24
Twil_T_wilhelma_c31080_g1_i1|m.39646	416	483	MBT	PF02820.24	3.4e-26
Twil_T_wilhelma_c31080_g1_i1|m.39646	536	603	MBT	PF02820.24	7.8e-26
Ofus_CAH1795646.1	38	106	MBT	PF02820.24	3.8e-26
Ofus_CAH1795646.1	147	213	MBT	PF02820.24	1.4e-19
Ofus_CAH1795646.1	249	316	MBT	PF02820.24	1.8e-28
Apimel_XP_026296570.1	53	123	MBT	PF02820.24	1.7e-14
Apimel_XP_026296570.1	166	235	MBT	PF02820.24	9.2e-17
Apimel_XP_026296570.1	278	362	MBT	PF02820.24	1.8e-19
Apimel_XP_026296570.1	403	471	MBT	PF02820.24	5.4e-23
Apimel_XP_026296569.1	53	123	MBT	PF02820.24	1.7e-14
Apimel_XP_026296569.1	166	235	MBT	PF02820.24	9.2e-17
Apimel_XP_026296569.1	278	362	MBT	PF02820.24	1.8e-19
Apimel_XP_026296569.1	403	471	MBT	PF02820.24	5.4e-23
Apimel_XP_026296568.1	53	123	MBT	PF02820.24	2.2e-14
Apimel_XP_026296568.1	166	235	MBT	PF02820.24	1.2e-16
Apimel_XP_026296568.1	278	362	MBT	PF02820.24	2.4e-19
Apimel_XP_026296568.1	403	471	MBT	PF02820.24	7.1e-23
Apimel_XP_026296567.1	53	123	MBT	PF02820.24	2.2e-14
Apimel_XP_026296567.1	166	235	MBT	PF02820.24	1.2e-16
Apimel_XP_026296567.1	278	362	MBT	PF02820.24	2.4e-19
Apimel_XP_026296567.1	403	471	MBT	PF02820.24	7.1e-23
Ovol_OVOC12116	117	177	MBT	PF02820.24	1.5e-15
Ovol_OVOC12116	223	300	MBT	PF02820.24	4.1e-15
Ovol_OVOC12116	349	419	MBT	PF02820.24	9.3e-15
Ovol_OVOC12116	457	521	MBT	PF02820.24	6.4e-25
Aplcal_XP_005111500.1	498	567	MBT	PF02820.24	3.7e-23
Aplcal_XP_005111500.1	609	676	MBT	PF02820.24	9.3e-15
Aplcal_XP_005111500.1	724	798	MBT	PF02820.24	1.7e-14
Aplcal_XP_005111500.1	835	902	MBT	PF02820.24	1.4e-18
Lpol_XP_013794742.1	624	690	MBT	PF02820.24	7.8e-17
Lpol_XP_013794742.1	734	802	MBT	PF02820.24	1.4e-16
Lpol_XP_013794742.1	847	929	MBT	PF02820.24	1.2e-16
Lpol_XP_013794742.1	970	1036	MBT	PF02820.24	1.9e-21
Bmal_XP_001896288.2	91	152	MBT	PF02820.24	4.5e-15
Bmal_XP_001896288.2	197	274	MBT	PF02820.24	3.3e-15
Bmal_XP_001896288.2	314	383	MBT	PF02820.24	7.3e-15
Bmal_XP_001896288.2	422	486	MBT	PF02820.24	4e-24
Wban_VDM19934.1	93	154	MBT	PF02820.24	2.4e-15
Wban_VDM19934.1	199	276	MBT	PF02820.24	2.1e-15
Wban_VDM19934.1	319	388	MBT	PF02820.24	3e-14
Wban_VDM19934.1	427	491	MBT	PF02820.24	4.6e-24
Smed_h1SMcT0005506.1	219	286	MBT	PF02820.24	1.7e-28
Smed_h1SMcT0005506.1	327	394	MBT	PF02820.24	2.4e-25
Smed_h1SMcT0005506.1	434	504	MBT	PF02820.24	2.3e-16
Rvar_GAU94901.1	292	358	MBT	PF02820.24	8.1e-25
Rvar_GAU94901.1	406	474	MBT	PF02820.24	1.3e-25
Rvar_GAU94901.1	515	577	MBT	PF02820.24	7.3e-19
Lsig_VDK78801.1	130	190	MBT	PF02820.24	3.1e-16
Lsig_VDK78801.1	236	313	MBT	PF02820.24	2.7e-10
Lsig_VDK78801.1	358	427	MBT	PF02820.24	4.4e-13
Lsig_VDK78801.1	468	532	MBT	PF02820.24	7.4e-25
Hsap_XP_006717553.1	26	90	MBT	PF02820.24	1.2e-18
Hsap_XP_006717553.1	135	207	MBT	PF02820.24	1.6e-21
Hsap_XP_006717553.1	243	310	MBT	PF02820.24	2.9e-25
Hsap_XP_047281525.1	26	90	MBT	PF02820.24	1.2e-18
Hsap_XP_047281525.1	135	207	MBT	PF02820.24	1.6e-21
Hsap_XP_047281525.1	243	310	MBT	PF02820.24	2.9e-25
Dimm_MCP9260738.1	92	136	MBT	PF02820.24	1.7e-10
Dimm_MCP9260738.1	188	265	MBT	PF02820.24	8.8e-14
Dimm_MCP9260738.1	314	384	MBT	PF02820.24	6.2e-14
Dimm_MCP9260738.1	422	487	MBT	PF02820.24	3e-25
Scil_XP_065180896.1	1494	1559	MBT	PF02820.24	3.7e-15
Scil_XP_065180896.1	1619	1685	MBT	PF02820.24	5.6e-12
Scil_XP_065180896.1	1726	1796	MBT	PF02820.24	1.2e-11
Scil_XP_065180896.1	1863	1931	MBT	PF02820.24	3.8e-26
Asuu_AgB01_g274_t01	14	66	MBT	PF02820.24	1.7e-11
Asuu_AgB01_g274_t01	121	204	MBT	PF02820.24	2.7e-09
Asuu_AgB01_g274_t01	257	326	MBT	PF02820.24	6.1e-16
Asuu_AgB01_g274_t01	366	430	MBT	PF02820.24	1e-26
Lpol_XP_022236007.1	133	200	MBT	PF02820.24	5.1e-35
Lpol_XP_022236007.1	241	306	MBT	PF02820.24	2.1e-31
Acey_EYC15533.1	104	153	MBT	PF02820.24	3e-08
Acey_EYC15533.1	223	302	MBT	PF02820.24	8.9e-15
Acey_EYC15533.1	349	418	MBT	PF02820.24	2.8e-13
Acey_EYC15533.1	458	523	MBT	PF02820.24	3.6e-26
Avit_KAL3986200.1	90	150	MBT	PF02820.24	1.7e-14
Avit_KAL3986200.1	197	274	MBT	PF02820.24	1.5e-11
Avit_KAL3986200.1	315	383	MBT	PF02820.24	4.6e-14
Avit_KAL3986200.1	425	489	MBT	PF02820.24	3e-21
Cele_NP_492050.3	182	265	MBT	PF02820.24	3.7e-17
Cele_NP_492050.3	311	383	MBT	PF02820.24	7.9e-14
Cele_NP_492050.3	423	490	MBT	PF02820.24	1.7e-26
Ever_VDD86983.1	90	148	MBT	PF02820.24	1.1e-12
Ever_VDD86983.1	193	274	MBT	PF02820.24	5.8e-09
Ever_VDD86983.1	338	404	MBT	PF02820.24	3.9e-14
Ever_VDD86983.1	446	510	MBT	PF02820.24	3.5e-25
Hcon_XGW08139.1	106	160	MBT	PF02820.24	5.4e-08
Hcon_XGW08139.1	224	303	MBT	PF02820.24	9e-15
Hcon_XGW08139.1	349	419	MBT	PF02820.24	1.9e-14
Hcon_XGW08139.1	459	524	MBT	PF02820.24	1.4e-23
Hcon_XGW08140.1	106	160	MBT	PF02820.24	5.4e-08
Hcon_XGW08140.1	224	303	MBT	PF02820.24	9.1e-15
Hcon_XGW08140.1	349	419	MBT	PF02820.24	2.5e-14
Hcon_XGW08140.1	464	529	MBT	PF02820.24	1.4e-23
Cscu_XP_023234831.1	361	428	MBT	PF02820.24	2.2e-32
Cscu_XP_023234831.1	464	529	MBT	PF02820.24	1.7e-31
Ddip_jg1953	577	641	MBT	PF02820.24	1.2e-12
Ddip_jg1953	684	763	MBT	PF02820.24	1.1e-11
Ddip_jg1953	811	882	MBT	PF02820.24	2.6e-10
Ddip_jg1953	923	987	MBT	PF02820.24	9.5e-26
Cele_NP_001122501.1	303	386	MBT	PF02820.24	5.2e-17
Cele_NP_001122501.1	432	504	MBT	PF02820.24	1.1e-13
Cele_NP_001122501.1	544	611	MBT	PF02820.24	2.3e-26
Cscu_XP_023229950.1	1	69	MBT	PF02820.24	6.2e-32
Cscu_XP_023229950.1	105	169	MBT	PF02820.24	1.1e-31
Trimur_TMUE_1000003677	72	130	MBT	PF02820.24	2.6e-17
Trimur_TMUE_1000003677	172	242	MBT	PF02820.24	2.8e-06
Trimur_TMUE_1000003677	297	363	MBT	PF02820.24	3.3e-16
Trimur_TMUE_1000003677	400	466	MBT	PF02820.24	5.9e-21
Hsap_XP_047292282.1	213	271	MBT	PF02820.24	1.7e-14
Hsap_XP_047292282.1	312	375	MBT	PF02820.24	5.7e-20
Hsap_XP_047292282.1	411	482	MBT	PF02820.24	2.5e-26
Hsap_XP_047292281.1	215	273	MBT	PF02820.24	1.7e-14
Hsap_XP_047292281.1	314	377	MBT	PF02820.24	5.7e-20
Hsap_XP_047292281.1	413	484	MBT	PF02820.24	2.5e-26
Acey_EYC15531.1	169	248	MBT	PF02820.24	7.5e-15
Acey_EYC15531.1	295	364	MBT	PF02820.24	2.4e-13
Acey_EYC15531.1	404	469	MBT	PF02820.24	3.1e-26
Hduj_OQV23418.1	434	497	MBT	PF02820.24	2.8e-18
Hduj_OQV23418.1	552	619	MBT	PF02820.24	2.1e-25
Hduj_OQV23418.1	658	725	MBT	PF02820.24	8.5e-17
Hrob_XP_009022443.1	39	108	MBT	PF02820.24	1.4e-13
Hrob_XP_009022443.1	152	221	MBT	PF02820.24	2.4e-15
Hrob_XP_009022443.1	270	339	MBT	PF02820.24	1.5e-12
Hrob_XP_009022443.1	377	442	MBT	PF02820.24	1.6e-19
Otip_Oti_6060_t	200	279	MBT	PF02820.24	3e-16
Otip_Oti_6060_t	326	396	MBT	PF02820.24	2.8e-13
Otip_Oti_6060_t	436	502	MBT	PF02820.24	1.2e-24
Cscu_XP_023214192.1	1	67	MBT	PF02820.24	2e-18
Cscu_XP_023214192.1	112	186	MBT	PF02820.24	1.3e-18
Cscu_XP_023214192.1	228	294	MBT	PF02820.24	9.2e-23
Mbel_CAJ0928508.1	86	139	MBT	PF02820.24	3.2e-10
Mbel_CAJ0928508.1	193	276	MBT	PF02820.24	4.4e-13
Mbel_CAJ0928508.1	323	393	MBT	PF02820.24	1.4e-13
Mbel_CAJ0928508.1	439	502	MBT	PF02820.24	3.2e-20
Ttri_CDW58003.1	83	140	MBT	PF02820.24	2.6e-13
Ttri_CDW58003.1	182	259	MBT	PF02820.24	9.3e-07
Ttri_CDW58003.1	307	373	MBT	PF02820.24	2.3e-16
Ttri_CDW58003.1	410	475	MBT	PF02820.24	2.1e-20
Emue_Em0017g224a	675	743	MBT	PF02820.24	2.5e-23
Emue_Em0017g224a	786	852	MBT	PF02820.24	4.3e-31
Bmor_XP_004923872.1	38	103	MBT	PF02820.24	8.6e-19
Bmor_XP_004923872.1	145	205	MBT	PF02820.24	3.5e-11
Bmor_XP_004923872.1	260	333	MBT	PF02820.24	3.4e-15
Bmor_XP_004923872.1	370	433	MBT	PF02820.24	1.3e-13
Aque_XP_011407373.1	1	69	MBT	PF02820.24	1.8e-28
Aque_XP_011407373.1	115	181	MBT	PF02820.24	3.8e-31
Tadh_XP_002114363.1	273	340	MBT	PF02820.24	3.7e-30
Tadh_XP_002114363.1	379	445	MBT	PF02820.24	3.9e-29
Lpol_XP_022247720.1	153	220	MBT	PF02820.24	5.7e-28
Lpol_XP_022247720.1	262	326	MBT	PF02820.24	3.4e-30
Cscu_XP_023210195.1	154	221	MBT	PF02820.24	5.2e-28
Cscu_XP_023210195.1	263	329	MBT	PF02820.24	9.8e-30
Cscu_XP_023210196.1	154	221	MBT	PF02820.24	5.2e-28
Cscu_XP_023210196.1	263	329	MBT	PF02820.24	9.8e-30
Hrob_XP_009029412.1	60	127	MBT	PF02820.24	1.8e-26
Hrob_XP_009029412.1	169	234	MBT	PF02820.24	1.2e-31
Smar_SMAR003238-PA	151	218	MBT	PF02820.24	6e-27
Smar_SMAR003238-PA	260	325	MBT	PF02820.24	4.3e-31
Tadh_XP_002113069.1	36	101	MBT	PF02820.24	4e-27
Tadh_XP_002113069.1	144	210	MBT	PF02820.24	2.6e-31
Lpol_XP_022243191.1	159	226	MBT	PF02820.24	4e-27
Lpol_XP_022243191.1	268	332	MBT	PF02820.24	1.5e-30
Lpol_XP_022243192.1	159	226	MBT	PF02820.24	4e-27
Lpol_XP_022243192.1	268	332	MBT	PF02820.24	1.5e-30
Lpol_XP_013775899.2	159	226	MBT	PF02820.24	4e-27
Lpol_XP_013775899.2	268	332	MBT	PF02820.24	1.5e-30
Lpol_XP_013775900.1	159	226	MBT	PF02820.24	3.9e-27
Lpol_XP_013775900.1	268	332	MBT	PF02820.24	1.5e-30
Lpol_XP_022243193.1	159	226	MBT	PF02820.24	3.9e-27
Lpol_XP_022243193.1	268	332	MBT	PF02820.24	1.5e-30
Lpol_XP_013786572.1	40	111	MBT	PF02820.24	6.3e-28
Lpol_XP_013786572.1	147	212	MBT	PF02820.24	1.2e-29
Aque_XP_019859992.1	20	88	MBT	PF02820.24	2.2e-28
Aque_XP_019859992.1	134	200	MBT	PF02820.24	6.3e-30
Dpul_XP_046440517.1	176	242	MBT	PF02820.24	1.6e-26
Dpul_XP_046440517.1	284	349	MBT	PF02820.24	4.2e-28
Spur_XP_030850317.1	45	112	MBT	PF02820.24	1.2e-26
Spur_XP_030850317.1	154	220	MBT	PF02820.24	2.4e-30
Spur_XP_030850318.1	45	112	MBT	PF02820.24	1.2e-26
Spur_XP_030850318.1	154	219	MBT	PF02820.24	3.2e-30
Bmor_NP_001188365.1	168	235	MBT	PF02820.24	4.1e-26
Bmor_NP_001188365.1	277	343	MBT	PF02820.24	1.3e-30
Btab_XP_018913839.1	168	235	MBT	PF02820.24	1.1e-25
Btab_XP_018913839.1	277	343	MBT	PF02820.24	4.5e-31
Btab_XP_018913840.1	168	235	MBT	PF02820.24	1.1e-25
Btab_XP_018913840.1	277	343	MBT	PF02820.24	4.5e-31
Apimel_XP_001121788.2	197	264	MBT	PF02820.24	3.6e-27
Apimel_XP_001121788.2	307	372	MBT	PF02820.24	2.2e-29
Apimel_XP_006568576.1	197	264	MBT	PF02820.24	3.5e-27
Apimel_XP_006568576.1	307	372	MBT	PF02820.24	3e-29
Agrpla_XP_018328250.1	171	238	MBT	PF02820.24	5e-27
Agrpla_XP_018328250.1	280	346	MBT	PF02820.24	1.5e-29
Agrpla_XP_025829069.1	171	238	MBT	PF02820.24	5e-27
Agrpla_XP_025829069.1	280	346	MBT	PF02820.24	1.5e-29
Agrpla_XP_025829070.1	171	238	MBT	PF02820.24	5e-27
Agrpla_XP_025829070.1	280	346	MBT	PF02820.24	1.5e-29
Cvir_XP_022293797.1	54	121	MBT	PF02820.24	1.3e-27
Cvir_XP_022293797.1	163	228	MBT	PF02820.24	7.7e-29
Cvir_XP_022294101.1	54	121	MBT	PF02820.24	1.3e-27
Cvir_XP_022294101.1	163	228	MBT	PF02820.24	7.7e-29
Cvir_XP_022294100.1	87	154	MBT	PF02820.24	1.4e-27
Cvir_XP_022294100.1	196	261	MBT	PF02820.24	8.3e-29
Cvir_XP_022293796.1	87	154	MBT	PF02820.24	1.4e-27
Cvir_XP_022293796.1	196	261	MBT	PF02820.24	8.3e-29
Acey_EYC15530.1	67	146	MBT	PF02820.24	5.1e-15
Acey_EYC15530.1	193	262	MBT	PF02820.24	1.6e-13
Acey_EYC15530.1	302	367	MBT	PF02820.24	2.1e-26
Blan_XP_066281517.1	183	250	MBT	PF02820.24	1.6e-24
Blan_XP_066281517.1	292	358	MBT	PF02820.24	1.8e-31
Blan_XP_066281508.1	193	260	MBT	PF02820.24	1.6e-24
Blan_XP_066281508.1	302	368	MBT	PF02820.24	1.9e-31
Blan_XP_066281526.1	163	230	MBT	PF02820.24	1.5e-24
Blan_XP_066281526.1	272	338	MBT	PF02820.24	1.8e-31
Sbat_VDP10964.1	92	151	MBT	PF02820.24	2.1e-14
Sbat_VDP10964.1	209	289	MBT	PF02820.24	6.4e-16
Sbat_VDP10964.1	344	409	MBT	PF02820.24	8.8e-24
Drer_XP_005174217.1	37	104	MBT	PF02820.24	3.1e-26
Drer_XP_005174217.1	147	211	MBT	PF02820.24	3.8e-29
Ggal_XP_015153064.2	68	135	MBT	PF02820.24	1.2e-25
Ggal_XP_015153064.2	177	242	MBT	PF02820.24	1.2e-29
Aplcal_XP_012944082.1	52	119	MBT	PF02820.24	5.9e-26
Aplcal_XP_012944082.1	161	225	MBT	PF02820.24	2.9e-29
Aplcal_XP_012944083.1	52	119	MBT	PF02820.24	5.9e-26
Aplcal_XP_012944083.1	161	225	MBT	PF02820.24	2.9e-29
Aplcal_XP_035828541.1	52	119	MBT	PF02820.24	5.9e-26
Aplcal_XP_035828541.1	161	225	MBT	PF02820.24	2.9e-29
Ggal_XP_024998803.2	68	135	MBT	PF02820.24	1.3e-25
Ggal_XP_024998803.2	177	242	MBT	PF02820.24	1.2e-29
Drer_XP_002666606.3	68	135	MBT	PF02820.24	3.6e-26
Drer_XP_002666606.3	178	242	MBT	PF02820.24	4.4e-29
Ggal_XP_015153063.2	68	135	MBT	PF02820.24	1.5e-25
Ggal_XP_015153063.2	177	242	MBT	PF02820.24	1.4e-29
Ggal_XP_015153062.2	68	135	MBT	PF02820.24	1.6e-25
Ggal_XP_015153062.2	177	242	MBT	PF02820.24	1.5e-29
Ggal_XP_040507896.1	68	135	MBT	PF02820.24	1.6e-25
Ggal_XP_040507896.1	177	242	MBT	PF02820.24	1.5e-29
Ggal_XP_046759606.1	68	135	MBT	PF02820.24	1.6e-25
Ggal_XP_046759606.1	177	242	MBT	PF02820.24	1.5e-29
Ggal_XP_046759607.1	68	135	MBT	PF02820.24	1.6e-25
Ggal_XP_046759607.1	177	242	MBT	PF02820.24	1.5e-29
Hsap_XP_047305557.1	72	139	MBT	PF02820.24	1e-25
Hsap_XP_047305557.1	181	246	MBT	PF02820.24	2.6e-29
Hsap_XP_011539342.1	72	139	MBT	PF02820.24	1.1e-25
Hsap_XP_011539342.1	181	246	MBT	PF02820.24	2.8e-29
Hsap_XP_047305547.1	72	139	MBT	PF02820.24	1.1e-25
Hsap_XP_047305547.1	181	246	MBT	PF02820.24	2.8e-29
Hsap_XP_006724521.1	67	135	MBT	PF02820.24	6.3e-26
Hsap_XP_006724521.1	176	241	MBT	PF02820.24	5.2e-29
Hsap_NP_001381237.1	72	139	MBT	PF02820.24	1.2e-25
Hsap_NP_001381237.1	181	246	MBT	PF02820.24	3e-29
Hsap_XP_047305545.1	72	139	MBT	PF02820.24	1.2e-25
Hsap_XP_047305545.1	181	246	MBT	PF02820.24	3e-29
Hsap_XP_047305544.1	62	129	MBT	PF02820.24	1.2e-25
Hsap_XP_047305544.1	171	236	MBT	PF02820.24	3e-29
Hsap_XP_047305543.1	72	139	MBT	PF02820.24	1.3e-25
Hsap_XP_047305543.1	181	246	MBT	PF02820.24	3.1e-29
Hsap_NP_001165689.1	1	68	MBT	PF02820.24	1.3e-25
Hsap_NP_001165689.1	110	175	MBT	PF02820.24	3.2e-29
Hsap_NP_001165691.1	1	68	MBT	PF02820.24	1.3e-25
Hsap_NP_001165691.1	110	175	MBT	PF02820.24	3.2e-29
Hsap_NP_036368.1	15	82	MBT	PF02820.24	1.3e-25
Hsap_NP_036368.1	124	189	MBT	PF02820.24	3.3e-29
Hsap_NP_001165692.1	1	68	MBT	PF02820.24	1.4e-25
Hsap_NP_001165692.1	110	175	MBT	PF02820.24	3.4e-29
Hsap_NP_001381232.1	1	68	MBT	PF02820.24	1.4e-25
Hsap_NP_001381232.1	110	175	MBT	PF02820.24	3.4e-29
Hsap_XP_047305534.1	1	68	MBT	PF02820.24	1.4e-25
Hsap_XP_047305534.1	110	175	MBT	PF02820.24	3.4e-29
Hsap_XP_047305539.1	1	68	MBT	PF02820.24	1.4e-25
Hsap_XP_047305539.1	110	175	MBT	PF02820.24	3.4e-29
Hsap_NP_006080.1	67	135	MBT	PF02820.24	7.7e-26
Hsap_NP_006080.1	176	241	MBT	PF02820.24	6.3e-29
Hsap_XP_016884708.1	67	135	MBT	PF02820.24	7.7e-26
Hsap_XP_016884708.1	176	241	MBT	PF02820.24	6.3e-29
Hsap_XP_016884709.1	67	135	MBT	PF02820.24	7.7e-26
Hsap_XP_016884709.1	176	241	MBT	PF02820.24	6.3e-29
Hsap_NP_001381236.1	15	82	MBT	PF02820.24	1.4e-25
Hsap_NP_001381236.1	124	189	MBT	PF02820.24	3.5e-29
Hsap_XP_047305533.1	15	82	MBT	PF02820.24	1.4e-25
Hsap_XP_047305533.1	124	189	MBT	PF02820.24	3.5e-29
Hsap_XP_011539336.1	72	139	MBT	PF02820.24	1.4e-25
Hsap_XP_011539336.1	181	246	MBT	PF02820.24	3.5e-29
Hsap_NP_001381228.1	62	129	MBT	PF02820.24	1.5e-25
Hsap_NP_001381228.1	171	236	MBT	PF02820.24	3.7e-29
Hsap_NP_001381233.1	62	129	MBT	PF02820.24	1.5e-25
Hsap_NP_001381233.1	171	236	MBT	PF02820.24	3.7e-29
Hsap_NP_001381234.1	62	129	MBT	PF02820.24	1.5e-25
Hsap_NP_001381234.1	171	236	MBT	PF02820.24	3.7e-29
Hsap_NP_001381235.1	62	129	MBT	PF02820.24	1.5e-25
Hsap_NP_001381235.1	171	236	MBT	PF02820.24	3.7e-29
Hsap_NP_001165690.1	72	139	MBT	PF02820.24	1.5e-25
Hsap_NP_001165690.1	181	246	MBT	PF02820.24	3.7e-29
Hsap_XP_047305524.1	72	139	MBT	PF02820.24	1.5e-25
Hsap_XP_047305524.1	181	246	MBT	PF02820.24	3.7e-29
Hsap_NP_001026864.1	62	129	MBT	PF02820.24	1.5e-25
Hsap_NP_001026864.1	171	236	MBT	PF02820.24	3.8e-29
Hsap_NP_001381229.1	62	129	MBT	PF02820.24	1.5e-25
Hsap_NP_001381229.1	171	236	MBT	PF02820.24	3.8e-29
Hsap_NP_001381230.1	62	129	MBT	PF02820.24	1.5e-25
Hsap_NP_001381230.1	171	236	MBT	PF02820.24	3.8e-29
Hsap_NP_001381231.1	62	129	MBT	PF02820.24	1.5e-25
Hsap_NP_001381231.1	171	236	MBT	PF02820.24	3.8e-29
Hsap_XP_047305523.1	62	129	MBT	PF02820.24	1.5e-25
Hsap_XP_047305523.1	171	236	MBT	PF02820.24	3.8e-29
Hsap_NP_001381240.1	72	139	MBT	PF02820.24	1.6e-25
Hsap_NP_001381240.1	181	246	MBT	PF02820.24	3.9e-29
Hsap_XP_047305520.1	72	139	MBT	PF02820.24	1.6e-25
Hsap_XP_047305520.1	181	246	MBT	PF02820.24	3.9e-29
Hsap_XP_047305521.1	72	139	MBT	PF02820.24	1.6e-25
Hsap_XP_047305521.1	181	246	MBT	PF02820.24	3.9e-29
Lana_XP_013401177.1	58	125	MBT	PF02820.24	2e-27
Lana_XP_013401177.1	167	232	MBT	PF02820.24	4.9e-27
Lana_XP_013401178.1	58	125	MBT	PF02820.24	2e-27
Lana_XP_013401178.1	167	232	MBT	PF02820.24	4.9e-27
Apla_XP_022081927.1	49	115	MBT	PF02820.24	1.5e-26
Apla_XP_022081927.1	157	223	MBT	PF02820.24	1.9e-27
Apla_XP_022081928.1	49	115	MBT	PF02820.24	1.5e-26
Apla_XP_022081928.1	157	223	MBT	PF02820.24	1.9e-27
Apla_XP_022081929.1	49	115	MBT	PF02820.24	1.5e-26
Apla_XP_022081929.1	157	223	MBT	PF02820.24	1.9e-27
Dmel_NP_001247006.1	209	276	MBT	PF02820.24	3.7e-26
Dmel_NP_001247006.1	318	383	MBT	PF02820.24	4.6e-28
Dmel_NP_731385.1	209	276	MBT	PF02820.24	3.7e-26
Dmel_NP_731385.1	318	383	MBT	PF02820.24	4.6e-28
Xtro_XP_031751992.1	48	115	MBT	PF02820.24	6.8e-25
Xtro_XP_031751992.1	157	222	MBT	PF02820.24	2.2e-29
Xtro_XP_012812742.2	48	115	MBT	PF02820.24	6.9e-25
Xtro_XP_012812742.2	157	222	MBT	PF02820.24	2.3e-29
Xtro_XP_012812745.2	48	115	MBT	PF02820.24	6.9e-25
Xtro_XP_012812745.2	157	222	MBT	PF02820.24	2.3e-29
Xtro_XP_031751991.1	48	115	MBT	PF02820.24	6.9e-25
Xtro_XP_031751991.1	157	222	MBT	PF02820.24	2.3e-29
Xtro_NP_001072602.1	48	115	MBT	PF02820.24	6.9e-25
Xtro_NP_001072602.1	157	222	MBT	PF02820.24	2.3e-29
Ggal_XP_040505520.1	1	68	MBT	PF02820.24	8.3e-25
Ggal_XP_040505520.1	110	176	MBT	PF02820.24	1.7e-29
Ggal_XP_046758730.1	1	68	MBT	PF02820.24	8.3e-25
Ggal_XP_046758730.1	110	176	MBT	PF02820.24	1.7e-29
Ggal_XP_040505517.1	44	111	MBT	PF02820.24	9.1e-25
Ggal_XP_040505517.1	153	219	MBT	PF02820.24	1.9e-29
Ggal_XP_004934749.2	67	134	MBT	PF02820.24	9.4e-25
Ggal_XP_004934749.2	176	242	MBT	PF02820.24	2e-29
Ggal_XP_004934748.2	67	134	MBT	PF02820.24	9.5e-25
Ggal_XP_004934748.2	176	242	MBT	PF02820.24	2e-29
Ggal_XP_040505513.1	67	134	MBT	PF02820.24	9.5e-25
Ggal_XP_040505513.1	176	242	MBT	PF02820.24	2e-29
Ggal_XP_040505515.1	67	134	MBT	PF02820.24	9.5e-25
Ggal_XP_040505515.1	176	242	MBT	PF02820.24	2e-29
Ever_VDD87649.1	88	138	MBT	PF02820.24	1.8e-08
Ever_VDD87649.1	193	270	MBT	PF02820.24	1.4e-09
Ever_VDD87649.1	319	388	MBT	PF02820.24	1.4e-13
Ever_VDD87649.1	426	490	MBT	PF02820.24	2.3e-19
Obim_XP_014782333.1	65	132	MBT	PF02820.24	1.2e-22
Obim_XP_014782333.1	174	239	MBT	PF02820.24	5.3e-31
Xtro_XP_012812190.1	65	132	MBT	PF02820.24	1.2e-23
Xtro_XP_012812190.1	174	239	MBT	PF02820.24	5.8e-30
Scil_XP_065176521.1	587	652	MBT	PF02820.24	2.6e-12
Scil_XP_065176521.1	699	767	MBT	PF02820.24	1.1e-12
Scil_XP_065176521.1	814	879	MBT	PF02820.24	1.5e-27
Xtro_XP_031751710.1	45	112	MBT	PF02820.24	1.3e-23
Xtro_XP_031751710.1	154	219	MBT	PF02820.24	6.1e-30
Xtro_NP_001005790.1	65	132	MBT	PF02820.24	1.4e-23
Xtro_NP_001005790.1	174	239	MBT	PF02820.24	6.3e-30
Xtro_XP_012812187.2	65	132	MBT	PF02820.24	1.4e-23
Xtro_XP_012812187.2	174	239	MBT	PF02820.24	6.3e-30
Xtro_XP_012812188.2	65	132	MBT	PF02820.24	1.4e-23
Xtro_XP_012812188.2	174	239	MBT	PF02820.24	6.3e-30
Xtro_XP_031751709.1	65	132	MBT	PF02820.24	1.4e-23
Xtro_XP_031751709.1	174	239	MBT	PF02820.24	6.3e-30
Scil_XP_065176519.1	1020	1085	MBT	PF02820.24	3.6e-12
Scil_XP_065176519.1	1132	1201	MBT	PF02820.24	5.4e-13
Scil_XP_065176519.1	1236	1301	MBT	PF02820.24	2.1e-27
Obim_XP_014782332.1	41	108	MBT	PF02820.24	1.4e-22
Obim_XP_014782332.1	150	215	MBT	PF02820.24	6.2e-31
Obim_XP_014782330.1	65	132	MBT	PF02820.24	1.4e-22
Obim_XP_014782330.1	174	239	MBT	PF02820.24	6.5e-31
Obim_XP_014782331.1	65	132	MBT	PF02820.24	1.4e-22
Obim_XP_014782331.1	174	239	MBT	PF02820.24	6.5e-31
Scil_XP_065176520.1	926	991	MBT	PF02820.24	3.4e-12
Scil_XP_065176520.1	1038	1106	MBT	PF02820.24	1.5e-12
Scil_XP_065176520.1	1153	1218	MBT	PF02820.24	2e-27
Scil_XP_065176518.1	1018	1083	MBT	PF02820.24	3.7e-12
Scil_XP_065176518.1	1130	1198	MBT	PF02820.24	1.6e-12
Scil_XP_065176518.1	1245	1310	MBT	PF02820.24	2.2e-27
Scil_XP_065176517.1	1020	1085	MBT	PF02820.24	3.7e-12
Scil_XP_065176517.1	1132	1200	MBT	PF02820.24	1.6e-12
Scil_XP_065176517.1	1247	1312	MBT	PF02820.24	2.2e-27
Mjap_MIJAPON000008409.t1	100	148	MBT	PF02820.24	1.2e-08
Mjap_MIJAPON000008409.t1	204	278	MBT	PF02820.24	4.3e-09
Mjap_MIJAPON000008409.t1	322	391	MBT	PF02820.24	2.3e-11
Mjap_MIJAPON000008409.t1	432	496	MBT	PF02820.24	2.2e-21
Skow_XP_006817556.1	53	120	MBT	PF02820.24	3e-27
Skow_XP_006817556.1	162	227	MBT	PF02820.24	8.5e-26
Priarc_PARCANUS000000704.t1	92	150	MBT	PF02820.24	8.6e-08
Priarc_PARCANUS000000704.t1	196	269	MBT	PF02820.24	5.8e-11
Priarc_PARCANUS000000704.t1	316	386	MBT	PF02820.24	9.4e-12
Priarc_PARCANUS000000704.t1	426	489	MBT	PF02820.24	1.2e-19
Ofus_CAH1799310.1	63	130	MBT	PF02820.24	7.2e-22
Ofus_CAH1799310.1	172	237	MBT	PF02820.24	8.9e-31
Drer_XP_003199550.1	67	134	MBT	PF02820.24	5.8e-22
Drer_XP_003199550.1	176	242	MBT	PF02820.24	2.1e-30
Drer_XP_009304396.1	67	134	MBT	PF02820.24	5.8e-22
Drer_XP_009304396.1	176	242	MBT	PF02820.24	2.1e-30
Drer_XP_009304397.1	67	134	MBT	PF02820.24	5.8e-22
Drer_XP_009304397.1	176	242	MBT	PF02820.24	2.1e-30
Pvan_XP_027214998.2	82	148	MBT	PF02820.24	2.8e-10
Pvan_XP_027214998.2	197	256	MBT	PF02820.24	1.1e-12
Pvan_XP_027214998.2	311	382	MBT	PF02820.24	3.5e-10
Pvan_XP_027214998.2	423	489	MBT	PF02820.24	9.1e-18
Diplco_DCO_010154	38	93	MBT	PF02820.24	5.5e-06
Diplco_DCO_010154	165	237	MBT	PF02820.24	4.6e-09
Diplco_DCO_010154	282	351	MBT	PF02820.24	1.3e-13
Diplco_DCO_010154	394	459	MBT	PF02820.24	1.7e-20
Lcom_lcpid11952|	1109	1180	MBT	PF02820.24	5.9e-12
Lcom_lcpid11952|	1235	1294	MBT	PF02820.24	1.5e-13
Lcom_lcpid11952|	1330	1395	MBT	PF02820.24	7.6e-26
Sypmur_SMUV_0000626801-mRNA-1	93	142	MBT	PF02820.24	5.2e-10
Sypmur_SMUV_0000626801-mRNA-1	197	276	MBT	PF02820.24	9.1e-10
Sypmur_SMUV_0000626801-mRNA-1	322	391	MBT	PF02820.24	2.8e-10
Sypmur_SMUV_0000626801-mRNA-1	426	490	MBT	PF02820.24	9.7e-19
Diplco_DCO_010153	165	237	MBT	PF02820.24	1.7e-09
Diplco_DCO_010153	282	351	MBT	PF02820.24	1.1e-13
Diplco_DCO_010153	394	459	MBT	PF02820.24	4.3e-20
Mhap_MhA1_Contig234.frz3.gene5	99	143	MBT	PF02820.24	2e-08
Mhap_MhA1_Contig234.frz3.gene5	195	272	MBT	PF02820.24	2.8e-12
Mhap_MhA1_Contig234.frz3.gene5	328	397	MBT	PF02820.24	4.6e-15
Mhap_MhA1_Contig234.frz3.gene5	439	481	MBT	PF02820.24	1e-12
Dpul_XP_046463462.1	45	111	MBT	PF02820.24	4.9e-13
Dpul_XP_046463462.1	146	224	MBT	PF02820.24	3.3e-14
Dpul_XP_046463462.1	265	314	MBT	PF02820.24	1.1e-06
Dpul_XP_046463462.1	341	414	MBT	PF02820.24	4.6e-14
Diplco_DCO_009773	84	136	MBT	PF02820.24	4.9e-07
Diplco_DCO_009773	201	277	MBT	PF02820.24	7.4e-11
Diplco_DCO_009773	321	389	MBT	PF02820.24	7.8e-12
Diplco_DCO_009773	434	495	MBT	PF02820.24	6.9e-18
Cint_XP_026694917.1	69	136	MBT	PF02820.24	3.2e-22
Cint_XP_026694917.1	178	242	MBT	PF02820.24	1.4e-27
Cint_NP_001071811.1	69	136	MBT	PF02820.24	3.2e-22
Cint_NP_001071811.1	178	242	MBT	PF02820.24	1.4e-27
Cint_XP_018671726.1	72	139	MBT	PF02820.24	3.2e-22
Cint_XP_018671726.1	181	245	MBT	PF02820.24	1.4e-27
Cint_XP_026694916.1	72	139	MBT	PF02820.24	3.3e-22
Cint_XP_026694916.1	181	245	MBT	PF02820.24	1.4e-27
Hpol_VDO79824.1	198	277	MBT	PF02820.24	5.2e-15
Hpol_VDO79824.1	328	398	MBT	PF02820.24	9.6e-15
Hpol_VDO79824.1	438	480	MBT	PF02820.24	1.1e-11
Diplco_DCO_009774	84	136	MBT	PF02820.24	1.2e-06
Diplco_DCO_009774	201	277	MBT	PF02820.24	2.6e-11
Diplco_DCO_009774	321	389	MBT	PF02820.24	1.9e-12
Diplco_DCO_009774	434	495	MBT	PF02820.24	1.6e-16
Cele_NP_001122543.1	233	317	MBT	PF02820.24	9.9e-13
Cele_NP_001122543.1	360	428	MBT	PF02820.24	1.5e-12
Cele_NP_001122543.1	474	536	MBT	PF02820.24	8e-16
Cele_NP_001122542.1	246	330	MBT	PF02820.24	1e-12
Cele_NP_001122542.1	373	441	MBT	PF02820.24	1.6e-12
Cele_NP_001122542.1	487	549	MBT	PF02820.24	8.2e-16
Scar_TKR95155.1	206	284	MBT	PF02820.24	1.5e-10
Scar_TKR95155.1	315	380	MBT	PF02820.24	2.9e-12
Scar_TKR95155.1	424	489	MBT	PF02820.24	1.4e-17
Scar_TKR95154.1	206	284	MBT	PF02820.24	1.6e-10
Scar_TKR95154.1	331	396	MBT	PF02820.24	3.1e-12
Scar_TKR95154.1	440	505	MBT	PF02820.24	1.4e-17
Hsap_XP_047281527.1	1	73	MBT	PF02820.24	1.2e-21
Hsap_XP_047281527.1	109	176	MBT	PF02820.24	2.2e-25
Hsap_NP_001374819.1	52	124	MBT	PF02820.24	1.4e-21
Hsap_NP_001374819.1	160	227	MBT	PF02820.24	2.4e-25
Hsap_XP_047281526.1	52	124	MBT	PF02820.24	1.4e-21
Hsap_XP_047281526.1	160	227	MBT	PF02820.24	2.4e-25
Hsap_XP_047281529.1	52	124	MBT	PF02820.24	1.4e-21
Hsap_XP_047281529.1	160	227	MBT	PF02820.24	2.4e-25
Rvar_GAV09501.1	321	376	MBT	PF02820.24	1e-10
Rvar_GAV09501.1	434	504	MBT	PF02820.24	4.8e-14
Rvar_GAV09501.1	555	628	MBT	PF02820.24	7.4e-16
Lloa_XP_020303243.1	87	151	MBT	PF02820.24	1.6e-15
Lloa_XP_020303243.1	197	274	MBT	PF02820.24	4.2e-14
Lloa_XP_020303243.1	323	392	MBT	PF02820.24	6.8e-15
Sman_XP_018654577.1	81	147	MBT	PF02820.24	1.4e-24
Sman_XP_018654577.1	190	258	MBT	PF02820.24	1.6e-20
Priarc_PARCANUS000001041.t1	112	169	MBT	PF02820.24	5.1e-08
Priarc_PARCANUS000001041.t1	216	288	MBT	PF02820.24	9.9e-09
Priarc_PARCANUS000001041.t1	337	407	MBT	PF02820.24	7.2e-10
Priarc_PARCANUS000001041.t1	462	525	MBT	PF02820.24	5.3e-16
Scil_XP_065175717.1	141	209	MBT	PF02820.24	1.3e-07
Scil_XP_065175717.1	465	534	MBT	PF02820.24	3.7e-12
Scil_XP_065175717.1	569	635	MBT	PF02820.24	6.3e-24
Scil_XP_065175716.1	159	227	MBT	PF02820.24	1.3e-07
Scil_XP_065175716.1	483	552	MBT	PF02820.24	3.8e-12
Scil_XP_065175716.1	587	653	MBT	PF02820.24	6.4e-24
Hsap_XP_011523237.1	213	271	MBT	PF02820.24	1.4e-14
Hsap_XP_011523237.1	312	375	MBT	PF02820.24	4.7e-20
Hsap_XP_011523237.1	411	437	MBT	PF02820.24	7.4e-08
Hsap_XP_011523236.1	215	273	MBT	PF02820.24	1.4e-14
Hsap_XP_011523236.1	314	377	MBT	PF02820.24	4.7e-20
Hsap_XP_011523236.1	413	439	MBT	PF02820.24	7.4e-08
Pvan_XP_069976010.1	180	246	MBT	PF02820.24	4.4e-23
Pvan_XP_069976010.1	290	350	MBT	PF02820.24	9.4e-20
Sbat_VDP05270.1	1	67	MBT	PF02820.24	1.5e-22
Sbat_VDP05270.1	98	162	MBT	PF02820.24	6.2e-18
Blan_XP_066301835.1	1199	1273	MBT	PF02820.24	9.4e-23
Blan_XP_066301835.1	1426	1504	MBT	PF02820.24	1.2e-17
Blan_XP_066301819.1	1200	1274	MBT	PF02820.24	9.4e-23
Blan_XP_066301819.1	1427	1505	MBT	PF02820.24	1.2e-17
Blan_XP_066301828.1	1200	1274	MBT	PF02820.24	9.4e-23
Blan_XP_066301828.1	1427	1505	MBT	PF02820.24	1.2e-17
Lpol_XP_022258073.1	221	297	MBT	PF02820.24	2.4e-17
Lpol_XP_022258073.1	338	401	MBT	PF02820.24	1e-22
Avag_UJR24893.1	187	255	MBT	PF02820.24	4.4e-12
Avag_UJR24893.1	315	387	MBT	PF02820.24	2.7e-08
Avag_UJR24893.1	440	502	MBT	PF02820.24	4.5e-06
Avag_UJR24893.1	550	623	MBT	PF02820.24	2.8e-12
Eela_EEL_0000889501-mRNA-1	90	135	MBT	PF02820.24	1.5e-08
Eela_EEL_0000889501-mRNA-1	242	311	MBT	PF02820.24	3.7e-12
Eela_EEL_0000889501-mRNA-1	334	389	MBT	PF02820.24	1.2e-13
Avag_UJR24892.1	187	255	MBT	PF02820.24	4.7e-12
Avag_UJR24892.1	315	387	MBT	PF02820.24	2.8e-08
Avag_UJR24892.1	440	502	MBT	PF02820.24	4.7e-06
Avag_UJR24892.1	550	623	MBT	PF02820.24	2.9e-12
Avag_UJR23902.1	164	232	MBT	PF02820.24	1.2e-12
Avag_UJR23902.1	287	349	MBT	PF02820.24	8e-07
Avag_UJR23902.1	402	467	MBT	PF02820.24	1.2e-08
Avag_UJR23902.1	510	585	MBT	PF02820.24	1.5e-09
Lcom_lcpid76155|	44	102	MBT	PF02820.24	5.8e-13
Lcom_lcpid76155|	138	203	MBT	PF02820.24	4.8e-25
Hduj_OQV21108.1	351	433	MBT	PF02820.24	2.4e-07
Hduj_OQV21108.1	484	552	MBT	PF02820.24	4e-09
Hduj_OQV21108.1	596	661	MBT	PF02820.24	5.2e-18
Cowc_XP_004346955.2	214	279	MBT	PF02820.24	1.1e-14
Cowc_XP_004346955.2	324	391	MBT	PF02820.24	1e-23
Sypmur_SMUV_0000716601-mRNA-1	110	155	MBT	PF02820.24	8.7e-08
Sypmur_SMUV_0000716601-mRNA-1	214	295	MBT	PF02820.24	7.1e-08
Sypmur_SMUV_0000716601-mRNA-1	448	504	MBT	PF02820.24	1.4e-16
Mbel_CAJ0954890.1	224	302	MBT	PF02820.24	6.5e-11
Mbel_CAJ0954890.1	354	424	MBT	PF02820.24	4.7e-09
Mbel_CAJ0954890.1	468	533	MBT	PF02820.24	8.5e-11
Tsui_KHJ44253.1	1	67	MBT	PF02820.24	1.1e-16
Tsui_KHJ44253.1	104	168	MBT	PF02820.24	1.8e-20
Avag_UJR16455.1	49	115	MBT	PF02820.24	5e-14
Avag_UJR16455.1	157	219	MBT	PF02820.24	3.2e-22
Wban_VDM20994.1	143	208	MBT	PF02820.24	2.4e-14
Wban_VDM20994.1	258	324	MBT	PF02820.24	4.8e-21
Lsig_VDM91995.1	142	207	MBT	PF02820.24	2.1e-14
Lsig_VDM91995.1	257	324	MBT	PF02820.24	1.3e-20
Sman_XP_018654105.1	109	157	MBT	PF02820.24	6.5e-08
Sman_XP_018654105.1	203	266	MBT	PF02820.24	1.9e-26
Hsap_XP_047292283.1	215	273	MBT	PF02820.24	1.2e-14
Hsap_XP_047292283.1	314	377	MBT	PF02820.24	3.8e-20
Hsap_XP_047292284.1	215	273	MBT	PF02820.24	1.2e-14
Hsap_XP_047292284.1	314	377	MBT	PF02820.24	3.8e-20
Sman_XP_018654106.1	109	157	MBT	PF02820.24	6.3e-08
Sman_XP_018654106.1	203	266	MBT	PF02820.24	1.8e-26
Avit_KAL3993608.1	122	187	MBT	PF02820.24	3.4e-13
Avit_KAL3993608.1	237	304	MBT	PF02820.24	4.7e-21
Eela_EEL_0000477801-mRNA-1	122	187	MBT	PF02820.24	4.2e-14
Eela_EEL_0000477801-mRNA-1	237	304	MBT	PF02820.24	3e-20
Ovol_OVOC12323	122	187	MBT	PF02820.24	5.9e-14
Ovol_OVOC12323	237	304	MBT	PF02820.24	2.2e-20
Dimm_MCP9257693.1	179	244	MBT	PF02820.24	6.3e-14
Dimm_MCP9257693.1	294	361	MBT	PF02820.24	4.8e-20
Bmal_XP_001896046.2	123	188	MBT	PF02820.24	4.8e-13
Bmal_XP_001896046.2	238	304	MBT	PF02820.24	7.3e-21
Sbat_VDP45786.1	42	122	MBT	PF02820.24	9.5e-14
Sbat_VDP45786.1	189	253	MBT	PF02820.24	5.7e-19
Hsap_XP_011524069.1	11	78	MBT	PF02820.24	6.2e-34
Asuu_AgR006_g193_t01	124	190	MBT	PF02820.24	8.2e-13
Asuu_AgR006_g193_t01	239	307	MBT	PF02820.24	1e-19
Sypmur_SMUV_0000417901-mRNA-1	114	182	MBT	PF02820.24	1.5e-13
Sypmur_SMUV_0000417901-mRNA-1	230	298	MBT	PF02820.24	1.4e-18
Ever_VDD87781.1	148	215	MBT	PF02820.24	5.8e-12
Ever_VDD87781.1	263	331	MBT	PF02820.24	6.6e-20
Lloa_XP_020301906.1	136	196	MBT	PF02820.24	2.6e-11
Lloa_XP_020301906.1	246	314	MBT	PF02820.24	2.4e-20
Echgra_XP_024353844.1	155	193	MBT	PF02820.24	4.7e-06
Echgra_XP_024353844.1	248	311	MBT	PF02820.24	1.1e-24
Smed_h1SMcT0004949.1	157	228	MBT	PF02820.24	6.3e-07
Smed_h1SMcT0004949.1	390	459	MBT	PF02820.24	2.7e-14
Aque_XP_019862451.1	1	67	MBT	PF02820.24	5.2e-32
Smed_h1SMcT0000528.2	162	225	MBT	PF02820.24	8.5e-25
Gpal_Gpal_D383_g11577.t1	78	145	MBT	PF02820.24	2.1e-27
Ggal_XP_040505530.1	41	107	MBT	PF02820.24	1.5e-29
Ggal_XP_040505540.1	41	107	MBT	PF02820.24	1.5e-29
Hsap_NP_001337597.1	3	68	MBT	PF02820.24	2.4e-29
Hsap_NP_001381238.1	3	68	MBT	PF02820.24	2.5e-29
Hsap_NP_001337596.1	80	145	MBT	PF02820.24	3.1e-29
Hpol_VDP32859.1	124	191	MBT	PF02820.24	1.1e-09
Hpol_VDP32859.1	241	307	MBT	PF02820.24	1.3e-17
Asuu_AgB03_g318_t02	250	320	MBT	PF02820.24	2.6e-13
Asuu_AgB03_g318_t02	361	427	MBT	PF02820.24	9.5e-08
Asuu_AgB03_g318_t01	250	320	MBT	PF02820.24	2.6e-13
Asuu_AgB03_g318_t01	361	427	MBT	PF02820.24	9.7e-08
Sman_XP_018650733.1	185	259	MBT	PF02820.24	3.9e-06
Sman_XP_018650733.1	313	400	MBT	PF02820.24	2.3e-08
Sman_XP_018650733.1	566	635	MBT	PF02820.24	2.7e-08
Rcul_nRc.2.0.1.t43801-RA	325	419	MBT	PF02820.24	3.4e-11
Rcul_nRc.2.0.1.t43801-RA	459	522	MBT	PF02820.24	7e-14
Echgra_XP_024353670.1	335	410	MBT	PF02820.24	5.6e-11
Echgra_XP_024353670.1	542	610	MBT	PF02820.24	4.4e-07
Acey_EYC06286.1	134	191	MBT	PF02820.24	7.6e-09
Acey_EYC06286.1	241	307	MBT	PF02820.24	3.8e-17
Sros_XP_004989701.1	499	570	MBT	PF02820.24	5e-27
Tadh_XP_002114126.1	605	672	MBT	PF02820.24	6.1e-27
Hcon_XGW14688.1	136	193	MBT	PF02820.24	3.3e-08
Hcon_XGW14688.1	244	310	MBT	PF02820.24	3.8e-17
Hcon_XGW14687.1	136	193	MBT	PF02820.24	3.3e-08
Hcon_XGW14687.1	244	310	MBT	PF02820.24	3.9e-17
Gpal_Gpal_D383_g11576.t2	22	84	MBT	PF02820.24	5.5e-13
Gpal_Gpal_D383_g11576.t2	127	201	MBT	PF02820.24	1.7e-12
Gpal_Gpal_D383_g11576.t1	22	84	MBT	PF02820.24	6e-13
Gpal_Gpal_D383_g11576.t1	127	201	MBT	PF02820.24	1.9e-12
Drer_NP_001082953.1	45	111	MBT	PF02820.24	8.8e-27
Angcan_KAE9414446.1	57	113	MBT	PF02820.24	8.3e-09
Angcan_KAE9414446.1	163	230	MBT	PF02820.24	3e-16
Scar_TKR87261.1	346	416	MBT	PF02820.24	1.2e-12
Scar_TKR87261.1	473	535	MBT	PF02820.24	5.5e-06
Sypmur_SMUV_0001039101-mRNA-1	252	323	MBT	PF02820.24	2.6e-12
Sypmur_SMUV_0001039101-mRNA-1	363	429	MBT	PF02820.24	4.5e-07
Hsap_NP_001165693.1	15	80	MBT	PF02820.24	5.5e-25
Ever_VDD85751.1	241	311	MBT	PF02820.24	3.7e-11
Ever_VDD85751.1	360	426	MBT	PF02820.24	1.1e-07
Gpal_Gpal_D383_g08579.t1	1444	1519	MBT	PF02820.24	2.9e-15
Scil_XP_065191954.1	390	457	MBT	PF02820.24	4.7e-23
Lpol_XP_022237043.1	2	54	MBT	PF02820.24	2.8e-23
Mbel_CAJ0957727.1	173	238	MBT	PF02820.24	7.4e-17
Mbel_CAJ0957729.1	173	238	MBT	PF02820.24	7.5e-17
Mbre_XP_001748055.1	2709	2777	MBT	PF02820.24	5.8e-22
Lcom_lcpid90075|	180	245	MBT	PF02820.24	5.5e-22
Lcom_lcpid92013|	180	245	MBT	PF02820.24	5.6e-22
Asuu_AgB03_g318_t03	250	320	MBT	PF02820.24	1e-13
Scar_TKR87262.1	346	416	MBT	PF02820.24	7e-13
Scar_TKR87263.1	346	416	MBT	PF02820.24	9.1e-13
Mbel_CAJ0944910.1	250	319	MBT	PF02820.24	1.7e-09
Mbel_CAJ0944910.1	365	429	MBT	PF02820.24	1.4e-06
Sros_XP_004998670.1	2963	3031	MBT	PF02820.24	7.2e-21
Ddip_jg1826	175	206	MBT	PF02820.24	2.8e-08
Ddip_jg1826	241	302	MBT	PF02820.24	1.1e-07
Scar_TMS33722.1	424	490	MBT	PF02820.24	2.5e-13
Cscu_XP_023214193.1	1	75	MBT	PF02820.24	9.7e-20
Lcom_lcpid100802|	93	158	MBT	PF02820.24	3.1e-19
Lcom_lcpid103178|	93	158	MBT	PF02820.24	3.1e-19
Aplcal_XP_035826698.1	608	675	MBT	PF02820.24	5.5e-19
Rcul_nRc.2.0.1.t45609-RA	33	94	MBT	PF02820.24	5e-18
Hcon_XGW26450.1	264	330	MBT	PF02820.24	1.2e-07
Hcon_XGW26449.1	264	330	MBT	PF02820.24	1.3e-07
Trimur_TMUE_0000001227	275	342	MBT	PF02820.24	2.1e-08
Scar_TMS39429.1	406	459	MBT	PF02820.24	7.6e-08
Ttri_CDW52850.1	341	409	MBT	PF02820.24	5.5e-08
Trimur_TMUE_3000011353	275	342	MBT	PF02820.24	3.2e-08
Pigvie_Pvie_g2878_potentialcontaminant	76	129	MBT	PF02820.24	7.9e-17
Avag_UJR35583.1	1046	1101	MBT	PF02820.24	1e-15
Ofus_CAH1783022.1	899	955	MBT	PF02820.24	1.6e-15
Otip_Oti_10289_t	165	230	MBT	PF02820.24	3.4e-06
Bxyl_CAG9125239.1	266	337	MBT	PF02820.24	6.6e-08
Tadh_XP_002114362.1	6	69	MBT	PF02820.24	1.7e-15
Priarc_PARCANUS000009473.t1	521	589	MBT	PF02820.24	3.5e-12
Priarc_PARCANUS000007288.t1	518	584	MBT	PF02820.24	1.3e-11
Rcul_nRc.2.0.1.t45610-RA	45	109	MBT	PF02820.24	5.6e-15
Tsui_KHJ44252.1	68	135	MBT	PF02820.24	3.7e-08
Priarc_PARCANUS000002366.t1	709	782	MBT	PF02820.24	9.8e-09
Mjap_MIJAPON000014436.t1	570	637	MBT	PF02820.24	1.3e-09
Tnel_KRX24083.1	179	252	MBT	PF02820.24	3.4e-09
Tnel_KRX24084.1	179	252	MBT	PF02820.24	3.4e-09
Tnel_KRX24085.1	179	252	MBT	PF02820.24	3.6e-09
Tnel_KRX24082.1	179	252	MBT	PF02820.24	3.5e-09
Lcom_lcpid93286|	53	117	MBT	PF02820.24	1.3e-13
Sbat_VDP06430.1	222	261	MBT	PF02820.24	9.7e-07
Rcul_nRc.2.0.1.t36764-RA	37	105	MBT	PF02820.24	1.7e-13
Acey_EYB91950.1	302	369	MBT	PF02820.24	3.4e-06
Acey_EYB91949.1	302	369	MBT	PF02820.24	3.5e-06
Tbri_KRY57603.1	179	252	MBT	PF02820.24	2.1e-08
Tbri_KRY57602.1	179	252	MBT	PF02820.24	2.2e-08
Tnat_KRZ53854.1	197	270	MBT	PF02820.24	2.3e-08
Tspi_XP_003378930.1	175	248	MBT	PF02820.24	2e-08
Diplco_DCO_004287	267	321	MBT	PF02820.24	6.1e-07
Tsui_KHJ40607.1	23	91	MBT	PF02820.24	8.1e-09
Diplco_DCO_004288	267	321	MBT	PF02820.24	8.5e-07
Lcom_lcpid95323|	62	126	MBT	PF02820.24	4.6e-12
Srat_XP_024502348.1	262	329	MBT	PF02820.24	3e-06
Tadh_XP_002113972.1	1035	1096	MBT	PF02820.24	6.6e-07
Rcul_nRc.2.0.1.t42619-RA	3	73	MBT	PF02820.24	1.8e-10
Avag_UJR30004.1	7	44	MBT	PF02820.24	8.4e-10
Hrob_XP_009026843.1	10	62	MBT	PF02820.24	1e-09
Spur_XP_030829632.1	446	495	MBT	PF02820.24	1.6e-09
Spur_XP_030829630.1	446	495	MBT	PF02820.24	1.6e-09
Spur_XP_030829631.1	446	495	MBT	PF02820.24	1.6e-09
Cele_NP_508090.2	173	224	MBT	PF02820.24	1.3e-07
Pigchi_Pchi_g1331	1	68	MBT	PF02820.24	1.5e-08
Blan_XP_066268103.1	64	114	MBT	PF02820.24	2.9e-07
Blan_XP_066268102.1	148	198	MBT	PF02820.24	2.9e-07
Blan_XP_066268101.1	148	198	MBT	PF02820.24	3.1e-07
Blan_XP_066268099.1	148	198	MBT	PF02820.24	3.1e-07
Blan_XP_066268100.1	148	198	MBT	PF02820.24	3.1e-07
Lcom_lcpid157313|	71	140	MBT	PF02820.24	1.8e-08
Acey_EYC15534.1	104	152	MBT	PF02820.24	2.9e-08
Lcom_lcpid202376|	2	34	MBT	PF02820.24	4.5e-08
Dpul_XP_046459188.1	41	90	MBT	PF02820.24	3.7e-07
Dpul_XP_046459189.1	41	90	MBT	PF02820.24	3.7e-07
Dpul_XP_046459190.1	41	90	MBT	PF02820.24	3.7e-07
Hsap_NP_940915.1	18	68	MBT	PF02820.24	2.6e-06
Hsap_XP_016869006.1	18	68	MBT	PF02820.24	2.6e-06
Ofus_CAH1775912.1	210	260	MBT	PF02820.24	1.7e-07
Ofus_CAH1775911.1	210	260	MBT	PF02820.24	1.7e-07
Ggal_XP_040534960.1	18	68	MBT	PF02820.24	2.5e-06
Ofus_CAH1775914.1	73	123	MBT	PF02820.24	2.1e-07
Ofus_CAH1775913.1	73	123	MBT	PF02820.24	2.1e-07
Ofus_CAH1775910.1	216	266	MBT	PF02820.24	2.5e-07
Lana_XP_013405806.1	92	142	MBT	PF02820.24	9.5e-07
Lana_XP_013405805.1	92	142	MBT	PF02820.24	9.7e-07
Lana_XP_013405804.1	92	142	MBT	PF02820.24	9.9e-07
Agrpla_XP_018332733.1	170	222	MBT	PF02820.24	4.7e-06
Lpol_XP_013792164.1	259	313	MBT	PF02820.24	1.1e-06
Lana_XP_013405803.1	92	142	MBT	PF02820.24	1e-06
Lana_XP_013405802.1	92	142	MBT	PF02820.24	1e-06
Lana_XP_013405800.1	92	142	MBT	PF02820.24	1e-06
Apla_XP_022091082.1	536	587	MBT	PF02820.24	5.6e-07
Apla_XP_022091083.1	536	587	MBT	PF02820.24	5.6e-07
Apla_XP_022091081.1	554	605	MBT	PF02820.24	5.6e-07
Apla_XP_022091080.1	554	605	MBT	PF02820.24	5.6e-07
Apla_XP_022091079.1	554	605	MBT	PF02820.24	5.7e-07
Xtro_XP_004915101.2	40	90	MBT	PF02820.24	2.1e-06
Drer_XP_021328167.1	19	68	MBT	PF02820.24	1.1e-06
Drer_XP_021335516.1	19	68	MBT	PF02820.24	1.1e-06
Drer_XP_009304327.1	19	68	MBT	PF02820.24	1.1e-06
Drer_XP_021335515.1	19	68	MBT	PF02820.24	1.1e-06
Drer_XP_021335514.1	19	68	MBT	PF02820.24	1.1e-06
Drer_XP_691788.2	19	68	MBT	PF02820.24	1.1e-06
Cvir_XP_022291049.1	100	147	MBT	PF02820.24	8.6e-07
Cvir_XP_022289775.1	100	147	MBT	PF02820.24	8.6e-07
Aplcal_XP_012936057.1	72	122	MBT	PF02820.24	8.8e-07
Obim_XP_052832364.1	107	157	MBT	PF02820.24	8.3e-07
Aplcal_XP_035824756.1	122	172	MBT	PF02820.24	1.1e-06
Aplcal_XP_012936055.1	122	172	MBT	PF02820.24	1.1e-06
Lcom_lcpid13340|	40	87	MBT	PF02820.24	9.6e-07
Lcom_lcpid236489|	22	65	MBT	PF02820.24	1.5e-06
Pvan_XP_069970047.1	64	115	MBT	PF02820.24	3.3e-06
Pvan_XP_069970045.1	64	115	MBT	PF02820.24	3.3e-06
Pvan_XP_069970044.1	64	115	MBT	PF02820.24	3.3e-06
Pvan_XP_069970043.1	64	115	MBT	PF02820.24	3.4e-06
Pvan_XP_069970042.1	64	115	MBT	PF02820.24	3.4e-06
Pvan_XP_069970040.1	59	110	MBT	PF02820.24	3.4e-06
Pvan_XP_069970041.1	64	115	MBT	PF02820.24	3.4e-06
Pvan_XP_069970039.1	64	115	MBT	PF02820.24	3.4e-06
Pvan_XP_069970038.1	64	115	MBT	PF02820.24	3.4e-06
Mlei_ML04738a-PA	21	60	MBT	PF02820.24	4.5e-06
Drer_NP_001004114.1	19	68	MBT	PF02820.24	4.4e-06
Drer_XP_005162050.1	19	68	MBT	PF02820.24	4.7e-06
Tadh_XP_002117097.1	15	62	MBT	PF02820.24	2.1e-06
Skow_XP_006821213.1	203	254	MBT	PF02820.24	5.2e-06
