Aque_XP_019848756.1	LOC100631436	228622_232300	768
Aque_XP_019848757.1	LOC100631436	228622_232300	767
Aque_XP_019850257.1	LOC100633673	164567_170282	845
Cowc_XP_004365590.1	CAOG_00719	2315426_2319026	949
Hsap_NP_001009999.1	KDM1A	23019468_23083689	876
Hsap_XP_006710536.1	KDM1A	23019468_23083689	828
Hsap_NP_001397691.1	KDM1A	23019468_23083689	878
Hsap_XP_016856205.1	KDM1A	23019468_23083689	822
Hsap_XP_005245843.1	KDM1A	23019468_23083689	872
Hsap_XP_047305633.1	KDM1A	23019468_23083689	808
Hsap_NP_001350583.1	KDM1A	23019468_23083689	858
Hsap_NP_001397692.1	KDM1A	23019468_23083689	802
Hsap_NP_055828.2	KDM1A	23019468_23083689	852
Hsap_XP_016865929.1	KDM1B	18155422_18223854	832
Hsap_XP_016865930.1	KDM1B	18155422_18223854	831
Hsap_XP_016865934.1	KDM1B	18155422_18223854	700
Hsap_XP_047274313.1	KDM1B	18155422_18223854	699
Hsap_XP_005248982.1	KDM1B	18155422_18223854	823
Hsap_NP_001351543.1	KDM1B	18155422_18223854	822
Hsap_XP_011512687.1	KDM1B	18155422_18223854	691
Hsap_XP_011512688.1	KDM1B	18155422_18223854	690
Hsap_NP_694587.3	KDM1B	18155422_18223854	590
Hsap_XP_005248985.1	KDM1B	18155422_18223854	678
Hsap_XP_047274315.1	KDM1B	18155422_18223854	677
Hsap_XP_016865931.1	KDM1B	18155422_18223854	802
Hsap_XP_047274308.1	KDM1B	18155422_18223854	793
Hsap_XP_047274309.1	KDM1B	18155422_18223854	792
Hsap_XP_047274316.1	KDM1B	18155422_18223854	660
Hsap_XP_047274317.1	KDM1B	18155422_18223854	648
Hsap_XP_047274318.1	KDM1B	18155422_18223854	647
Hsap_XP_016865932.1	KDM1B	18155422_18223854	832
Hsap_XP_047274310.1	KDM1B	18155422_18223854	831
Hsap_XP_047274311.1	KDM1B	18155422_18223854	823
Hsap_XP_047274312.1	KDM1B	18155422_18223854	822
Hsap_XP_047274319.1	KDM1B	18155422_18223854	691
Hsap_XP_047274320.1	KDM1B	18155422_18223854	690
Hsap_XP_047274321.1	KDM1B	18155422_18223854	677
Hsap_XP_047274314.1	KDM1B	18155422_18223854	792
Hsap_XP_047274322.1	KDM1B	18155422_18223854	661
Hsap_XP_047274323.1	KDM1B	18155422_18223854	647
Hsap_XP_047274324.1	KDM1B	18155422_18223854	455
Hsap_XP_016865935.1	KDM1B	18155422_18223854	464
Mbre_XP_001748941.1	MONBRDRAFT_28410	140513_145249	768
Mlei_ML06333a-PA	ML06333a	8183_24455	1211
Mlei_ML095310a-PA	ML095310a	126806_136083	807
Sarc_XP_014158170.1	SARC_03516	117797_119654	534
Scil_XP_065193477.1	LOC135824685	38695508_38712133	667
Scil_XP_065193469.1	LOC135824685	38695508_38712133	670
Scil_XP_065193484.1	LOC135824685	38695508_38712133	570
Scil_XP_065193488.1	LOC135824685	38695508_38712133	561
Scil_XP_065176492.1	LOC135806261	88857660_88878118	994
Scil_XP_065176493.1	LOC135806261	88857660_88878118	941
Scil_XP_065176494.1	LOC135806261	88857660_88878118	880
Scil_XP_065184780.1	LOC135815415	27689438_27707921	1194
Scil_XP_065184846.1	LOC135815472	28559721_28569461	560
Scil_XP_065184847.1	LOC135815472	28559721_28569461	559
Scil_XP_065184848.1	LOC135815472	28559721_28569461	550
Sros_XP_004995713.1	PTSG_03126	411305_413815	576
Sros_XP_004993174.1	PTSG_06283	848284_853776	660
Tadh_XP_002118392.1	TRIADDRAFT_34137	19761_24963	761
