Root,Clade_removed,Species_removed,Species_remaining,q13,q24,ratio,log2_ratio,change_in_log2_ratio,logLik_free_rates,logLik_q13_eq_q24,LR,P
S1,(none: full tree),0,125,1.15822589913627,0.360538781620267,3.21248630710732,1.6836903049803,0,-65.1847092818727,-66.451880471001,2.53434237825658,0.111393287663972
S1,Porifera,5,120,1.19108995174037,0.258921723084316,4.60019320724397,2.20169445536077,0.518004150380471,-60.8946713665266,-62.6226986880888,3.45605464312445,0.0630205188264124
S1,Platyhelminthes,7,118,1.56070204653214,0.363375771319537,4.29500855509634,2.10266100502678,0.418970700046479,-60.560912576816,-62.6290849734205,4.13634479320895,0.0419717061925313
S1,Cnidaria,13,112,1.18237933321916,0.291249004561446,4.059685405619,2.02136793397735,0.337677628997053,-56.1263494339795,-56.6042431684147,0.955787468870398,0.328250508949562
S1,Arthropoda,13,112,1.15003196936456,0.332904979007941,3.45453520338343,1.7884916136866,0.1048013087063,-59.458221614594,-60.5381915902005,2.15993995121319,0.141650225821526
S1,Annelida,4,121,1.15085459906866,0.384796223004814,2.99081573639631,1.5805390290209,-0.103151275959397,-64.7163235513542,-65.823458582553,2.2142700623977,0.136739723004856
S1,Echinodermata,6,119,1.14920877210081,0.389844679978354,2.94786316479839,1.55966955833784,-0.12402074664246,-64.6346595284182,-65.709450901697,2.14958274655763,0.142608641264211
S1,Chordata,12,113,1.14117522954263,0.415503918092991,2.7464848822129,1.45758635068892,-0.226103954291381,-64.1706531094828,-65.1087356165666,1.87616501416767,0.170770659805845
S1,Mollusca,13,112,1.12769221536809,0.453598667513214,2.48610125234823,1.31388505475161,-0.369805250228687,-63.6141266157836,-64.3799495548633,1.5316458781594,0.215865595762564
S1,Nematoda,29,96,0.802498226610269,0.327473355067654,2.45057563979359,1.29312067785191,-0.390569627128388,-45.4424602124906,-46.0727997725748,1.26067912016853,0.261522581553583
S3,(none: full tree),0,125,1.03048987592914,0.149524896922584,6.89176115240976,2.78487270298407,0,-64.8029046452897,-67.0098726322178,4.41393597385635,0.0356465032738867
S3,Arthropoda,13,112,1.01299381018517,0,NA,NA,NA,-57.7352513297744,-61.0642007709074,6.65789888226601,0.0098717243700996
S3,Platyhelminthes,7,118,1.54953835225845,0.152337507090576,10.1717455001882,3.34649536586112,0.561622662877048,-60.9388398891622,-64.1714405412765,6.46520130422851,0.0110007179501011
S3,Porifera,5,120,1.03090088795298,0.143792718501906,7.16935390535314,2.8418431106228,0.0569704076387252,-60.8073049441222,-63.126254936079,4.6378999839136,0.0312732486213033
S3,Annelida,4,121,1.02968858302958,0.159818000833217,6.44288238910049,2.68770625947917,-0.0971664435048982,-64.4088402047397,-66.442875220453,4.06807003142649,0.0437011782868116
S3,Echinodermata,6,119,1.0295462490977,0.162225047961543,6.34640742619328,2.66594014225786,-0.118932560726209,-64.3402913362705,-66.3348026145124,3.98902255648375,0.0457976243897555
S3,Chordata,12,113,1.02870340094699,0.172711172281632,5.95620646514708,2.57439376417541,-0.210478938808661,-63.9422395335362,-65.7844773128622,3.68447555865203,0.0549212407973902
S3,Mollusca,13,112,1.02757216077212,0.188316381703491,5.4566265105394,2.44800929900964,-0.336863403974431,-63.480164721885,-65.1187324162025,3.27713538863487,0.0702514475354503
S3,Cnidaria,13,112,1.022923767403,0.229300664222531,4.46105889344601,2.15738619422708,-0.627486508756991,-56.816081527344,-57.8831083683896,2.13405368209135,0.144059339096664
S3,Nematoda,29,96,0.301370642816236,0.154988886573425,1.94446614514818,0.959374116411608,-1.82549858657246,-43.4614289270675,-43.5668715663075,0.210885278480006,0.646074415003793
