	Citrate_synt	Aconitase	Iso_dh	2-oxogl_dehyd	FumaraseC_C	Malate_synthase	2OGdep_Enz	ALKBH	DNA_methylase	Tet_JBP	HhH-GPD	UDG	Acetyltransf_1	GNAT_acetyltr_2	Hat1_N	HAT_KAT11	MOZ_SAS	Hist_deacetyl	SIR2	DOT1	SET	AOD	SWIRM	JmjC	MBD	SAD_SRA	ADD_ATRX	ADD_DNMT3	BAH	BIR	Bromodomain	Chromo	ING	MBT	MRG	PHD	PWWP	TTD	TUDOR	zf-CW	YEATS
Metazoa	0.187719298245614	0.18804920913884	0.187719298245614	0.187719298245614	0.184115523465704	0.417322834645669	0.187719298245614	0.185964912280702	0.0920353982300885	0.0342857142857143	0.184210526315789	0.177504393673111	0.187719298245614	0.187279151943463	0.180851063829787	0.186170212765957	0.187719298245614	0.187719298245614	0.187719298245614	0.185840707964602	0.187719298245614	0.187719298245614	0.187719298245614	0.187719298245614	0.163732394366197	0.0338266384778013	0.0275590551181102	0.0352422907488987	0.187719298245614	0.184534270650264	0.187719298245614	0.187719298245614	0.181978798586572	0.177504393673111	0.190647482014388	0.187719298245614	0.164912280701754	0.0300429184549356	0.187719298245614	0.0845986984815618	0.187719298245614
Premetazoa	0.846153846153846	0.846153846153846	0.846153846153846	0.846153846153846	0.769230769230769	0.833333333333333	0.846153846153846	0.846153846153846	0.769230769230769	0	0.769230769230769	0.769230769230769	0.846153846153846	0.846153846153846	0.846153846153846	0.846153846153846	0.846153846153846	0.846153846153846	0.846153846153846	0.846153846153846	0.846153846153846	0.846153846153846	0.846153846153846	0.846153846153846	0	0.181818181818182	0	0	0.846153846153846	0.769230769230769	0.846153846153846	0.846153846153846	0.846153846153846	0.307692307692308	0.846153846153846	0.846153846153846	0.846153846153846	0.181818181818182	0.846153846153846	0.0833333333333333	0.846153846153846
Fungi	0.981435643564356	0.981435643564356	0.981435643564356	0.97888198757764	0.969059405940594	0.979949874686717	0.985093167701863	0.950124688279302	0.85286783042394	0.0983606557377049	0.98019801980198	0.971534653465347	0.981435643564356	0.97029702970297	0.961586121437423	0.957920792079208	0.982651796778191	0.982651796778191	0.981435643564356	0.970074812967581	0.981435643564356	0.98019801980198	0.981435643564356	0.98019801980198	0.00126103404791929	0.576826196473552	0	0	0.978934324659232	0.946450809464508	0.981435643564356	0.981435643564356	0.962871287128713	0.0100882723833544	0.97639751552795	0.981435643564356	0.965217391304348	0	0.920099875156055	0	0.975247524752475
Amoebozoa	1	1	0.777777777777778	1	0.777777777777778	1	1	1	0.777777777777778	0	0.777777777777778	0.777777777777778	0.777777777777778	0.666666666666667	0.777777777777778	0	0.777777777777778	0.777777777777778	0.777777777777778	0.666666666666667	0.777777777777778	1	0.777777777777778	1	0.142857142857143	0.285714285714286	0	0.142857142857143	0.285714285714286	0	0.777777777777778	0.777777777777778	1	0	0.777777777777778	0.777777777777778	0.777777777777778	0	0.777777777777778	0	0.777777777777778
Malawimonada	0.666666666666667	0.666666666666667	0.666666666666667	0.666666666666667	0.666666666666667	0.666666666666667	0.666666666666667	0.666666666666667	0.5	0	0.666666666666667	0.666666666666667	0.666666666666667	0.666666666666667	0.333333333333333	0	0.666666666666667	0.666666666666667	0.666666666666667	0.666666666666667	0.666666666666667	0.666666666666667	0.666666666666667	0.666666666666667	0	0	0	0	0.666666666666667	0	0.666666666666667	0.666666666666667	0.666666666666667	0	0.666666666666667	0.666666666666667	0.666666666666667	0	0.666666666666667	0.666666666666667	0.666666666666667
Viridiplantae	1	1	1	0.990654205607477	0.990654205607477	0.97196261682243	1	1	1	0	1	0.981308411214953	1	1	0.981308411214953	1	0.990654205607477	1	1	0.0934579439252336	1	1	1	1	1	0.981308411214953	0.0280373831775701	0	1	0.00934579439252336	1	1	1	0	0.990654205607477	1	1	0	0.990654205607477	1	1
Rhodophyta	0.8	0.8	0.8	0.8	0.8	0	1	0.8	0.5	0	0.8	0.8	0.8	0.8	1	0	0.8	0.8	0.8	0	0.8	0.8	0.8	0.8	0.2	0	0	0	0.6	0	0.8	0.8	0.6	0.25	0.8	0.8	0.8	0	0.6	0.5	0.8
Chromista	0.7	0.714285714285714	0.7	0.714285714285714	0.843137254901961	0.84	0.888888888888889	0.961538461538462	0.307692307692308	0	0.714285714285714	0.7	0.714285714285714	0.685714285714286	0.630769230769231	0.74	0.671428571428571	0.714285714285714	0.714285714285714	0.941176470588235	0.714285714285714	0.714285714285714	0.830188679245283	0.714285714285714	0.2	0.192307692307692	0	0.02	0.647058823529412	0.0392156862745098	0.714285714285714	0.7	0.796296296296296	0.12	0.8	0.714285714285714	0.901960784313726	0	0.742424242424242	0.623188405797101	0.72463768115942
Jakobea	1	1	1	1	1	0.666666666666667	1	1	0.666666666666667	0	1	1	1	1	1	0	1	1	1	0	1	1	1	1	0	0	0	0	1	0.666666666666667	1	1	1	0	1	1	1	0	1	0	1
Heterolobosea	1	1	1	1	1	0.5	1	1	0.5	0	1	1	1	1	1	0	1	1	1	0.5	1	1	1	1	0	0.5	0	0	1	0.5	1	1	1	0	0.5	1	1	0	1	0	1
