Aque_XP_003382573.1	LOC100640981	406229_408860	382
Aque_XP_019864243.1	LOC100637155	589278_594245	813
Aque_XP_019849210.1	LOC100635727	1583_4173	284
Aque_XP_019849209.1	LOC100635727	1583_4173	284
Aque_XP_019849212.1	LOC100635727	1583_4173	241
Aque_XP_019849211.1	LOC100635727	1583_4173	250
Aque_XP_019850041.1	LOC100639981	246390_261976	1415
Aque_XP_003385970.1	LOC100639023	66076_79419	1559
Aque_XP_019851977.1	LOC100641804	210565_218193	623
Aque_XP_019851976.1	LOC100641804	210565_218193	624
Aque_XP_019853293.1	LOC100634736	64170_66372	424
Aque_XP_011404618.2	LOC100632164	149497_156602	997
Aque_XP_003387667.2	LOC100637214	172578_174170	480
Aque_XP_003392033.1	LOC100631846	90_885	154
Cowc_XP_004349098.2	CAOG_02348	1154703_1163091	2076
Cowc_XP_004363982.1	CAOG_03143	1122538_1126062	956
Cowc_XP_011270466.1	CAOG_08826	1133683_1135851	508
Cowc_XP_004346810.1	CAOG_05125	644853_646891	458
Cowc_XP_004346999.1	CAOG_05314	1228401_1233516	1361
Hsap_NP_055478.2	KDM4A	43699724_43707341	1064
Hsap_NP_001386746.1	KDM5B	202724495_202808421	1539
Hsap_NP_001334520.1	KDM5B	202724495_202808421	1499
Hsap_NP_006609.3	KDM5B	202724495_202808421	1544
Hsap_NP_001300971.1	KDM5B	202724495_202808421	1580
Hsap_XP_011507393.1	KDM5B	202724495_202808421	1422
Hsap_XP_011507392.1	KDM5B	202724495_202808421	1422
Hsap_XP_047301058.1	KDM3A	189487217_189487991	1321
Hsap_NP_060903.2	KDM3A	189487217_189487991	1321
Hsap_XP_047301057.1	KDM3A	189487217_189487991	1321
Hsap_NP_001140160.1	KDM3A	189487217_189487991	1321
Hsap_XP_047301060.1	KDM3A	189487217_189487991	1321
Hsap_XP_047301059.1	KDM3A	189487217_189487991	1321
Hsap_XP_047301061.1	KDM3A	189487217_189487991	1036
Hsap_XP_006712114.1	KDM3A	189487217_189487991	661
Hsap_XP_047273269.1	KDM3B	138352685_138437027	1713
Hsap_NP_057688.3	KDM3B	138352685_138437027	1761
Hsap_XP_005272075.1	KDM3B	138352685_138437027	1561
Hsap_XP_011541791.1	KDM3B	138352685_138437027	1713
Hsap_XP_011541790.1	KDM3B	138352685_138437027	1717
Hsap_XP_016865073.1	KDM3B	138352685_138437027	1512
Hsap_NP_085150.1	KDM7A	140177261_140179640	941
Hsap_XP_047276835.1	KDM7A	140177261_140179640	826
Hsap_NP_005135.2	HR	22130458_22131010	1189
Hsap_NP_001140168.1	KDM4C	6720863_7175648	835
Hsap_NP_001340926.1	KDM4C	6720863_7175648	1089
Hsap_NP_055876.2	KDM4C	6720863_7175648	1056
Hsap_NP_001291268.1	KDM4C	6720863_7175648	1023
Hsap_XP_016869987.1	KDM4C	6720863_7175648	999
Hsap_NP_001291269.1	KDM4C	6720863_7175648	801
Hsap_NP_001140167.1	KDM4C	6720863_7175648	813
Hsap_NP_001340927.1	KDM4C	6720863_7175648	793
Hsap_XP_047278985.1	KDM4C	6720863_7175648	908
Hsap_XP_047278984.1	KDM4C	6720863_7175648	886
Hsap_XP_047278983.1	KDM4C	6720863_7175648	908
Hsap_XP_047278982.1	KDM4C	6720863_7175648	908
Hsap_XP_005252108.1	PHF2	4858494_4865164	1097
Hsap_NP_005383.3	PHF2	4858494_4865164	1096
Hsap_XP_006717206.1	PHF2	4858494_4865164	1062
Hsap_XP_047279431.1	PHF2	4858494_4865164	1061
Hsap_XP_047279430.1	PHF2	4858494_4865164	1094
Hsap_XP_016871386.1	JMJD1C	63465229_63466563	2358
Hsap_NP_001309187.1	JMJD1C	63465229_63466563	2321
Hsap_NP_001305083.1	JMJD1C	63465229_63466563	2358
Hsap_XP_047280729.1	JMJD1C	63465229_63466563	2358
Hsap_XP_047280728.1	JMJD1C	63465229_63466563	2358
Hsap_NP_001309181.1	JMJD1C	63465229_63466563	2502
Hsap_NP_116165.1	JMJD1C	63465229_63466563	2540
Hsap_XP_047280730.1	JMJD1C	63465229_63466563	2486
Hsap_XP_016871387.1	JMJD1C	63465229_63466563	2358
Hsap_NP_001309183.1	JMJD1C	63465229_63466563	2321
Hsap_NP_001269877.1	JMJD1C	63465229_63466563	2358
Hsap_NP_001305082.1	JMJD1C	63465229_63466563	2252
Hsap_XP_047282579.1	KDM2A	67119263_67258082	1075
Hsap_XP_006718543.1	KDM2A	67119263_67258082	1067
Hsap_NP_060509.2	KDM4D	94973709_94999519	523
Hsap_NP_001155102.1	KDM4E	95025258_95027596	506
Hsap_NP_001400684.1	KDM4F	95049422_95051338	638
Hsap_NP_001036068.1	KDM5A	280057_389320	1690
Hsap_XP_047285638.1	KDM2B	121580511_121596094	1375
Hsap_XP_047285637.1	KDM2B	121580511_121596094	1396
Hsap_XP_011537169.2	KDM2B	121580511_121596094	1399
Hsap_XP_047285640.1	KDM2B	121580511_121596094	1365
Hsap_XP_047285639.1	KDM2B	121580511_121596094	1368
Hsap_XP_047285652.1	KDM2B	121580511_121596094	1321
Hsap_XP_047285646.1	KDM2B	121580511_121596094	1359
Hsap_XP_047285644.1	KDM2B	121580511_121596094	1362
Hsap_XP_047285663.1	KDM2B	121580511_121596094	1279
Hsap_XP_047285662.1	KDM2B	121580511_121596094	1282
Hsap_XP_047285664.1	KDM2B	121580511_121596094	1277
Hsap_XP_047285655.1	KDM2B	121580511_121596094	1313
Hsap_XP_047285654.1	KDM2B	121580511_121596094	1315
Hsap_XP_047285649.1	KDM2B	121580511_121596094	1336
Hsap_XP_047285661.1	KDM2B	121580511_121596094	1296
Hsap_XP_047285659.1	KDM2B	121580511_121596094	1298
Hsap_XP_047285648.1	KDM2B	121580511_121596094	1334
Hsap_NP_115979.3	KDM2B	121580511_121596094	1336
Hsap_XP_047285656.1	KDM2B	121580511_121596094	1368
Hsap_NP_001005366.1	KDM2B	121580511_121596094	1265
Hsap_XP_047285665.1	KDM2B	121580511_121596094	1267
Hsap_XP_047285658.1	KDM2B	121580511_121596094	1303
Hsap_XP_005254012.1	KDM2B	121580511_121596094	1305
Hsap_XP_047285657.1	KDM2B	121580511_121596094	1366
Hsap_XP_047285667.1	KDM2B	121580511_121596094	1259
Hsap_XP_047285666.1	KDM2B	121580511_121596094	1261
Hsap_XP_047285660.1	KDM2B	121580511_121596094	1297
Hsap_XP_005254013.1	KDM2B	121580511_121596094	1299
Hsap_XP_047285653.1	KDM2B	121580511_121596094	1317
Hsap_XP_047285669.1	KDM2B	121580511_121596094	1219
Hsap_XP_047285671.1	KDM2B	121580511_121596094	1181
Hsap_XP_047285670.1	KDM2B	121580511_121596094	1217
Hsap_XP_047285668.1	KDM2B	121580511_121596094	1233
Hsap_NP_005081.1	JMJD7-PLA2G4B	41828092_41848143	1012
Hsap_NP_001185517.1	JMJD7-PLA2G4B	41828092_41848143	893
Hsap_NP_001108104.1	JMJD7	41828092_41837581	316
Hsap_NP_079049.2	KDM8	27203526_27221768	416
Hsap_XP_016879165.1	KDM8	27203526_27221768	385
Hsap_XP_047290610.1	KDM8	27203526_27221768	320
Hsap_XP_047290611.1	KDM8	27203526_27221768	310
Hsap_NP_001138820.1	KDM8	27203526_27221768	454
Hsap_XP_047290612.1	KDM8	27203526_27221768	199
Hsap_XP_047290613.1	KDM8	27203526_27221768	199
Hsap_XP_047290614.1	KDM8	27203526_27221768	164
Hsap_NP_001335645.1	KDM6B	7834217_7854796	1643
Hsap_NP_001073893.1	KDM6B	7834217_7854796	1682
Hsap_NP_001074930.1	JMJD6	76712836_76726606	414
Hsap_NP_055982.2	JMJD6	76712836_76726606	403
Hsap_XP_047291644.1	JMJD6	76712836_76726606	361
Hsap_XP_047291645.1	JMJD6	76712836_76726606	335
Hsap_XP_005259578.2	KDM4B	4969113_5153598	1130
Hsap_NP_055830.1	KDM4B	4969113_5153598	1096
Hsap_XP_011526116.1	KDM4B	4969113_5153598	1038
Hsap_XP_016881993.1	KDM4B	4969113_5153598	473
Hsap_NP_001357022.1	KDM4B	4969113_5153598	448
Hsap_NP_001357023.1	KDM4B	4969113_5153598	429
Hsap_XP_016881994.1	KDM4B	4969113_5153598	330
Hsap_XP_011526121.1	KDM4B	4969113_5153598	330
Hsap_XP_011526122.1	KDM4B	4969113_5153598	330
Hsap_XP_011526123.1	KDM4B	4969113_5153598	330
Hsap_XP_011526124.1	KDM4B	4969113_5153598	312
Hsap_NP_001398077.1	KDM4B	4969113_5153598	1130
Hsap_XP_047294426.1	KDM4B	4969113_5153598	1130
Hsap_XP_016881992.1	KDM4B	4969113_5153598	1130
Hsap_XP_047294428.1	KDM4B	4969113_5153598	1096
Hsap_NP_001406738.1	KDM6A	44873188_45112779	1489
Hsap_NP_001278344.1	KDM6A	44873188_45112779	1453
Hsap_NP_001406739.1	KDM6A	44873188_45112779	1455
Hsap_NP_001406742.1	KDM6A	44873188_45112779	1419
Hsap_NP_001406741.1	KDM6A	44873188_45112779	1437
Hsap_NP_066963.2	KDM6A	44873188_45112779	1401
Hsap_NP_001406743.1	KDM6A	44873188_45112779	1403
Hsap_NP_001397671.1	KDM6A	44873188_45112779	1367
Hsap_NP_001406740.1	KDM6A	44873188_45112779	1444
Hsap_NP_001278345.1	KDM6A	44873188_45112779	1408
Hsap_XP_011542271.1	KDM6A	44873188_45112779	1410
Hsap_XP_016885272.1	KDM6A	44873188_45112779	1374
Hsap_XP_011542274.1	KDM6A	44873188_45112779	1392
Hsap_NP_001278346.1	KDM6A	44873188_45112779	1356
Hsap_NP_001406744.1	KDM6A	44873188_45112779	1358
Hsap_NP_001278347.1	KDM6A	44873188_45112779	1322
Hsap_NP_001278350.1	KDM6A	44873188_45112779	1105
Hsap_XP_011542276.1	KDM6A	44873188_45112779	1293
Hsap_XP_024308207.1	KDM6A	44873188_45112779	1314
Hsap_XP_047298385.1	KDM6A	44873188_45112779	1226
Hsap_XP_047298384.1	KDM6A	44873188_45112779	1314
Hsap_NP_001340911.1	KDM5C	53176277_53225207	1448
Hsap_NP_001340908.1	KDM5C	53176277_53225207	1451
Hsap_NP_001340910.1	KDM5C	53176277_53225207	1449
Hsap_NP_001340913.1	KDM5C	53176277_53225207	1444
Hsap_NP_001140174.1	KDM5C	53176277_53225207	1379
Hsap_NP_001269551.1	KDM5C	53176277_53225207	1559
Hsap_NP_001340907.1	KDM5C	53176277_53225207	1557
Hsap_NP_004178.2	KDM5C	53176277_53225207	1560
Hsap_XP_005262053.1	PHF8	53936680_54048936	1085
Hsap_XP_011529080.1	PHF8	53936680_54048936	1085
Hsap_XP_047297890.1	PHF8	53936680_54048936	1060
Hsap_XP_005262057.1	PHF8	53936680_54048936	984
Hsap_NP_001171825.1	PHF8	53936680_54048936	1060
Hsap_XP_047297891.1	PHF8	53936680_54048936	1049
Hsap_NP_001171826.1	PHF8	53936680_54048936	948
Hsap_NP_055922.1	PHF8	53936680_54048936	1024
Hsap_XP_005262056.1	PHF8	53936680_54048936	1049
Hsap_NP_001171827.1	PHF8	53936680_54048936	878
Hsap_XP_047297893.1	PHF8	53936680_54048936	830
Hsap_XP_047297892.1	PHF8	53936680_54048936	931
Hsap_XP_011529750.1	UTY	13233895_13480670	1531
Hsap_XP_011529749.1	UTY	13233895_13480670	1537
Hsap_XP_011529747.1	UTY	13233895_13480670	1553
Hsap_XP_011529748.1	UTY	13233895_13480670	1546
Hsap_XP_047298702.1	UTY	13233895_13480670	1560
Hsap_XP_011529745.1	UTY	13233895_13480670	1576
Hsap_XP_011529744.1	UTY	13233895_13480670	1582
Hsap_XP_011529743.1	UTY	13233895_13480670	1598
Hsap_NP_001387102.1	UTY	13233895_13480670	1485
Hsap_NP_001406735.1	UTY	13233895_13480670	1501
Hsap_NP_001387100.1	UTY	13233895_13480670	1515
Hsap_NP_001387099.1	UTY	13233895_13480670	1530
Hsap_XP_047298708.1	UTY	13233895_13480670	1394
Hsap_XP_047298710.1	UTY	13233895_13480670	1387
Hsap_XP_047298707.1	UTY	13233895_13480670	1403
Hsap_XP_047298705.1	UTY	13233895_13480670	1417
Hsap_XP_047298704.1	UTY	13233895_13480670	1439
Hsap_NP_001245194.1	UTY	13233895_13480670	1264
Hsap_NP_001245190.1	UTY	13233895_13480670	1389
Hsap_NP_001245179.1	UTY	13233895_13480670	1207
Hsap_NP_001245188.1	UTY	13233895_13480670	1331
Hsap_NP_001245193.1	UTY	13233895_13480670	1376
Hsap_NP_001245186.1	UTY	13233895_13480670	1223
Hsap_NP_001245199.1	UTY	13233895_13480670	1218
Hsap_NP_001245192.1	UTY	13233895_13480670	1290
Hsap_NP_009056.3	UTY	13233895_13480670	1347
Hsap_NP_001245196.1	UTY	13233895_13480670	1342
Hsap_NP_001245182.1	UTY	13233895_13480670	1306
Hsap_NP_001245180.1	UTY	13233895_13480670	1363
Hsap_NP_001245189.1	UTY	13233895_13480670	1377
Hsap_NP_001245187.1	UTY	13233895_13480670	1399
Hsap_XP_047298706.1	UTY	13233895_13480670	1415
Hsap_NP_001245183.1	UTY	13233895_13480670	1211
Hsap_NP_001245184.1	UTY	13233895_13480670	1268
Hsap_NP_001245197.1	UTY	13233895_13480670	1263
Hsap_NP_001245195.1	UTY	13233895_13480670	1367
Hsap_NP_001245185.1	UTY	13233895_13480670	1335
Hsap_NP_001245181.1	UTY	13233895_13480670	1392
Hsap_NP_001245198.1	UTY	13233895_13480670	1293
Hsap_NP_001245191.1	UTY	13233895_13480670	1320
Hsap_XP_011529755.1	UTY	13233895_13480670	1460
Hsap_XP_011529757.1	UTY	13233895_13480670	1455
Hsap_XP_047298709.1	UTY	13233895_13480670	1392
Hsap_XP_047298703.1	UTY	13233895_13480670	1444
Hsap_XP_011529756.1	UTY	13233895_13480670	1460
Hsap_NP_001387110.1	UTY	13233895_13480670	1347
Hsap_NP_001387107.1	UTY	13233895_13480670	1387
Hsap_NP_001387104.1	UTY	13233895_13480670	1422
Hsap_NP_001387106.1	UTY	13233895_13480670	1422
Hsap_NP_001245178.1	UTY	13233895_13480670	1444
Hsap_XP_047298711.1	UTY	13233895_13480670	1363
Hsap_XP_011529761.1	UTY	13233895_13480670	1379
Hsap_NP_872600.1	UTY	13233895_13480670	1240
Hsap_XP_047298712.1	UTY	13233895_13480670	1178
Hsap_XP_016885559.1	UTY	13233895_13480670	1246
Hsap_NP_001140178.1	KDM5D	19703865_19744726	1482
Hsap_XP_047298722.1	KDM5D	19703865_19744726	1391
Hsap_XP_047298721.1	KDM5D	19703865_19744726	1417
Hsap_XP_047298719.1	KDM5D	19703865_19744726	1468
Hsap_XP_005262617.1	KDM5D	19703865_19744726	1494
Hsap_XP_047298720.1	KDM5D	19703865_19744726	1436
Hsap_XP_005262618.1	KDM5D	19703865_19744726	1462
Hsap_XP_011529770.1	KDM5D	19703865_19744726	1513
Hsap_NP_004644.2	KDM5D	19703865_19744726	1539
Hsap_NP_001140177.1	KDM5D	19703865_19744726	1570
Hsap_XP_047298723.1	KDM5D	19703865_19744726	1365
Hsap_XP_047298724.1	KDM5D	19703865_19744726	888
Hsap_XP_047298725.1	KDM5D	19703865_19744726	781
Hsap_XP_047298726.1	KDM5D	19703865_19744726	686
Mbre_XP_001750675.1	MONBRDRAFT_12766	114202_115825	506
Mbre_XP_001749742.1	MONBRDRAFT_34259	466028_474585	1275
Mbre_XP_001748049.1	MONBRDRAFT_27628	458679_464248	1087
Mbre_XP_001747476.1	MONBRDRAFT_27038	147996_149515	395
Mbre_XP_001746989.1	MONBRDRAFT_9266	831882_833589	461
Mbre_XP_001745341.1	MONBRDRAFT_1660	329881_331079	304
Mbre_XP_001743350.1	MONBRDRAFT_14782	891776_893284	316
Mbre_XP_001743130.1	MONBRDRAFT_17694	1745174_1748132	597
Mbre_XP_001742895.1	MONBRDRAFT_2560	3285370_3286764	217
Mlei_ML070265a-PA	ML070265a	435821_454246	1020
Mlei_ML04276a-PA	ML04276a	50452_63270	972
Mlei_ML04335a-PA	ML04335a	32789_38261	259
Mlei_ML05732a-PA	ML05732a	9268_11791	303
Sarc_XP_014161631.1	SARC_00163	128665_134194	491
Sarc_XP_014161452.1	SARC_00374	267308_268862	253
Sarc_XP_014159214.1	SARC_02495	58691_63369	460
Sarc_XP_014157534.1	SARC_04131	66820_68716	521
Sarc_XP_014155610.1	SARC_05980	48187_52517	354
Sarc_XP_014152309.1	SARC_09165	19374_31877	1461
Sarc_XP_014152310.1	SARC_09165	19374_31877	1469
Sarc_XP_014152308.1	SARC_09165	19374_31877	1299
Sarc_XP_014151949.1	SARC_09508	24125_27486	212
Sarc_XP_014149975.1	SARC_11416	7280_11521	337
Sarc_XP_014149136.1	SARC_12239	4194_8074	440
Sarc_XP_014147351.1	SARC_13989	416_2041	150
Sarc_XP_014147272.1	SARC_14070	412_2644	254
Scil_XP_065185461.1	LOC135816030	18043911_18081791	1586
Scil_XP_065195925.1	LOC135827332	43159125_43161923	336
Scil_XP_065175052.1	LOC135804996	67040789_67059090	1091
Scil_XP_065175051.1	LOC135804996	67040789_67059090	1097
Scil_XP_065177489.1	LOC135808252	2969969_2981669	725
Scil_XP_065177492.1	LOC135808252	2969969_2981669	604
Scil_XP_065177892.1	LOC135808604	10156079_10181785	1553
Scil_XP_065178094.1	LOC135808796	13161789_13183780	1561
Scil_XP_065178289.1	LOC135808967	16774037_16797136	752
Scil_XP_065178623.1	LOC135809251	22580970_22600537	596
Scil_XP_065185214.1	LOC135815802	34061446_34066976	407
Scil_XP_065185344.1	LOC135815918	35708281_35737437	1363
Scil_XP_065185446.1	LOC135816016	37878091_37882819	512
Scil_XP_065186832.1	LOC135817547	10148768_10156306	405
Scil_XP_065186999.1	LOC135817696	13752720_13763901	436
Scil_XP_065187051.1	LOC135817740	14612625_14652556	1496
Scil_XP_065187050.1	LOC135817740	14612625_14652556	1496
Scil_XP_065189801.1	LOC135820721	2446589_2532476	136
Sros_XP_004998744.1	PTSG_00195	914584_918534	350
Sros_XP_004998112.1	PTSG_00643	275805_280016	555
Sros_XP_004997244.1	PTSG_01273	912131_915014	568
Sros_XP_004996654.1	PTSG_02170	480072_483314	773
Sros_XP_004995856.1	PTSG_03275	1115009_1117234	442
Sros_XP_004995891.1	PTSG_03313	1274495_1281012	866
Sros_XP_004995940.1	PTSG_03365	1462553_1466520	599
Sros_XP_004995958.1	PTSG_03373	1552151_1555725	713
Sros_XP_004994251.1	PTSG_04935	1037579_1047073	2055
Sros_XP_004994314.1	PTSG_04999	1327532_1329148	451
Sros_XP_004993835.1	PTSG_05260	831919_835199	420
Sros_XP_004993443.1	PTSG_05575	675129_677155	579
Sros_XP_004991635.1	PTSG_07831	381060_384492	529
Sros_XP_004991404.1	PTSG_12613	503225_506245	547
Sros_XP_004991443.1	PTSG_07646	701135_705675	716
Sros_XP_004989734.1	PTSG_08936	67524_76013	1142
Tadh_XP_002117485.1	TRIADDRAFT_32600	639193_641825	368
Tadh_XP_002113920.1	TRIADDRAFT_27796	472172_474567	349
Tadh_XP_002114207.1	TRIADDRAFT_58435	5766125_5768599	475
Tadh_XP_002111819.1	TRIADDRAFT_23870	1057869_1059539	556
Tadh_XP_002111443.1	TRIADDRAFT_23466	2997315_3007271	1296
Tadh_XP_002109881.1	TRIADDRAFT_21598	3049118_3051324	405
Tadh_XP_002109902.1	TRIADDRAFT_53278	3441896_3444142	501
Tadh_XP_002107811.1	TRIADDRAFT_49617	4068219_4073135	387
Tadh_XP_002108617.1	TRIADDRAFT_51707	4123478_4126278	410
Tadh_XP_002108928.1	TRIADDRAFT_19587	9743339_9747957	390
Tadh_XP_002108337.1	TRIADDRAFT_49824	11737208_11743391	269
