,KDM1A,KDM1B
Hsap,1,1
Bmor,1,0
Dmel,1,0
Apimel,1,0
Agrpla,1,0
Btab,1,0
Pvan,1,0
Dpul,1,0
Smar,2,1
Lpol,1,1
Cscu,1,2
Hduj,2,0
Rvar,1,0
Cele,2,1
Otip,1,2
Diplco,2,3
Mbel,1,2
Hcon,1,1
Angcan,1,1
Hpol,0,2
Acey,2,2
Priarc,1,1
Mjap,1,1
Bxyl,1,1
Ddip,1,2
Mhap,2,0
Gpal,3,0
Srat,1,1
Scar,1,1
Psp.PS1159,3,1
Asuu,1,2
Ever,1,1
Sypmur,1,1
Avit,2,1
Bmal,2,1
Ovol,2,1
Dimm,2,1
Wban,2,1
Lloa,2,2
Lsig,2,1
Eela,2,1
Rcul,2,1
Sbat,2,1
Ttri,0,1
Tsui,0,2
Trimur,0,1
Tspi,0,4
Tnat,0,1
Tnel,0,1
Tbri,0,1
Aplcal,1,1
Cvir,2,1
Obim,1,1
Ofus,1,1
Hrob,1,1
Lana,1,3
Sman,1,0
Echgra,1,0
Smed,1,1
Plae,1,0
Avag,1,1
