abbreviation,tax_group,gs_group,tax_color,gs_color
Hsap,Human,Human,deepskyblue1,deepskyblue1
Tadh,Earlymetazoa,gs_neg,goldenrod1,magenta1
Mlei,Earlymetazoa,gs_neg,goldenrod1,magenta1
Emue,Earlymetazoa,gs_neg,goldenrod1,magenta1
Aque,Earlymetazoa,gs_neg,goldenrod1,magenta1
Twil,Earlymetazoa,gs_neg,goldenrod1,magenta1
Scil,Earlymetazoa,gs_neg,goldenrod1,magenta1
Lcom,Earlymetazoa,gs_pos,goldenrod1,chartreuse1
Mbre,Premetazoa,gs_neg,firebrick2,magenta1
Sros,Premetazoa,gs_neg,firebrick2,magenta1
Cowc,Premetazoa,gs_pos,firebrick2,chartreuse1
Pigchi,Premetazoa,gs_pos,firebrick2,chartreuse1
Pigvie,Premetazoa,gs_pos,firebrick2,chartreuse1
Pgem,Premetazoa,gs_pos,firebrick2,chartreuse1
Cper,Premetazoa,gs_pos,firebrick2,chartreuse1
Ihof,Premetazoa,gs_pos,firebrick2,chartreuse1
Cfra,Premetazoa,gs_pos,firebrick2,chartreuse1
Sarc,Premetazoa,gs_pos,firebrick2,chartreuse1
Awhi,Premetazoa,gs_pos,firebrick2,chartreuse1
Clim,Premetazoa,gs_pos,firebrick2,chartreuse1
