gene	orthogroup	orthogroup_support	reference_ortholog	reference_support
Clim_Clim_evm8s198	AOD.HG7.0:RETSAT	100.0	RETSAT	100.0
Pgem_Unigene3273_Pirum_gemmata|m.2252	AOD.HG7.0:RETSAT	100.0	NA	NA
Crei_XP_042919191.1	AOD.HG7.0:RETSAT	100.0	RETSAT	100.0
Clim_Clim_evm7s198	AOD.HG7.0:RETSAT	100.0	RETSAT	100.0
Cfra_CFRG0949T1	AOD.HG7.0:RETSAT	100.0	NA	NA
Avit_KAL4002945.1	AOD.HG7.0:RETSAT	100.0	RETSAT	97.0
Xtro_XP_002935591.3	AOD.HG7.0:RETSAT	100.0	NA	NA
Dimm_MCP9258462.1	AOD.HG7.0:RETSAT	100.0	RETSAT	97.0
Sros_XP_004989785.1	AOD.HG7.0:RETSAT	100.0	NA	NA
Bmal_XP_042932411.1	AOD.HG7.0:RETSAT	100.0	RETSAT	97.0
Mbre_XP_001742506.1	AOD.HG7.0:RETSAT	100.0	NA	NA
Hsap_XP_054188878.1	AOD.HG7.0:RETSAT	100.0	RETSAT	100.0
Sarc_XP_014159376.1	AOD.HG7.0:RETSAT	100.0	NA	NA
Drer_NP_001035093.2	AOD.HG7.0:RETSAT	100.0	NA	NA
Asuu_AgB11_g091_t02	AOD.HG7.0:RETSAT	100.0	RETSAT	97.0
Hsap_XP_047300784.1	AOD.HG7.0:RETSAT	100.0	RETSAT	100.0
Aplcal_XP_005089177.1	AOD.HG7.0:RETSAT	100.0	NA	NA
Cvir_XP_022341666.1	AOD.HG7.0:RETSAT	100.0	NA	NA
Sypmur_SMUV_0000257201-mRNA-1	AOD.HG7.0:RETSAT	100.0	RETSAT	97.0
Avit_KAL4002946.1	AOD.HG7.0:RETSAT	100.0	RETSAT	97.0
Mlei_ML15455a-PA	AOD.HG7.0:RETSAT	100.0	RETSAT	59.0
Lcom_lcpid65297|	AOD.HG7.0:RETSAT	100.0	NA	NA
Blan_XP_066301872.1	AOD.HG7.0:RETSAT	100.0	RETSAT	59.0
Lana_XP_013411802.1	AOD.HG7.0:RETSAT	100.0	RETSAT	59.0
Emue_Em0011g798a	AOD.HG7.0:RETSAT	100.0	RETSAT	20.0
Aplcal_XP_012934886.1	AOD.HG7.0:RETSAT	100.0	NA	NA
Dpul_XP_046451385.1	AOD.HG7.0:RETSAT	100.0	RETSAT	59.0
Xtro_NP_001121412.1	AOD.HG7.0:RETSAT	100.0	RETSAT	92.0
Xtro_XP_012814075.1	AOD.HG7.0:RETSAT	100.0	RETSAT	92.0
Spur_XP_030830557.1	AOD.HG7.0:RETSAT	100.0	RETSAT	59.0
Tadh_XP_002110482.1	AOD.HG7.0:RETSAT	100.0	NA	NA
Cbra_GBG60423.1	AOD.HG7.0:RETSAT	100.0	RETSAT	100.0
Drer_NP_001071261.1	AOD.HG7.0:RETSAT	100.0	RETSAT	100.0
Dpul_XP_046452889.1	AOD.HG7.0:RETSAT	100.0	RETSAT	59.0
Eela_EEL_0000679301-mRNA-1	AOD.HG7.0:RETSAT	100.0	RETSAT	97.0
Blan_XP_066291808.1	AOD.HG7.0:RETSAT	100.0	RETSAT	59.0
Lcom_lcpid63676|	AOD.HG7.0:RETSAT	100.0	RETSAT	33.0
Awhi_Unigene19690_Abeoforma_whisleri|m.13380	AOD.HG7.0:RETSAT	100.0	NA	NA
Ofus_CAH1788800.1	AOD.HG7.0:RETSAT	100.0	NA	NA
Drer_XP_003199610.1	AOD.HG7.0:RETSAT	100.0	NA	NA
Pigchi_Pchi_g442	AOD.HG7.0:RETSAT	100.0	NA	NA
Awhi_Unigene33215_Abeoforma_whisleri|m.20623	AOD.HG7.0:RETSAT	100.0	NA	NA
Lana_XP_013404166.1	AOD.HG7.0:RETSAT	100.0	NA	NA
Pgem_Unigene14698_Pirum_gemmata|m.9361	AOD.HG7.0:RETSAT	100.0	RETSAT	33.0
Asuu_AgB11_g091_t01	AOD.HG7.0:RETSAT	100.0	RETSAT	97.0
Blan_XP_066301640.1	AOD.HG7.0:RETSAT	100.0	RETSAT	59.0
Xtro_XP_012814076.1	AOD.HG7.0:RETSAT	100.0	RETSAT	92.0
Emue_Em0011g803a	AOD.HG7.0:RETSAT	100.0	RETSAT	20.0
Ggal_XP_424187.4	AOD.HG7.0:RETSAT	100.0	RETSAT	93.0
Cfra_CFRG6953T1	AOD.HG7.0:RETSAT	100.0	NA	NA
Pgem_Unigene30972_Pirum_gemmata|m.18436	AOD.HG7.0:RETSAT	100.0	NA	NA
Wban_VDM11387.1	AOD.HG7.0:RETSAT	100.0	RETSAT	97.0
Pvan_XP_027208937.1	AOD.HG7.0:RETSAT	100.0	RETSAT	59.0
Bmal_XP_042932412.1	AOD.HG7.0:RETSAT	100.0	RETSAT	97.0
Cper_Nk52_evm17s273	AOD.HG7.0:RETSAT	100.0	NA	NA
Pvan_XP_027208935.1	AOD.HG7.0:RETSAT	100.0	RETSAT	59.0
Ever_VDD87099.1	AOD.HG7.0:RETSAT	100.0	RETSAT	97.0
Cbra_GBG78855.1	AOD.HG7.0:RETSAT	100.0	RETSAT	100.0
Ggal_XP_024999764.1	AOD.HG7.0:RETSAT	100.0	NA	NA
Pigvie_Pvie_g9638	AOD.HG7.0:RETSAT	100.0	NA	NA
Ovol_OVOC9328	AOD.HG7.0:RETSAT	100.0	RETSAT	97.0
Ofus_CAH1788912.1	AOD.HG7.0:RETSAT	100.0	RETSAT	59.0
Blan_XP_066301641.1	AOD.HG7.0:RETSAT	100.0	RETSAT	59.0
Cint_XP_002122272.2	AOD.HG7.0:RETSAT	100.0	RETSAT	76.0
Lsig_VDK71239.1	AOD.HG7.0:RETSAT	100.0	RETSAT	97.0
Dpul_XP_046448959.1	AOD.HG7.0:RETSAT	100.0	RETSAT	59.0
Aque_XP_003383671.1	AOD.HG7.0:RETSAT	100.0	RETSAT	20.0
Cper_Nk52_evm37s1763	AOD.HG7.0:RETSAT	100.0	NA	NA
Lloa_XP_020301878.1	AOD.HG7.0:RETSAT	100.0	RETSAT	97.0
Cfra_CFRG2616T1	AOD.HG7.0:RETSAT	100.0	RETSAT	33.0
Blan_XP_066301934.1	AOD.HG7.0:RETSAT	100.0	RETSAT	59.0
Twil_T_wilhelma_c30567_g1_i1|m.36487	AOD.HG7.0:RETSAT	100.0	RETSAT	20.0
Dpul_XP_046452890.1	AOD.HG7.0:RETSAT	100.0	RETSAT	59.0
Pvan_XP_069976906.1	AOD.HG7.0:RETSAT	100.0	RETSAT	59.0
Plae_KAI0990331.1	AOD.HG7.0:RETSAT	100.0	RETSAT	100.0
Cowc_XP_004347666.2	AOD.HG7.0:RETSAT	100.0	NA	NA
Awhi_Unigene29196_Abeoforma_whisleri|m.17758	AOD.HG7.0:RETSAT	100.0	NA	NA
Apla_XP_022085438.1	AOD.HG7.0:RETSAT	100.0	RETSAT	59.0
Hsap_NP_060220.3	AOD.HG7.0:RETSAT	100.0	RETSAT	100.0
Spur_XP_030846244.1	AOD.HG7.0:RETSAT	100.0	RETSAT	59.0
Cvir_XP_022341649.1	AOD.HG7.0:RETSAT	100.0	NA	NA
Lana_XP_013411792.1	AOD.HG7.0:RETSAT	100.0	NA	NA
Hrob_XP_009013826.1	AOD.HG7.0:RETSAT	100.0	NA	NA
Drer_NP_001015061.1	AOD.HG7.0:RETSAT	100.0	RETSAT	100.0
Ccri_XP_005716627.1	AOD.HG7.1:CRTISO	100.0	CRTISO	100.0
Psat_XP_050885709.1	AOD.HG7.1:CRTISO	100.0	CRTISO	94.0
Ppur_KAA8497842.1	AOD.HG7.1:CRTISO	100.0	CRTISO	100.0
Tura_XP_048566837.1	AOD.HG7.1:CRTISO	100.0	CRTISO	100.0
Zmay_NP_001354198.1	AOD.HG7.1:CRTISO	100.0	CRTISO	100.0
Osat_XP_015617022.1	AOD.HG7.1:CRTISO	100.0	CRTISO	100.0
Smoe_XP_002975224.1	AOD.HG7.1:CRTISO	100.0	CRTISO	83.0
Qlob_XP_030927457.1	AOD.HG7.1:CRTISO	100.0	CRTISO	94.0
Ecur_TVT96855.1	AOD.HG7.1:CRTISO	100.0	CRTISO	100.0
Ppat_XP_024362655.1	AOD.HG7.1:CRTISO	100.0	CRTISO	100.0
Rchi_XP_040371806.1	AOD.HG7.1:CRTISO	100.0	CRTISO	94.0
Atri_XP_020531364.1	AOD.HG7.1:CRTISO	100.0	CRTISO	89.0
Ppat_XP_024357283.1	AOD.HG7.1:CRTISO	100.0	CRTISO	100.0
Bdis_XP_014752724.1	AOD.HG7.1:CRTISO	100.0	CRTISO	100.0
Sollyc_NP_001296161.1	AOD.HG7.1:CRTISO	100.0	CRTISO	94.0
Mpol_BFI37052.1	AOD.HG7.1:CRTISO	100.0	CRTISO	84.0
Zmay_NP_001148139.1	AOD.HG7.1:CRTISO	100.0	CRTISO	100.0
Mesc_XP_021619584.1	AOD.HG7.1:CRTISO	100.0	CRTISO	94.0
Atha_NP_172167.2	AOD.HG7.1:CRTISO	100.0	CRTISO	74.0
Atha_NP_001322209.1	AOD.HG7.1:CRTISO	100.0	CRTISO	87.0
Rchi_XP_040371807.1	AOD.HG7.1:CRTISO	100.0	CRTISO	94.0
Bnap_XP_048597890.1	AOD.HG7.1:CRTISO	100.0	CRTISO	100.0
Mtru_XP_013467775.1	AOD.HG7.1:CRTISO	100.0	CRTISO	94.0
Rchi_XP_040371805.1	AOD.HG7.1:CRTISO	100.0	CRTISO	94.0
Mtru_XP_039682901.1	AOD.HG7.1:CRTISO	100.0	CRTISO	94.0
Lsat_XP_023728825.1	AOD.HG7.1:CRTISO	100.0	CRTISO	94.0
Bdis_XP_003561798.1	AOD.HG7.1:CRTISO	100.0	CRTISO	100.0
Psat_XP_050885710.1	AOD.HG7.1:CRTISO	100.0	CRTISO	94.0
Sollyc_NP_001296160.1	AOD.HG7.1:CRTISO	100.0	CRTISO	94.0
Crei_XP_042915455.1	AOD.HG7.1:CRTISO	100.0	CRTISO	97.0
Smoe_XP_002977634.1	AOD.HG7.1:CRTISO	100.0	CRTISO	83.0
Atha_NP_001322208.1	AOD.HG7.1:CRTISO	100.0	CRTISO	87.0
Rchi_XP_024186430.1	AOD.HG7.1:CRTISO	100.0	CRTISO	94.0
Bdis_XP_003575945.1	AOD.HG7.1:CRTISO	100.0	CRTISO	100.0
Atha_NP_001322210.1	AOD.HG7.1:CRTISO	100.0	CRTISO	100.0
Ecur_TVU24913.1	AOD.HG7.1:CRTISO	100.0	CRTISO	100.0
Mtru_XP_024633039.1	AOD.HG7.1:CRTISO	100.0	CRTISO	94.0
Cbra_GBG88595.1	AOD.HG7.1:CRTISO	100.0	CRTISO	100.0
Bnap_XP_013716452.1	AOD.HG7.1:CRTISO	100.0	CRTISO	100.0
Cofcan_CDP10561.1	AOD.HG7.1:CRTISO	100.0	CRTISO	94.0
Sollyc_NP_001296159.1	AOD.HG7.1:CRTISO	100.0	CRTISO	94.0
Otau_XP_022839244.1	AOD.HG7.2:like:At1g57770	100.0	NA	NA
Ccri_XP_005716843.1	AOD.HG7.2:like:At1g57770	100.0	NA	NA
Ppur_KAA8497091.1	AOD.HG7.2:like:At1g57770	100.0	NA	NA
Ppat_XP_024358678.1	AOD.HG7.3:like:At1g57770	1.0	NA	NA
Crei_XP_042921496.1	AOD.HG7.4:like:At1g57770	1.0	NA	NA
Crei_XP_001695939.1	AOD.HG7.5:At1g57770	100.0	At1g57770	100.0
Tura_XP_048550048.1	AOD.HG7.5:At1g57770	100.0	At1g57770	86.0
Ppur_KAA8492436.1	AOD.HG7.5:At1g57770	100.0	At1g57770	100.0
Otau_XP_003082932.2	AOD.HG7.5:At1g57770	100.0	At1g57770	100.0
Mpol_BFI41343.1	AOD.HG7.5:At1g57770	100.0	At1g57770	99.0
Cofcan_CDO97627.1	AOD.HG7.5:At1g57770	100.0	At1g57770	58.0
Smoe_XP_024520537.1	AOD.HG7.5:At1g57770	100.0	At1g57770	96.0
Smoe_XP_024520535.1	AOD.HG7.5:At1g57770	100.0	At1g57770	96.0
Zmay_XP_035823893.1	AOD.HG7.5:At1g57770	100.0	At1g57770	86.0
Smoe_XP_024521226.1	AOD.HG7.5:At1g57770	100.0	At1g57770	96.0
Bnap_XP_013691930.1	AOD.HG7.5:At1g57770	100.0	At1g57770	100.0
Smoe_XP_002991055.2	AOD.HG7.5:At1g57770	100.0	At1g57770	96.0
Mesc_XP_021617244.1	AOD.HG7.5:At1g57770	100.0	At1g57770	58.0
Zmay_XP_035823894.1	AOD.HG7.5:At1g57770	100.0	At1g57770	86.0
Lsat_XP_023762630.1	AOD.HG7.5:At1g57770	100.0	At1g57770	99.0
Bnap_XP_022548300.2	AOD.HG7.5:At1g57770	100.0	At1g57770	100.0
Osat_XP_015628297.1	AOD.HG7.5:At1g57770	100.0	At1g57770	86.0
Mtru_XP_013458731.2	AOD.HG7.5:At1g57770	100.0	At1g57770	58.0
Bdis_XP_003559165.1	AOD.HG7.5:At1g57770	100.0	At1g57770	86.0
Qlob_XP_030955357.1	AOD.HG7.5:At1g57770	100.0	At1g57770	58.0
Mpol_BFI36049.1	AOD.HG7.5:At1g57770	100.0	At1g57770	99.0
Psat_XP_050920589.1	AOD.HG7.5:At1g57770	100.0	At1g57770	58.0
Bdis_XP_010236012.1	AOD.HG7.5:At1g57770	100.0	At1g57770	86.0
Sollyc_XP_004238986.1	AOD.HG7.5:At1g57770	100.0	At1g57770	73.0
Rchi_XP_024168624.1	AOD.HG7.5:At1g57770	100.0	At1g57770	58.0
Smoe_XP_024521225.1	AOD.HG7.5:At1g57770	100.0	At1g57770	96.0
Ppat_XP_024381898.1	AOD.HG7.5:At1g57770	100.0	At1g57770	96.0
Cbra_GBG70416.1	AOD.HG7.5:At1g57770	100.0	At1g57770	100.0
Ecur_TVU44082.1	AOD.HG7.5:At1g57770	100.0	At1g57770	86.0
Smoe_XP_024520534.1	AOD.HG7.5:At1g57770	100.0	At1g57770	96.0
Atri_XP_006858582.1	AOD.HG7.5:At1g57770	100.0	At1g57770	100.0
Smoe_XP_024520536.1	AOD.HG7.5:At1g57770	100.0	At1g57770	96.0
Lsat_XP_023762633.1	AOD.HG7.5:At1g57770	100.0	At1g57770	99.0
Bnap_XP_013730545.2	AOD.HG7.5:At1g57770	100.0	At1g57770	100.0
Atha_NP_176088.2	AOD.HG7.5:At1g57770	100.0	At1g57770	100.0
Zmay_NP_001347175.1	AOD.HG7.5:At1g57770	100.0	At1g57770	86.0
Zmay_XP_035823892.1	AOD.HG7.5:At1g57770	100.0	At1g57770	86.0
