in_gene	out_gene	branch_support	ev_type	sos
Cowc_XP_004349024.1	Avag_UJR17156.1	97.0	S	0.0
Cowc_XP_004349024.1	Avag_UJR18114.1	97.0	S	0.0
Rvar_GAU95025.1	Hduj_OWA51242.1	97.0	S	0.0
Rvar_GAU91627.1	Hduj_OWA51242.1	97.0	S	0.0
Rvar_GAU91628.1	Hduj_OWA51242.1	97.0	S	0.0
Rvar_GAU91626.1	Hduj_OWA51242.1	97.0	S	0.0
Rvar_GAU95025.1	Avag_UJR18945.1	97.0	S	0.0
Rvar_GAU91627.1	Avag_UJR18945.1	97.0	S	0.0
Rvar_GAU91628.1	Avag_UJR18945.1	97.0	S	0.0
Rvar_GAU91626.1	Avag_UJR18945.1	97.0	S	0.0
Rvar_GAU95025.1	Hduj_OQV16299.1	97.0	S	0.0
Rvar_GAU91627.1	Hduj_OQV16299.1	97.0	S	0.0
Rvar_GAU91628.1	Hduj_OQV16299.1	97.0	S	0.0
Rvar_GAU91626.1	Hduj_OQV16299.1	97.0	S	0.0
Rvar_GAU95025.1	Hduj_OWA50772.1	97.0	S	0.0
Rvar_GAU91627.1	Hduj_OWA50772.1	97.0	S	0.0
Rvar_GAU91628.1	Hduj_OWA50772.1	97.0	S	0.0
Rvar_GAU91626.1	Hduj_OWA50772.1	97.0	S	0.0
Rvar_GAU95025.1	Hduj_OQV25469.1	97.0	S	0.0
Rvar_GAU91627.1	Hduj_OQV25469.1	97.0	S	0.0
Rvar_GAU91628.1	Hduj_OQV25469.1	97.0	S	0.0
Rvar_GAU91626.1	Hduj_OQV25469.1	97.0	S	0.0
Rvar_GAU95025.1	Hduj_OWA50753.1	97.0	S	0.0
Rvar_GAU91627.1	Hduj_OWA50753.1	97.0	S	0.0
Rvar_GAU91628.1	Hduj_OWA50753.1	97.0	S	0.0
Rvar_GAU91626.1	Hduj_OWA50753.1	97.0	S	0.0
Avag_UJR18114.1	Avag_UJR17156.1	100.0	D	1.0
Rvar_GAU91628.1	Rvar_GAU95025.1	100.0	D	1.0
Rvar_GAU91628.1	Rvar_GAU91627.1	100.0	D	1.0
Rvar_GAU91628.1	Rvar_GAU91626.1	100.0	D	1.0
Avag_UJR18945.1	Hduj_OWA51242.1	86.0	S	0.0
Avag_UJR18945.1	Hduj_OQV16299.1	86.0	S	0.0
Avag_UJR18945.1	Hduj_OWA50772.1	86.0	S	0.0
Avag_UJR18945.1	Hduj_OQV25469.1	86.0	S	0.0
Avag_UJR18945.1	Hduj_OWA50753.1	86.0	S	0.0
Rvar_GAU95025.1	Rvar_GAU91627.1	95.0	D	1.0
Rvar_GAU95025.1	Rvar_GAU91626.1	95.0	D	1.0
Hduj_OQV25469.1	Hduj_OWA50772.1	95.0	D	1.0
Hduj_OWA51242.1	Hduj_OWA50772.1	95.0	D	1.0
Hduj_OQV25469.1	Hduj_OQV16299.1	95.0	D	1.0
Hduj_OWA51242.1	Hduj_OQV16299.1	95.0	D	1.0
Hduj_OQV25469.1	Hduj_OWA50753.1	95.0	D	1.0
Hduj_OWA51242.1	Hduj_OWA50753.1	95.0	D	1.0
Rvar_GAU91626.1	Rvar_GAU91627.1	100.0	D	1.0
Hduj_OQV25469.1	Hduj_OWA51242.1	93.0	D	1.0
Hduj_OWA50753.1	Hduj_OWA50772.1	51.0	D	1.0
Hduj_OWA50753.1	Hduj_OQV16299.1	51.0	D	1.0
Hduj_OWA50772.1	Hduj_OQV16299.1	61.0	D	1.0
